6385
25622
26223
7376
18280
3250
8989
19650
27165
24687
31438
14961
31566
30117
23376
18945
1499
17861
18972
21911
31656
14898
3548
16584
19267
31570
4394
24658
30919
13796
25243
2570
15872
19092
30204
24854
30159
7116
2779
12892
22224
28110
23626
30010
16699
3328
32223
17528
9224
11910
2559
25467
15703
16150
1372
9147
14862
5128
7101
15991
30916
12973
6654
30375
29662
8674
18775
5938
5879
31205
4065
8545
902
9831
31317
16275
2234
3810
4887
20531
21161
6444
10868
7400
5290
14925
29736
4619
13055
2446
7716
2654
12216
2514
17550
763
24275
7465
26376
19338
9640
22179
17205
1719
18821
7778
14457
3812
4501
23539
6401
4890
16390
6879
3076
32838
9834
23932
25928
2722
22878
4617
5607
27505
18282
24058
6739
9967
14121
13201
2456
28296
28842
26030
10721
29512
5653
11752
11838
15507
28562
22748
420
22294
11878
3269
17206
28669
27487
24142
22466
12390
25715
10148
13455
27926
15780
21966
18262
32363
18727
8257
8078
21650
6852
24239
15596
7162
27264
28961
10027
1545
2682
28229
13065
2573
29715
3081
6290
12917
12369
30312
16032
19009
8070
2180
24483
32439
25644
7158
27550
18776
29972
25186
19314
13842
6848
32078
26975
22967
23565
18484
8904
3246
7700
2261
1846
15849
31571
31185
2208
29206
5640
25461
234
17178
27102
14036
12459
29627
24779
24345
6963
27548
12089
15643
25549
12143
15204
306
4161
10598
5123
22346
21661
21994
14890
6453
19509
10384
17007
31558
17385
15689
4428
26395
31142
10713
14020
30906
30000
906
11593
20960
24094
27937
32734
14229
29478
16657
7033
11780
1690
11247
20395
1674
9267
19238
17026
5133
17422
9196
23471
31119
12020
1652
27364
18178
30686
12645
3456
22622
11960
18828
5998
10994
12390
31181
842
7415
14341
20320
11718
19307
5491
9786
24653
541
11537
14792
28390
29188
9415
11747
27994
8660
25161
9217
16281
19667
16025
12456
2394
9193
4814
17705
16642
9463
531
24970
27079
31850
9458
8900
14613
9488
31187
33071
11056
14890
16063
21306
19228
12226
6250
26719
12730
25919
10865
20566
32819
17974
1248
8841
22937
28035
2807
22985
8140
32409
14126
6207
30619
10518
24694
26533
22572
2715
25794
18870
10654
25306
23750
11490
14060
19952
15614
6471
30485
30966
2035
10717
29050
1234
30138
9712
16775
2899
13501
20180
32149
31358
10174
13780
1295
14882
17688
11883
31188
20403
31560
12471
26845
29780
16045
16426
26144
20790
9356
10883
8116
22049
12119
13052
11317
24144
12335
32197
6250
6018
24999
20402
30757
24398
8139
30257
32363
2743
24929
27518
24789
19456
22126
2842
2614
10946
20476
27257
24702
16955
21787
10746
8671
14825
2342
21021
7470
11351
18247
4337
18827
28728
5949
27595
33092
30642
24413
14653
25591
14844
30679
30534
9207
23339
827
20935
17137
1609
12348
27958
464
11688
18611
18838
2013
9589
12775
20903
1323
19600
16907
27226
21554
14235
3848
5767
24250
4690
6781
738
18939
11034
32516
3628
11778
23772
696
8614
23638
19219
13044
28107
31196
9252
27997
24382
28664
24047
31266
24578
30965
8355
7042
14569
19367
21462
13967
10063
10830
33237
31026
31495
22718
1336
8560
20630
15805
13498
18923
15263
13229
33096
24492
30111
19563
14936
9503
25819
3190
27772
26207
3990
24916
3639
17076
20358
22321
28431
12123
22921
20938
7395
6021
28053
19593
13183
15777
17133
26097
19054
16862
1179
14909
29967
29164
29210
20804
2284
17923
30803
9120
7750
12071
22219
31503
32501
6826
9498
12825
30575
20210
19615
5876
15910
1405
19058
30116
25879
26145
19866
3430
2463
18329
1408
30031
13969
22845
13476
13361
11399
6673
23439
4030
1141
16641
4105
22256
24708
31339
21643
11176
7965
7902
1015
3989
17475
18210
9607
14423
3367
24952
15619
28388
25078
11298
27448
32299
6646
14630
29349
29944
17873
24400
29815
16152
29745
15478
31160
22973
9356
11519
7363
10020
23618
23718
26363
9588
4581
21628
14012
3306
25303
10796
16786
6451
18203
13443
1705
33305
14181
26928
17797
26466
31091
18376
19699
13301
1696
30221
13888
15423
16567
29039
24744
7125
26885
31187
16657
5723
3506
6548
23034
32676
24913
28359
28590
28442
12469
6596
19645
16993
27398
29922
10924
13111
28693
31105
4844
1183
6381
30286
19465
2878
11947
31426
10020
5381
17295
7148
16803
29712
8786
30321
3879
12494
18362
4561
16318
10083
6765
2283
22107
5194
21763
7108
899
21567
22110
3716
6216
23388
19518
31169
9595
10114
27664
28672
6942
12794
11783
7289
31768
9308
15982
16155
31276
21680
6461
10704
3628
19668
1002
8962
24682
24862
22913
20830
5488
6721
23799
5336
21233
30325
1468
28911
4351
17874
31375
27698
2941
9725
11926
2307
26584
24839
21678
15259
25330
13202
7424
33102
7007
15926
28885
32016
19412
9763
8363
15673
2524
10503
14471
3717
23757
10290
28302
32863
16635
28408
24527
32351
27435
14422
3940
8977
24651
14297
23481
10232
13664
10684
24107
5842
3007
11856
26837
8222
7552
29857
5798
15068
28208
30807
8631
29076
29638
22234
29660
32921
19416
32698
9594
10639
20751
17485
24216
24619
9433
2714
20024
13370
33117
10101
11239
7397
26548
9196
30611
2355
32342
29154
27549
22991
13266
21498
21807
10252
31171
31927
18128
32294
11263
10465
22837
25803
30737
14634
28250
27097
22762
3857
10962
1130
31443
12551
6492
31246
7078
31184
11446
10583
15166
22317
5046
23963
12332
23480
5014
4085
29867
10255
23696
14733
16343
28468
3242
6937
16153
6708
21716
7588
998
20231
29744
12430
31145
24248
32177
18645
30717
24262
7143
26002
17696
29129
18201
15815
7332
33624
8597
31575
3688
31531
28228
10070
18887
11133
21889
11139
10511
32436
27691
3347
4405
10308
12537
17585
31175
23761
29710
22466
12577
21908
23758
5869
12516
8959
33263
9691
5796
4772
18387
12347
5345
11347
30997
28682
28729
2690
19810
26897
23771
4594
21130
32175
20543
19600
27606
16600
6933
27546
23453
10590
24443
13570
2834
2671
14194
24599
1120
30048
8083
9570
21241
26792
31230
1486
15914
28720
15764
3341
4596
6858
9574
4918
27159
26878
29804
16819
13167
6413
8571
24410
22403
29744
32625
10202
18012
33057
13747
12889
21139
16348
7385
11099
5038
21159
21415
26086
17069
14416
8255
2020
17631
31670
29078
21960
22778
31882
5413
24948
6763
13655
29921
8282
20203
8896
29036
11490
12883
12298
11405
14092
13489
19674
22494
26711
24219
4159
23492
16097
20419
3314
27300
9167
3020
15069
21588
16623
2396
6619
11728
22940
14195
29119
8495
10979
27899
21399
31189
5860
30368
16434
16617
8058
14049
6111
32266
29726
3175
14200
28733
5896
29334
26271
21290
23960
4195
31560
1161
20469
10597
22136
7639
11252
9518
7755
22093
3899
8411
22844
16658
3238
16106
20129
15280
12521
10572
20597
8389
14967
31163
21082
4859
2211
31822
29150
29753
1541
32843
21502
23835
4640
11068
31721
10400
11841
33349
32518
26659
29098
7604
14903
21389
2288
15066
27744
2504
17570
8218
23075
13687
31531
1855
24302
27108
16890
33298
3896
19513
16864
3373
20487
23796
10937
17674
1974
30101
2638
29023
19445
20121
2682
23214
12561
8620
23180
7703
7798
15387
18413
29554
19570
5512
18947
6554
20283
16097
1364
23819
21300
15763
2543
27824
28268
9978
20744
28918
11111
4124
15842
6437
12578
9624
9714
4848
11345
32729
9281
8267
24043
1935
15378
16252
29416
32352
3781
6517
2378
32730
10491
10849
1626
3757
11003
22653
8756
33303
20564
27945
19589
26527
6852
9279
20116
11526
9305
17827
20095
9851
23766
32027
6087
17678
13912
25697
19727
4455
1337
29559
26401
16056
5941
19259
9522
27120
17867
3643
21095
22834
2022
15306
33944
20357
18109
16724
14419
18637
31224
13806
28196
12794
20244
29745
11539
29055
24584
1609
3695
21509
15657
6217
14026
12641
20043
25793
24645
24004
20265
20371
23054
15154
27399
8962
8486
32566
15253
8972
30312
32979
12055
27386
5575
8893
6595
18741
29399
11722
30314
3419
7823
12195
6747
31890
14925
12735
24709
24605
7194
23698
4059
25133
2095
23297
33021
11513
9145
4634
18196
32784
34010
33026
24573
12270
33776
23854
12203
17358
12825
16086
19142
9664
6391
29095
21656
6395
10160
15801
29738
27252
28985
15552
9386
4016
8149
3974
25872
10198
16856
1945
2818
4872
21425
6464
15604
5107
11047
10676
22419
12197
10211
3469
16996
16287
19759
19323
30632
27180
10493
30518
17284
29937
11307
14520
32350
9668
22533
21417
18058
9666
25868
17179
32038
6811
18166
15735
2626
27185
12789
13495
11333
23650
34108
9942
22155
3873
16064
21125
25427
28876
23611
9248
7385
13497
19831
28384
25023
30227
23497
18002
26801
31972
10971
3080
26441
22898
13999
1422
8240
18895
29409
3743
7303
7596
28461
15257
5253
3182
9520
32815
19297
12676
21363
11870
25202
8951
2469
24994
26517
22082
18984
10857
8911
18277
25808
3528
26419
5685
28391
11629
27398
3574
31860
11221
27426
19243
32444
8383
7576
29613
27658
12768
14233
13563
5292
9176
2711
31953
18750
30565
31911
8188
13867
26326
24618
25452
6256
22467
28332
7051
12195
5372
27404
21965
4404
25791
11997
16520
16628
20270
9997
17671
13011
10495
33732
2010
6638
13942
8079
17263
10441
31376
25022
12519
9944
1666
8203
29474
32581
23905
17276
14364
11501
16419
13450
33917
10156
30150
21122
23915
14042
25551
31276
17571
19733
2806
24491
15048
20801
15392
16292
15354
30926
6541
11170
27307
5945
14419
30137
23726
1750
30219
32618
16017
3788
22218
28615
16685
27233
32595
5335
34171
21880
8074
29756
31402
16983
24876
20243
25198
7342
11966
7452
28570
15829
26307
17179
13041
30294
20274
2174
19001
20651
23847
4159
34194
29001
9433
22796
30470
14301
34252
2214
8289
34261
26440
1671
13123
20002
6409
10695
6003
21052
11320
32320
11126
12391
22682
25841
29537
10038
16904
5024
10731
12877
12831
14275
26566
25706
6712
16545
21808
8871
29082
5301
6597
9465
17391
13907
32407
24573
33781
7054
30336
15348
30326
15704
32951
15627
18810
8683
6562
32993
11195
26216
11755
13635
30809
3006
17366
27706
19151
2766
20178
28999
3878
29645
24910
33773
25193
7401
12493
7024
22360
9263
8253
6109
29536
18604
17540
33866
30667
24274
5981
20063
19253
25630
19554
5909
5951
30200
31849
32958
28295
12251
6932
7750
3799
13493
27300
26552
5020
26513
25102
22531
11418
6003
14673
6143
11487
8835
4102
23211
34293
21614
25145
20153
33628
33802
16247
18764
23095
13369
30760
3584
24902
15375
13600
22571
34068
14903
11632
2402
19570
22418
28290
8511
33059
7458
27237
25186
20697
24871
16485
18614
31329
3975
29663
13557
23322
20851
34131
29039
28843
22600
8635
29703
8949
20403
23579
33150
27207
15129
9562
5620
9681
16950
30288
13995
13916
12548
24608
4367
12600
11998
30408
2803
16245
28901
18934
10270
32086
27555
24606
26886
28162
18414
26569
34523
22397
7951
4912
12487
6871
16932
21001
11893
23715
4291
23969
3024
4523
8928
19243
12813
17378
18929
6231
4587
9114
11599
26151
17209
14583
34272
22015
15769
18852
15603
15611
3717
18116
29291
8580
12431
22316
11808
14118
26605
20943
16514
19612
18484
15481
5760
24621
18276
8897
33960
20028
33317
22841
19855
19994
5456
32999
26483
12574
12465
24313
17695
6136
18188
23732
9743
4674
32605
17326
12757
23640
19300
2621
25275
12138
18273
17455
33706
22479
18205
3003
17738
34204
13353
30392
11883
2934
8554
27661
27556
32676
14294
28009
16953
29544
24696
10548
10818
13456
20410
26821
21514
19784
21987
11989
7350
13874
6367
6707
13863
28345
6975
24762
34337
28578
13440
30337
32940
11235
24208
13649
33210
5049
31886
6236
27147
19957
32465
24619
33614
7062
2093
13017
28553
6557
30833
3199
10170
21789
32820
5103
19903
26002
8658
10149
21875
33139
17329
14074
18714
16651
14281
15259
11519
33668
23651
26426
18011
10821
14880
22915
18809
7806
17214
29266
13080
21760
6167
5155
20753
17491
29930
27338
15929
33026
11486
2660
21897
29754
22084
31373
24700
24723
3101
33235
33977
10542
26844
17771
13554
3840
7789
4387
10508
22637
20341
23448
8576
5913
3548
23209
31233
32763
8841
15403
20319
2483
33388
22238
15531
17693
5314
26528
29596
9254
11924
12001
13361
8926
26497
33367
26520
34511
11198
9971
25167
10382
12123
34579
4489
31631
9928
6393
6099
18493
26775
2428
7415
19530
23683
32509
21792
13636
23474
2205
33600
10602
26167
3501
31407
21181
20955
20839
25621
8282
22045
24283
18825
12806
6519
28971
11770
8715
9187
11259
13262
8515
23198
14372
5834
6514
26924
6312
32050
18904
15260
19435
25649
4615
28173
3360
11130
24307
21873
18945
33840
28232
34193
8387
18180
23552
30802
31305
30109
11828
14902
5272
27452
21298
16421
4491
32928
17873
19054
24007
10023
19457
30985
33778
16183
33702
29983
16416
11740
12711
21451
26510
30130
34625
5667
30867
22278
20898
27250
26323
15160
18355
4808
30646
28515
27189
5301
17177
29248
10767
5713
11331
22856
18662
3199
26394
4377
10223
7795
23958
32027
30977
25202
2423
14947
34287
22489
5683
2520
33300
16993
24371
9620
6703
19105
7742
34189
13938
34773
24118
22388
8917
22237
34306
11741
4528
8841
4043
10913
11401
33043
16491
10368
10026
19181
29474
10251
2295
3773
19851
33730
8319
34471
28623
12153
21841
29386
29977
34560
19473
32013
22602
28674
4299
2587
4333
21294
15238
7084
31853
12437
17181
10247
26501
21331
29258
2756
19449
26738
13060
29399
5764
32011
9227
29130
2321
10158
11457
4170
3374
24836
33595
3045
2749
20403
22680
8722
5868
2946
8081
3186
3944
7102
8530
4693
30158
13532
21640
21376
8035
31071
10940
12334
3332
16893
18399
29268
32608
12541
22566
7209
7012
5347
30744
32742
13047
24143
25317
33994
34280
11555
23289
15714
3876
14564
32977
13063
12845
6243
3085
2728
23751
11420
6855
26314
28917
13022
2852
10956
2851
16940
4904
33648
30885
14308
2767
22679
29280
22430
7257
3148
28615
8791
20197
11012
9738
10447
8001
28964
34697
23855
6913
18884
22415
10223
12750
10931
9789
17399
12545
29115
18628
9732
7537
10022
8664
29518
24456
18816
20065
19304
30109
34463
2675
26983
8317
34273
25216
24646
15947
10165
33996
30345
18315
24157
18210
25889
8825
33778
13510
32144
16543
20904
14506
31565
15014
23635
14308
33898
24173
14890
12384
7540
25432
13771
12242
5275
14571
12928
14063
10258
9111
9665
23773
27577
7123
18938
18152
12794
9071
28302
18550
31728
34085
35099
16189
13519
12914
27648
32691
15488
13220
17948
26054
34187
24115
20441
24014
19002
17748
18793
31168
7420
6348
11856
26276
22535
26114
16931
22089
12353
28505
23183
12599
28513
3516
2716
9445
6481
20603
4915
25132
32983
20309
15583
8188
3957
25302
32464
13902
17550
14051
5925
25945
12233
27539
30827
7433
27323
14400
12384
22701
21952
17630
11261
25328
7209
11660
31924
5642
17309
25705
33527
27703
19129
26025
8697
29800
6906
29160
24760
32569
20957
17085
7227
6180
9540
28051
12056
7924
26396
26804
12858
5500
27709
26279
15073
30088
23185
31676
14826
8980
8825
16869
24657
20156
10092
28359
11508
23668
23522
4113
34714
8825
21616
25101
3379
5256
5684
29813
29026
12109
9331
4487
6456
14366
4481
7003
21315
9449
5857
21365
20679
16491
30894
16535
17483
24227
14393
9944
18775
13703
23028
17914
31101
11765
17039
20985
21142
16620
28512
23008
21070
13564
3592
4320
27363
20475
14164
11683
13609
20730
20833
21470
33746
18039
23812
15398
15340
5333
12904
3588
5803
16649
28921
8267
12393
21397
9857
5033
35051
26554
29073
31613
22758
15081
8995
35048
24769
20604
9085
27687
5277
32163
7769
24608
18835
29089
14914
5178
18492
3640
24385
26738
26743
9313
20665
12204
6758
26945
7824
27718
32954
14169
12687
15091
32817
28669
30476
24519
26716
4359
28614
10638
6566
21196
9744
8034
19602
25167
20274
11389
24132
2997
7180
15947
17987
26873
31996
35011
6525
26849
23810
25848
16012
16945
6178
32235
14135
10014
12554
16292
9020
19717
35317
15489
24653
7261
9423
31949
27480
7403
11930
27796
26379
29236
23056
23478
27544
31800
19850
17467
33717
28765
10272
19174
31463
32426
25106
11789
24833
22325
3175
5800
26343
9183
13267
32679
30872
19006
27358
10121
14444
35291
16195
16426
16282
19102
7830
20700
18428
12166
28202
32442
8983
16797
23090
12089
8790
18220
8230
14592
21654
6955
22633
5882
15591
6395
33576
20905
26257
28760
23685
4797
31318
30089
15349
5861
14583
16857
33510
29157
32506
14411
24230
22761
13737
17034
24960
26392
21854
23071
14120
4205
23806
12774
30809
14018
25284
5059
25020
5422
8768
18065
29196
30097
11167
4187
13176
25709
6188
10447
13384
22264
26647
12271
29380
30575
28021
32010
16465
2988
26761
23019
24542
10747
14658
32336
25470
12330
18948
24478
3414
12511
6060
10450
14266
19246
31438
28347
34963
8299
5696
29799
29700
23613
3805
5083
21069
33524
28803
7942
3311
31261
25694
19704
10001
32595
7273
34640
9506
33112
6193
11251
6080
3940
9949
5892
19928
21180
19051
35088
29199
18055
24636
15752
5985
8669
13011
17781
30984
10274
22746
31335
29088
21394
34149
7598
28040
3612
11643
30669
23691
27764
9939
3116
26304
8036
9179
13581
26798
3939
12542
15297
31412
22120
5927
16668
34729
3072
18305
35366
14015
6047
13442
34067
11437
32051
15399
6774
26637
22527
34689
7857
15618
30631
33648
30640
13343
21383
22191
19159
20612
18505
30992
18232
33098
21431
20489
24586
16930
17101
29808
2902
12088
34323
34179
22772
4190
8234
11563
30134
8038
25252
14722
28387
3535
27929
28562
18919
3493
8822
31584
17480
24994
34969
8489
20444
14489
17947
5099
7994
22549
12909
5415
22126
23101
11303
16869
13297
33530
10652
12538
17880
28764
14258
18054
32587
10810
23281
24768
16953
21785
34521
16886
12618
3151
8057
23503
24085
10089
14653
24532
10132
28361
35592
14638
23764
33684
18050
21425
30705
32459
19124
21530
34114
2999
25810
9621
35537
33163
4951
32899
33806
16453
32599
20089
17860
21717
8209
3980
24139
10369
15557
9420
17920
16264
16581
9230
29682
19205
5581
6383
10974
4631
30871
22293
4702
30271
31659
16824
28765
5897
11381
11361
5838
22767
3737
14578
22941
21370
24971
22247
8422
27306
25690
18395
27494
6040
3020
19790
21807
9306
24240
25509
30367
24359
27760
11890
12178
35003
4582
31222
13015
33277
32880
30181
26081
31968
15175
3432
26815
13447
32524
32872
23119
28844
18340
8714
11438
22594
26694
24694
7666
22361
27090
31197
10524
7235
9061
33466
33608
28661
16682
8536
31015
28079
11635
8852
16559
24032
4104
19428
4881
14404
22462
3736
8940
4431
33356
32864
17088
30414
5723
15631
20389
32716
33756
5534
13373
5042
24222
12404
6119
11443
10016
32484
3637
6503
5540
11256
23201
33206
7044
26733
7291
13048
3785
14334
30502
30554
13306
9190
35460
31876
6706
30368
20399
3449
32117
25841
11754
9150
9028
18472
23511
5054
25967
19877
24810
22637
24363
16280
19229
16940
28772
19211
27877
3309
35669
26403
14181
8599
32853
16802
34018
34476
15348
21681
26488
17449
11078
35293
20491
16045
14975
3679
8576
19934
8640
15520
33836
4616
29745
16124
3468
19720
9552
20422
4151
17001
30857
14989
10258
25292
3846
33438
22211
18061
34760
21194
17512
15267
26103
6762
30856
27336
12662
31648
8009
22491
34235
28383
12004
16770
33502
16301
33111
9235
21743
18087
13914
25525
17805
33990
29075
25026
35764
33762
18701
33136
19927
8308
30695
24497
35375
8352
10569
16983
22866
15475
28572
33404
16135
31593
15355
30241
32089
35634
27108
7445
7658
29621
13108
5401
9610
19542
8274
6465
9736
22132
18602
4253
8776
8502
30557
28697
30870
6792
34870
29602
18234
12640
4321
29322
32589
27974
10839
21294
6603
7955
28317
25046
8937
3833
32430
3804
4008
19395
9398
22545
4522
32606
26240
24924
23876
27801
7218
32932
5590
31273
24376
16624
21591
28400
25982
8397
31796
17279
7394
4081
21083
11481
6889
28701
35474
17529
13488
7496
16142
29079
21286
16633
34369
30632
22393
29941
6899
20004
9166
31002
19092
9611
7221
32907
7633
15786
13276
23053
28517
28955
23171
30641
25906
6667
24111
6580
32656
13375
5411
8355
13029
24665
25612
19138
16246
11352
29820
24751
15228
17759
12185
5443
33659
30391
20759
7353
33999
6678
9827
16146
5767
23842
20001
27063
21623
32817
35801
33889
12425
29267
33773
3382
11860
28306
29647
16437
31984
32376
14960
19923
25352
34258
17660
25830
12592
15284
13252
5059
11897
13501
19324
17571
13123
25244
34470
22860
26195
11475
23374
10733
20518
34491
35064
27465
14468
9929
33495
16407
33368
17167
19007
31145
31166
30470
19805
19405
18526
13962
7718
30705
33785
29222
5517
13194
35649
20626
14073
19894
9454
8570
26614
22559
5390
28033
20522
22307
7324
18310
30092
15667
5973
17190
26832
13689
11207
13442
5669
33214
16811
7490
3619
28554
12916
27354
23295
10381
26664
27147
13826
25149
24175
5037
12601
12481
14826
5805
10605
33038
27077
17234
5205
32336
34704
15300
32523
26251
26954
3534
20669
4738
6591
6627
9637
13528
11029
27487
22075
5237
6049
26128
32425
17963
9471
27893
6783
10649
32097
26181
34984
11600
29479
16563
35741
7733
8880
24049
6616
34343
26224
34419
4748
24033
20803
19061
10899
5665
8961
29759
9639
15370
27475
28584
12246
15558
20165
19161
27440
35953
8732
13395
34243
13362
20457
6708
27593
35755
15454
20149
27167
8596
7009
22008
21753
6050
27871
16641
34517
30126
4963
14850
19373
14355
14567
9691
35953
7512
30186
32481
20148
30479
28354
19678
23718
33276
23348
24154
10562
35194
11330
10009
17608
23067
17476
26597
30062
18319
30010
33678
18514
18887
14689
9518
11956
30041
23044
7089
31586
21287
30869
3733
21619
23356
11772
28655
27960
5878
13359
20399
7280
11882
19971
29732
8891
25860
24898
23491
13650
18798
30461
35876
8436
7347
5667
21069
6436
13477
11347
22579
34705
23932
30959
13182
28630
32447
11890
20877
15203
34664
15875
25786
33211
25923
33098
14047
8417
35735
13954
34073
14860
19720
33487
18635
26274
36028
28370
4582
14692
35517
4475
22120
24550
20382
23839
23331
30787
31586
17099
6592
28430
31641
8151
18435
31116
27852
10686
25681
32800
11035
19501
27503
36102
22053
11609
7052
4932
19496
19606
26754
8670
24681
28454
34137
22346
20695
20302
9996
10531
16107
16815
25744
21538
12242
17620
22547
34889
22478
12040
25986
9569
13530
28266
19021
7079
15501
3907
23150
17603
8512
31894
3752
18681
29299
12025
18444
25763
7277
15780
27842
8671
35619
34248
16902
23173
29787
23586
10097
5724
36113
31951
6010
6541
11802
11618
4412
14167
11271
17716
20346
15621
26188
4091
28896
35101
20898
16030
30091
8923
33193
23112
13772
26077
30162
28092
13865
5664
11644
22760
31909
28715
18269
33468
19266
35210
12324
23868
25539
5502
9308
28628
14518
25075
35220
23532
12210
8370
25277
4029
22750
20696
25555
7011
16306
23687
26816
23603
14594
16091
21373
29262
21048
17952
5498
13430
17889
17986
26688
5665
6507
20356
31061
13260
18476
15733
36191
31122
8103
12833
24205
6141
12555
20868
14899
15132
31741
20804
8628
14294
13975
12447
29349
9085
22193
11425
23087
35239
16479
17563
6069
13369
15802
25298
21175
14788
9188
32116
34807
17941
18758
17360
20954
20743
12572
11205
4112
14236
4148
29563
12919
27468
3826
27474
11069
11165
27800
7192
19526
32244
26564
7551
5069
22443
4155
12494
11341
11875
26084
29654
9122
25244
26904
16424
7531
14467
32793
35461
33972
21258
21983
22166
32978
25918
5659
4829
12685
36310
10870
28908
30341
4359
23833
36309
17870
25760
33907
32481
21982
16978
7222
5765
7849
13391
28579
30097
30218
20504
14600
15531
19301
5007
23175
29180
18059
6228
5144
28457
19933
4430
23249
27525
14261
18056
13670
30341
11009
33599
16876
30324
29489
10809
18658
32615
19284
25688
33137
5748
25725
7534
27379
13599
11116
17235
24499
8469
4458
31541
17651
27677
23669
16688
31796
12363
17053
9758
31153
23670
21678
8113
9261
9453
31759
7871
25070
27750
4074
24540
30474
14647
17805
10798
6369
35529
32785
28797
23275
9033
17209
34954
22708
6560
19868
27810
16676
18342
7687
15218
9988
26770
26653
27165
15038
31670
15424
23692
20836
16233
26293
22534
23796
22596
18946
33792
14811
30865
14491
27958
30135
7168
4542
16122
29537
11164
9628
9932
4139
7678
9401
5676
11878
26560
7829
22188
18728
20533
21388
9289
30028
32343
24059
16891
29625
20993
30372
15499
14568
23903
22612
20389
36256
4770
34499
8494
11524
31224
31931
18135
33744
33723
34172
18931
29920
19176
17760
7558
18162
23508
13755
15006
8108
21274
6149
22246
12257
26840
9275
27000
29968
15387
30338
29171
13357
29335
32782
13773
4516
32924
32578
26603
27292
11589
17176
28271
21368
9971
15812
15058
24484
15353
10900
26674
5774
35737
19227
5101
14834
17200
32654
9326
16731
15277
15982
29255
12007
35655
12135
34688
8522
24432
28025
26927
18197
13060
13397
8009
5945
13511
32010
28344
29382
29198
19936
31150
5113
6588
16772
14904
28278
27504
35174
35606
25810
9981
28512
13002
30548
4123
6808
9455
20477
23132
7079
28108
20421
4449
33787
31785
33064
20813
35961
15713
5089
25466
36711
16313
17910
4971
22922
20208
24052
20482
5771
16152
6780
27891
23712
22948
15102
6265
7016
8385
34245
22856
29206
23786
28468
10434
12497
10422
17999
32109
35163
28405
35453
22949
13041
36604
20107
12942
34163
6973
19701
17229
20421
26139
4449
8312
28021
20732
23405
8138
24478
4511
7850
26652
27916
25008
17384
15760
36256
19609
36789
24080
9462
36764
21024
33271
20550
16414
17347
21773
19336
11334
13312
31673
12764
10695
27786
30834
7464
18170
28199
34167
26883
4656
27317
14016
7378
27462
8299
30772
16688
4986
31330
15388
9364
28540
6740
28120
21293
12233
12195
31952
17937
21300
16285
5038
36247
14277
17150
20427
31489
11719
15542
36070
36191
16669
11757
6428
9648
11477
35653
25876
17993
11520
5983
33915
24955
8896
18080
4784
31600
16034
36917
20416
9046
9518
20564
35220
34751
16829
8133
9577
10824
15243
17570
23937
30329
16653
8283
34584
16365
7557
16124
29850
27571
19667
27571
18451
18675
33166
28301
18919
23765
20819
22400
6083
9630
31581
31406
16339
6429
32086
33256
7222
25157
27245
14193
33455
8731
14505
28165
7325
14291
30845
10778
31533
21557
10908
28774
15310
23622
10254
23969
20709
24357
20612
27532
17090
9011
29417
34610
31955
36470
9273
23662
31512
28224
30870
31405
27607
25099
21145
14069
6545
28072
15590
28455
12596
30361
33283
4737
14482
12475
30314
4966
18706
15912
10460
9826
25254
34395
27897
29289
27389
34965
29710
5727
11513
11648
26670
10206
27747
23570
15748
36659
25054
21941
11751
25769
13081
7589
4783
13067
15177
28569
37063
17252
14295
35237
19204
22025
11605
19807
36533
27865
6327
31809
11900
35524
16576
4942
32604
35978
15290
35320
11282
32453
32106
30786
21161
5418
33091
26658
8265
9996
25818
22057
24400
21793
34458
9573
11171
15497
31929
35463
16711
23308
30826
12865
6443
34980
26965
9970
18504
10811
30020
14725
21740
33205
6175
29078
30291
16177
32794
18647
29304
14220
31277
13747
36394
25639
33477
18737
17250
36843
20153
25626
12756
21898
24703
18270
32196
21255
32160
33716
37147
13944
6249
35969
29370
34827
33251
29179
10254
21831
30726
34446
21733
8596
25642
29567
36224
16382
23998
32975
36585
31286
17724
5218
20871
10457
35676
11360
10735
8437
30857
22748
27645
6858
34961
30899
17444
30157
11936
15799
15106
32243
5487
15373
5943
5675
12217
35028
4472
27692
11503
11271
36575
6514
9772
27045
21893
21891
5995
9743
28499
7543
30968
27057
12053
29879
36132
18404
35792
8965
13885
11539
18006
5053
26813
22557
36119
14938
36290
33531
4666
8251
27070
32419
18413
32680
23408
17964
14073
36880
34579
19762
9113
26516
16853
36220
29836
5578
20874
6108
36969
23482
21666
11351
9523
9517
26200
7558
36397
10024
21293
33596
19439
18355
29077
32874
17082
13022
29424
8255
13065
16646
16571
36499
8296
4693
14856
12165
6793
33672
25899
23139
7317
24565
27063
15307
30400
29900
26281
8976
30240
27037
30946
16095
16063
33306
34267
36131
35823
11551
7828
33317
19165
34031
36557
11000
17257
9409
27769
20244
17205
30587
15216
21825
32508
25533
31076
28599
7718
31009
9750
21379
9369
33473
7113
32556
11985
8954
19447
21655
13363
23664
13380
35368
17310
11346
8112
14122
28228
6624
34832
32625
21688
24362
11199
8765
35399
36634
11153
28770
17036
23732
17672
28070
32063
26525
31947
8555
9294
12762
19795
23182
20527
8923
11752
27278
9844
15288
34252
7153
34464
24762
24502
26595
31033
23581
29057
12065
5406
32276
19494
31253
20251
32270
18408
33858
26555
33080
32974
5859
27485
27203
30550
30415
30858
22119
10600
27040
16518
27560
14217
5652
30245
23640
27217
17332
7904
17373
11295
15795
31272
16564
19211
23832
29435
28598
5916
32288
20404
11418
12476
25821
5159
15292
7016
21796
18925
16668
26796
24998
8957
10410
36687
13917
10876
25537
17099
25130
30679
8177
24319
25532
6158
23297
15400
32179
8531
30772
32526
5637
9427
15052
14715
9377
29396
18893
28401
30035
25856
8451
20892
16616
8960
4934
19334
24978
5453
16893
10250
9870
31299
11745
29067
35587
20856
17668
22374
21550
37195
37393
12324
23228
23232
28885
27637
33655
8075
27646
35674
11045
28266
10275
28193
35245
22968
32773
36502
20604
11328
13845
31992
34855
24655
24374
12074
29010
36109
27331
30891
27856
15884
27604
16072
12044
26914
34749
15632
17063
30324
11736
28169
7778
36564
31877
27681
21055
9293
30574
24295
36835
26875
29456
18555
37439
10272
22903
18243
10351
13685
11336
8160
26594
26302
26629
9057
18876
19361
11405
17846
14200
6072
20194
30823
19154
29413
14383
7558
17636
9190
13834
9954
32911
18729
8182
13693
25628
5089
30252
19776
5667
14681
23963
28910
31148
36488
7469
14935
13717
33255
32844
17102
19252
26495
17061
28636
32828
19270
26923
30774
8165
15787
11359
13549
22343
20080
22479
37605
12551
10680
17117
14472
29750
35681
18114
13243
27254
31891
21971
17425
20831
36761
6146
5439
31521
36336
12455
32209
25194
19614
37249
5659
13706
6853
32503
15217
7381
32376
10660
21403
16456
13261
33043
25731
20592
8756
9159
21553
5768
15367
36991
25849
20450
31842
31928
16883
22664
30516
29810
12204
26914
12182
10039
13595
27674
10332
34394
20695
11775
25322
6269
36487
27943
16458
9813
37017
35993
30843
9394
25143
28201
7179
32697
9590
14309
21480
11124
29137
34992
21363
7566
30423
24621
12502
5207
14112
15839
6039
20238
28549
15246
35182
7008
32400
9964
8532
23596
24626
24184
36061
28041
37300
30115
12231
35338
29168
25649
9683
5441
29121
17635
5843
28545
10424
26451
37125
14056
8721
14623
23967
6557
30181
19017
33707
7511
33441
28894
27925
32799
23222
20438
25091
5718
14994
17724
20068
18937
6864
33679
34252
7972
12971
23143
31103
25045
32441
29275
5324
24819
8150
32803
13212
23183
9821
13050
26442
32105
7583
25158
32181
9142
27533
15995
32404
11040
22712
35133
37642
36367
21628
6341
35707
8743
18807
10885
30621
8210
5696
18703
34002
22655
32342
18739
5813
14954
10071
8807
19954
36510
30323
9837
29020
35961
25119
23599
27961
11248
35854
33262
23776
22738
14173
31387
21127
27473
28430
10885
20822
35262
28855
34613
11712
22420
12155
24214
18450
5560
33594
6490
21836
6143
22533
31896
10801
13297
29141
11962
15514
36045
6268
33686
20239
24781
16347
21467
31384
15274
32854
25519
35537
12899
29573
7318
24637
35899
18732
7830
19676
32000
10350
27801
7936
21651
12605
14354
20060
18341
12821
36835
32606
13759
26090
30335
20671
36997
20063
9035
10072
18491
32312
29515
27703
24968
26642
19706
28914
6266
34129
31609
28219
13515
26971
17644
20661
29539
5380
16418
18438
10525
7752
11636
19502
33486
32832
22255
36119
34436
10063
15285
32876
14859
36253
35488
33199
37558
31686
12329
14470
37467
16851
31624
14678
13728
31849
7965
37907
6005
14912
36879
17751
28130
5591
35123
15793
17411
5990
13615
29503
5457
29461
17375
12671
11810
30571
28407
7010
30068
16393
12778
37794
33766
32920
14603
32598
11271
31744
19442
5828
22483
31706
14114
14454
24443
23593
30953
29328
15717
32580
13703
13920
17268
15895
13970
27191
13705
10379
31128
19831
27978
10819
37383
25326
27426
26505
25162
21858
30856
26248
28725
35437
16261
22715
22691
22412
31600
6309
9821
36210
9981
12227
36926
19874
19318
30911
25237
24124
21831
12774
6091
28695
37312
37852
25670
35601
14871
16526
14732
5283
12204
7785
33964
9401
19857
29642
11226
7360
29514
22197
36697
13568
11473
17609
37278
29740
7134
30579
27314
17719
34404
18531
19160
8042
11871
14908
36976
29876
22221
31120
5403
23105
6650
27147
22048
8013
29953
37870
31758
17979
11408
34239
34211
37857
28395
32319
6637
10535
22324
29341
17839
23248
13801
17641
10246
15255
17070
16075
21068
35966
6989
9333
24381
34659
13307
29654
34136
14292
7389
9233
10376
22052
16586
31021
12036
22718
33107
16398
7540
12218
21504
34468
15957
24238
17629
9314
22686
26823
33333
9970
14756
17176
21918
30503
5691
16689
11829
18995
34590
12276
8235
13082
9361
37540
32129
26726
34116
13887
27663
37405
9339
36622
7371
13296
29548
38010
34888
34741
6632
36641
21629
23575
10814
36137
18376
19340
19549
28884
27955
24456
9272
19797
19957
29681
30575
34275
25660
28370
22059
25355
11049
8275
19273
37450
28700
24297
22460
17371
18739
13258
15660
23246
21773
11172
23523
25434
10196
8078
10218
17268
35194
35391
31087
22944
26946
15741
15466
32264
10883
35801
17281
6603
11945
15002
16936
18583
16508
20471
12812
14458
17573
37257
10162
15349
21357
18175
23131
16979
8137
38164
25388
10808
20372
33982
30603
8829
10523
35496
8908
36155
14814
8931
17165
6438
23189
21721
19806
34077
13426
13186
7462
16895
11174
11738
21186
26303
21286
17298
34158
10939
19887
29189
19561
23113
16391
28015
25428
31123
14471
31321
28123
35238
12246
31576
7832
9157
34551
34551
17716
24323
9862
6642
34768
13329
9022
14757
19363
21332
35775
6851
37092
8506
17294
8267
17898
19663
36702
18104
21906
13451
13966
20345
29921
36206
24050
16544
29674
32848
32726
36062
5618
12658
9536
30639
13523
26200
17526
35282
13214
15835
26816
10748
33924
11898
34671
11725
17911
16113
9758
30467
15116
11533
13880
28910
8996
30398
18875
33316
13515
31086
34107
18037
16352
7057
29481
9505
15095
13437
7253
5961
16379
9852
35250
12964
15384
24352
37721
19571
22231
12759
8401
18615
21643
16575
16014
27041
30701
26556
11447
13130
9987
24007
19245
14244
22342
32905
34504
24241
34051
32296
11236
32498
14850
20833
16924
23075
26470
17367
21845
21029
5844
27306
20479
27196
14039
20812
19095
26746
34435
18064
29808
11131
25689
32772
31156
34899
33899
34689
35493
17605
20929
9984
26665
33206
32506
18095
6534
10720
35382
28997
12138
14539
14388
29330
14382
28153
19128
17498
18779
16481
30256
15715
17006
9760
23190
14029
11480
33898
33688
7074
23881
23494
13303
5806
14894
33915
32813
21137
19321
36677
31826
32786
30624
7757
33088
5814
37352
19032
19702
33682
7651
26687
33338
14941
27703
17055
19331
23753
29858
7121
9493
27667
37179
35869
37486
14553
32507
36906
17121
34093
18299
23481
27009
36071
30719
17555
19520
26687
18868
22976
20056
31899
7990
31482
31210
28581
31573
33890
19685
20641
21785
25201
19754
27646
27908
8752
10222
32042
34710
20908
24671
12971
12567
17572
20874
14444
28304
37254
34684
15444
32795
23194
13223
8477
6236
14204
16520
21348
11600
21199
18567
29948
17989
36912
29727
21128
27434
20073
33598
22345
6409
6631
34287
29492
24530
25455
34870
10056
36186
36620
13627
11294
35235
28492
13739
26306
18526
32939
19804
8129
29614
31056
31792
12419
13359
33015
9787
6875
14903
9519
34600
16093
27740
24005
29912
8944
24374
13696
13645
33316
31334
27406
27591
38085
28374
7743
24876
18224
25155
23921
11181
21221
29689
10060
31143
28126
32478
13487
33735
33823
15538
7913
27250
12175
11925
13869
33380
25094
28362
7232
21655
30119
20410
30581
21862
6000
27708
20955
5874
16399
36115
30901
31429
12023
34744
28714
9909
7092
31323
20286
16651
37243
35108
6145
14309
10502
32958
24582
6105
38047
33302
23831
13787
12922
7008
10791
12385
6471
29276
22664
35781
21256
25559
8543
28138
14880
15476
19284
15650
11437
28332
6286
9807
35352
27156
20702
20041
12011
30686
15418
12928
25314
16547
8558
31971
27972
24416
7438
20224
17267
9662
25775
18540
34242
30102
19030
19557
16008
21428
37937
19126
6003
6107
31877
36827
31006
24074
28136
24678
18661
7422
20400
25505
14584
34296
30379
8565
24238
37312
36369
6026
33564
24298
36022
10672
25063
17752
35460
29054
19030
17152
35369
12600
22187
9711
35597
28150
11700
6030
30599
29955
33437
27941
17232
20612
18184
24989
20024
28506
17247
7306
24343
33865
35177
10857
19207
24665
29980
18981
7376
19580
12211
13281
20644
9842
26880
15601
30733
17642
15106
32041
23075
26346
27578
22875
25602
12912
33083
38683
32123
34394
23553
24005
38410
9091
19331
18626
32264
28975
20747
28422
24610
24745
33990
33757
28426
13354
20759
29928
7020
11517
30769
10594
26148
25825
6117
18088
8878
22191
8120
7673
15838
23100
27961
10106
23761
38785
33426
11901
26659
13561
35676
37634
22370
17739
9144
17534
20675
14377
38299
23004
28948
21112
32873
27330
20466
29105
7878
36373
37948
7815
7849
8639
11464
13002
16305
16304
33108
38539
11197
33826
12223
22657
15799
35106
10617
9643
10928
15180
17720
25655
16690
27606
6380
30115
13009
17360
12278
25634
7172
31913
29076
32577
15923
33270
19360
11210
8209
24687
30075
27368
34860
9786
24388
23693
34243
6253
8525
16657
31703
25038
32719
15900
25220
7901
22236
27333
12946
27412
33430
26363
12104
21357
38815
33316
33408
21029
32720
13573
24321
14271
20270
29410
7432
9549
25881
38374
34088
31723
11719
27333
15700
25996
38897
8095
35899
23289
37580
6696
26324
19222
10299
30982
31801
18279
34627
17530
13240
22996
37567
37443
20775
26537
18517
8383
13177
17889
37800
11604
24975
25252
25039
35342
22864
10254
35079
13961
21756
31794
22692
32786
31421
33375
25934
27913
10880
33186
25961
30601
24066
38027
12757
23372
20270
34356
16088
31432
22694
32896
8536
8094
17568
28577
29774
6709
32243
16093
12919
33954
22385
21137
22605
11468
23928
25462
25141
27085
26052
7971
31482
24731
20871
12755
28282
31719
13756
7529
13471
6981
23992
33201
10385
15758
23554
14825
16426
10882
7524
29568
22443
24498
12866
8733
26029
17566
16939
29923
11098
27162
23982
12532
13532
22774
8815
38195
15894
13277
25978
11087
20370
12414
22486
10749
10171
11242
22878
19588
17485
24125
28108
17279
8201
29057
34839
8926
30893
32719
8191
28975
12579
15543
17893
15388
9209
19939
10465
22068
31249
38646
17167
8686
22938
31930
8233
36330
33086
25467
29275
9851
9117
27822
26962
24675
38651
14295
32663
32989
11573
10921
12827
18145
18426
33902
22035
14755
32055
16553
33029
16477
24531
36090
14115
26446
16541
22083
21465
30210
31619
12553
24738
15061
9476
8477
19999
12211
11240
33915
17258
23585
17198
9586
30632
39041
10310
14341
18909
38545
6528
18066
35589
21302
37061
20913
11872
21880
38533
10079
21517
24269
16624
13660
25050
28826
13161
23249
7771
19191
12855
32054
33337
18611
7806
25715
13261
15511
28270
8773
24813
13295
30139
35044
27398
16967
37453
29923
6507
14963
37176
28247
17901
30930
24558
25915
14252
8915
23988
36115
8237
32695
24914
7120
28332
20121
18191
28660
28083
15788
6876
25078
24299
26309
13008
17640
35123
29977
19924
23127
27887
22599
35488
15731
37538
10393
19174
35183
10176
8326
22220
16171
23997
20348
21664
11793
16234
27101
26823
25661
28801
23112
37367
27104
35710
30745
38311
19430
37297
34611
37059
14806
8594
25853
32931
15098
26452
34474
22590
16065
31677
11454
30107
35937
9524
28621
35721
21952
12060
35462
21392
29077
19296
34033
7207
32970
12879
9461
34599
33574
29867
18461
35968
7976
13308
35484
38187
8502
13610
24462
16992
30199
33099
32384
13576
9213
35002
18995
26997
34983
31849
38045
31569
23621
20856
25649
26068
16766
8966
7776
37946
25583
26183
15200
22133
27157
9430
26412
36383
15981
12621
13260
10162
29657
35348
16598
13307
18758
24182
31797
13772
37004
27130
24617
30706
31893
6640
21135
32614
6850
12618
35171
28104
31626
24237
39043
26632
20069
30920
36021
21863
29928
21733
14316
35486
20785
27581
37575
13660
21381
16529
22363
7158
35640
15990
14642
34138
16077
32753
24211
23878
20319
13507
32516
26807
27456
6662
19214
7843
21471
14457
33088
30954
15087
23833
21623
20875
31429
32753
34652
8211
11778
36146
24877
11100
27251
17542
24513
33651
9013
8866
19142
22490
30237
35098
35918
32240
26710
39034
29322
15277
22092
28818
16084
10898
6857
19217
9715
18144
12638
9302
9627
32521
22533
26242
21300
22372
29700
19154
34780
30244
15893
25900
36271
11147
31171
36343
12870
19035
15383
7728
25213
25742
34164
12730
13178
16454
12992
25590
31979
39175
35268
14996
26766
33060
25814
12969
6903
30583
16821
9217
22926
34133
14260
28342
20951
30913
39195
9985
26102
36576
17354
13137
8818
8878
25887
37018
16697
13294
13594
12528
24036
23143
27839
10324
16189
31053
31676
7118
23038
18174
16716
9916
28892
31983
19547
10857
30148
17381
26347
15329
36965
12392
28854
9220
28142
25460
19733
9690
15897
9075
26656
32550
33128
33128
38679
22334
36014
24173
22529
36889
26066
25951
13458
11690
24016
19672
19538
18284
35840
30045
18940
14399
36507
14297
18468
32882
13435
30794
26909
36385
29730
20667
9754
24513
21502
26738
39315
13561
10220
19306
18667
16819
18426
22020
12623
38772
9329
35065
7137
14568
23315
22931
32022
35778
12705
21021
25436
7363
39328
38552
14593
27159
8541
8623
23888
10216
30255
19949
22781
13102
23548
32558
12739
9924
15870
32851
8523
18113
15559
26938
13136
13829
23939
8430
36609
10770
15998
20506
28582
37150
29926
22468
36999
24166
30673
8247
36873
28868
15489
21569
36379
18308
26599
23711
35280
31092
14695
12214
16973
8762
37595
18820
7910
14826
16858
24533
25220
35544
28218
9914
11850
14763
20947
14647
38776
37811
7558
31292
21647
38781
12159
33238
17846
27556
32438
27303
23644
14313
24508
37780
9759
38022
34484
10685
32492
33728
27295
36530
11880
10684
28126
28388
29839
13971
28657
7257
18843
13992
11397
33188
21800
15674
35758
16661
24725
7477
18289
21549
18605
9294
35461
16212
12935
35918
27738
11726
34730
38574
28251
35308
32117
34405
24177
25983
11199
27646
17096
18066
30394
30701
13013
11353
20509
18211
16792
24676
37762
24032
23838
26648
33292
17609
18251
10848
8526
31802
35798
7584
33128
14813
38805
37355
11891
9340
21755
27509
20768
33299
29151
24907
17051
35882
12926
37953
38838
24161
30148
37420
26435
13133
20167
39250
20417
25474
22421
12319
32828
23281
8495
25882
18542
30837
25813
19223
29738
35752
23172
34221
30203
25851
22718
31210
9480
11270
8585
30534
37434
28700
32954
27862
14497
10019
8051
32450
36116
36514
12523
36857
12568
8988
23661
37923
19716
8605
34980
15832
21858
18322
27669
23823
16279
17629
34541
33241
27079
37929
27133
14159
14835
11643
28419
27336
14436
18186
17963
21328
10573
38993
31957
27990
27052
21346
24985
24229
37745
18557
27016
22166
11490
26593
31413
16003
26430
38370
16373
20094
12448
34108
27106
23107
7463
35751
33062
27244
27476
9388
11766
30180
10163
38582
39132
20382
13246
28268
18618
7303
13310
17470
8716
26041
10611
32830
27501
39665
14902
36914
31581
39235
27997
17383
29505
35340
24095
17352
11179
11817
10809
21934
13788
26982
8079
25594
38535
8761
27927
31458
7640
18865
23283
12296
32949
8105
19933
10321
38724
34625
39368
12276
25773
32655
26564
39121
19489
38033
13091
21253
38683
23654
8666
29627
12517
21694
15402
7748
15199
13456
18303
33643
24828
34315
18584
27394
34829
7374
28904
31681
19266
15451
31548
13649
23405
33481
15263
20643
11914
27578
26234
31366
8189
32653
21248
7289
26138
33493
15561
10173
33002
14857
18621
38575
34348
38269
20788
38997
28315
22928
15708
39479
18543
38695
26586
9328
29478
34907
22708
15364
18564
9583
22126
16244
22233
34309
37491
29072
36994
25233
29879
9869
38066
18957
19099
18263
30067
24559
23825
7976
7911
13912
12800
10074
17364
39054
31978
17786
29535
22956
33484
12189
15384
31640
30021
27383
32823
16950
35067
39081
24357
34523
19259
34011
22591
24581
31455
11275
35542
29001
26741
10916
14202
30604
8605
19155
26232
25974
27571
9366
22433
9252
20910
33814
8013
19485
18760
35382
38048
27272
13152
15212
29964
9884
15260
28880
24855
23383
23378
24434
38495
31091
33705
10737
35547
17814
13051
12361
19811
18121
31102
37357
20339
31019
12580
38422
31788
39142
27839
28250
16539
39267
25193
34688
26942
7354
21795
23699
30916
32621
16828
32821
23573
19541
21237
20534
8082
11484
24802
34661
35230
10605
32659
8614
15965
20009
24820
17989
20667
34780
36338
11402
25777
19759
15071
11918
18116
26655
15128
32332
7374
29613
22501
12539
37888
25047
36512
38044
12328
7624
31258
33743
8240
7756
27450
11242
15335
31878
29927
31052
36613
25317
28456
7663
38249
26708
13706
26173
36004
11185
9411
20517
32443
17281
39828
39021
27177
21986
33524
12874
11044
27840
8554
23854
35361
23116
15803
19681
37786
16810
21701
38867
7439
38890
26283
24497
39755
12602
7986
26678
11752
11866
23915
36932
33813
24144
24211
24883
32407
26716
36919
10345
13070
21038
19867
20266
13434
13911
35933
25778
17661
16126
15446
36481
21731
14548
24257
21239
29407
21066
39071
29216
37271
23297
17498
16593
18019
38785
18088
14836
25938
32047
10930
14880
7791
27257
18806
39277
32834
12116
32873
38790
33689
31208
15201
19967
33928
31625
21939
40169
19630
23018
38552
17828
37562
16525
19670
10229
37678
9854
19868
21848
9827
40001
23213
28312
30669
13833
13248
32668
17025
26155
22311
19844
14068
23505
13744
19189
28166
14835
24009
9904
36159
14979
25063
10346
32856
37352
32296
20440
27645
9902
16695
27145
15825
29052
15472
37112
32179
39238
32580
18786
17472
8131
25055
13013
31384
12834
25353
32266
18277
29177
7498
7540
19738
19070
38738
25625
7545
9721
29591
34465
34392
38777
17216
12972
39844
19654
32834
12393
8870
23704
29385
16997
17029
17670
34265
14240
7693
11841
20277
25574
15022
17794
20096
29276
22728
17473
10146
18010
8486
30632
23661
24184
19400
23623
18817
28140
9189
8713
27244
8211
36144
11367
10518
14925
28251
25307
15453
36878
9433
26008
23036
32050
26089
31352
16305
23185
12496
17974
22431
8404
13925
9693
31729
11655
22995
15488
7616
24175
11931
35116
21302
30493
38872
39195
37108
33987
27847
10794
37554
13383
18054
20877
14117
20118
23324
31426
21286
20283
35258
21187
16400
18736
31809
29568
10602
36339
33283
25484
24006
19165
34766
15895
9960
37040
20775
38684
27947
31087
22227
28635
10785
24690
28316
20362
28282
24761
8273
21576
32551
36225
19471
20562
19903
39189
34239
18297
20513
24039
18912
24788
31579
32223
28551
8370
26058
35827
31651
32466
21635
29688
14726
11479
14322
38071
15521
8438
23489
16452
12175
14578
19963
38539
37974
35146
16754
28204
23017
11441
28510
16265
27377
10174
15430
17948
39372
13541
9252
19471
36310
36006
12740
21510
38376
32260
34157
38208
33823
27449
11971
32222
30431
32424
24044
12162
13079
11283
12274
10780
29638
21006
39528
39169
21182
36787
14929
30270
11944
8856
35389
30763
12872
24830
17333
32067
24834
9291
28633
27186
19613
14267
27464
11824
22600
8018
24896
24974
11482
19221
33287
12942
16990
35449
30857
38008
8911
21532
25410
25834
18976
13747
21598
31600
18303
32835
40223
22356
33755
33941
26752
24504
20900
29668
26904
27105
10706
14552
7744
31190
14888
23736
29816
28970
10426
19675
17671
8214
12461
37983
30946
27851
31806
24094
21199
34053
24581
21214
9418
19940
23419
10184
29864
34296
33467
28956
21498
19866
13701
36130
28468
35203
18312
15204
38927
21399
32225
13338
20267
28162
34271
21478
37113
27782
18697
12225
27096
34835
16994
9525
38270
20633
14571
15054
11674
12570
33642
25803
11191
31235
14698
33304
16996
26044
30083
9601
20882
19326
36059
32544
31293
29797
24557
31255
38223
18118
10377
25221
37313
15298
26908
10162
32259
21275
24882
36493
16542
31047
11065
26713
17432
37827
26504
8611
39447
10154
39072
15735
22986
20102
38065
37075
15749
28006
12384
21084
17323
25137
34503
21072
22225
39737
33469
28348
16672
19731
36184
38895
28411
15015
34225
31022
17634
17283
26087
39337
35991
11381
14695
35246
15743
22104
18538
28701
9290
22318
40127
35868
11735
10607
17354
32523
22865
26017
29133
29371
38303
14889
27238
28634
36347
38241
21081
30898
10720
13802
20112
15380
17450
38212
37984
29838
23929
24731
20238
18404
19926
29668
32402
15038
14745
35625
13210
35999
19849
40481
19666
36886
34374
39428
39267
21304
34532
28061
33977
11341
17113
39841
12170
32458
32537
18239
39444
19584
28287
28408
17318
26386
28015
18865
25441
21932
8378
31239
40512
17138
31681
35810
24150
34615
29150
28749
12119
8944
22271
27525
17498
15720
13204
10575
35549
31669
36780
27535
28426
17386
31066
34583
13625
16526
19038
8893
36021
14413
28929
27824
16323
36334
16449
14860
9440
31877
35630
17579
13643
25578
36756
31551
27843
14697
29658
38813
22162
28859
23594
28508
27594
28981
23251
12959
9935
27456
16363
36143
28693
8713
35896
24013
18475
32122
35665
30662
21241
30824
22784
8903
10310
16142
21995
19699
36221
37306
20339
9011
31920
16326
24285
33741
40157
20170
17327
32569
36720
8720
15709
23344
14090
13896
10277
19461
23425
17789
24888
22584
20264
26440
13850
39497
31056
33092
25419
21706
27150
39873
26151
36024
23359
28349
9739
40459
17098
15120
14521
32396
23077
17382
17918
8935
16155
31858
20114
14849
37324
15841
23103
12939
13301
39309
20805
16088
36209
39796
34046
19179
31232
37096
11198
39125
17480
10120
21501
30526
21017
30830
37560
17985
26101
21418
28948
15997
39376
24559
23877
11880
30484
25229
8878
8679
20456
17311
11593
10268
15794
8838
40010
11135
26842
36502
26623
36913
32210
14350
40699
35981
29523
11598
32371
28671
34281
30788
27112
19481
36017
12328
34310
13283
35681
21353
31437
34163
9610
32231
8430
29118
22298
20322
40568
13998
38437
38450
14003
16245
16869
37433
20812
40736
33535
25623
31923
39279
33031
31900
28610
11748
37191
8323
20127
22810
17084
21597
14051
32856
27490
17611
22268
15206
39602
32496
38096
28831
38248
36134
34722
30536
16009
19440
18746
13344
37285
35633
25152
25656
37465
20379
21994
35333
21785
18537
37079
12468
34092
19793
16186
31165
35832
30900
20026
10427
15744
12825
40089
8571
11819
15577
40596
35923
38343
40731
30987
38069
25549
29955
22498
30211
26855
33831
33703
19109
14767
9027
31349
20826
11962
18989
36888
40139
9685
24075
22897
24934
26766
36291
26396
21865
23543
21171
37713
22333
23974
27043
26376
19974
29184
22519
23137
30840
10168
20777
29762
40428
21650
36983
36162
21939
36717
31449
14790
22698
35712
40246
40809
37134
14564
23255
14754
23698
20050
24604
20897
13487
41007
11630
11641
12604
26821
20084
14980
39230
26068
37258
14083
30209
28489
21359
40710
23656
27469
13117
24716
24705
17281
17055
39658
26460
16264
34366
28017
19230
26823
23164
39243
34129
23400
36965
31398
21374
10405
22242
40213
35326
11843
17456
28466
35085
34652
37777
22921
34848
31330
27458
15537
11129
34913
16044
39612
38904
33156
8414
28626
31028
17115
39739
32280
11722
33115
23664
37078
36341
17959
21418
31450
32863
32782
35845
21527
20791
20052
23623
14994
32644
26805
16078
39551
29881
18599
26055
16806
23177
30688
24481
16908
33532
10264
24513
26576
38595
30736
32632
18003
32201
35283
35634
41115
13834
20027
12272
12538
36008
10680
40184
37866
27963
22093
28106
23100
15209
9947
28759
34418
27320
36770
39790
31081
18591
38917
18807
37435
11491
39309
35683
34147
33825
28721
10211
12066
26790
32725
39640
25890
15751
13072
10507
35674
32751
22322
23583
28721
17075
31110
31428
13286
34860
10708
20781
16175
28229
17962
24003
36128
24787
13276
13851
19535
17957
10698
14373
39734
23004
28641
23463
25560
10749
14309
14314
39592
27205
29549
37300
25766
37309
19247
34165
26827
30350
39805
8645
20647
23573
39440
34318
15433
10042
35077
22918
11615
11518
39717
11873
11678
20308
28009
9540
13412
23602
14781
25852
36764
25319
9989
14960
21475
29615
23134
29908
38888
32133
11686
21024
32537
15928
12094
36801
22396
30913
20238
29582
20186
26068
23754
24829
33571
37557
15220
20119
29198
8781
28195
12201
35840
9341
25090
9789
28207
30642
39323
37192
34823
26810
40278
19237
12237
34006
21820
11330
27266
21008
12289
9754
27402
25038
15170
35427
35981
29096
37131
21128
19486
36471
16028
31577
34202
28078
34925
18690
30675
28910
12143
34617
21486
34772
39829
39356
23562
25622
36755
28923
21795
13262
18918
14097
20533
22037
14100
18681
36516
15828
39221
20479
34267
30423
18610
36724
17971
33059
29261
15014
18711
30346
30305
26384
27239
11900
19819
28365
37145
21536
38346
22355
19238
8867
11971
36957
24740
15313
33992
40745
8751
19682
29434
35300
30350
30102
24044
38755
27540
9604
27562
14099
20035
25518
31994
9523
36408
13402
19425
40768
28739
37149
21353
15537
21589
10041
25762
16357
37535
20521
36071
29530
13304
30841
12642
26399
35199
26843
33747
8844
26498
9592
13452
40496
34719
22404
34240
39435
22057
29973
9214
9213
11982
39733
26617
25215
19574
20021
25994
30609
28781
37957
27640
36851
33989
40514
23414
29336
15862
29391
29677
9304
32712
20391
33020
29669
35187
13618
34622
33280
11524
20566
22219
39405
38402
13967
9985
28196
25426
10306
40836
36169
39000
19790
29315
9054
10591
40933
27709
23352
10043
31130
39876
29743
20012
30394
30977
24602
31750
9184
11257
32123
20879
10692
22862
16886
33577
27476
38921
26888
40113
18950
29846
31477
15526
33900
9488
16386
35470
25353
21184
29669
27797
10083
40160
19834
16504
29017
14500
11959
39841
36535
21115
37090
22164
26888
38034
33025
26505
34219
30361
16531
20570
19497
15051
24189
9120
34502
15400
23623
25881
20822
29189
13192
18766
27218
19655
20383
39026
39467
20460
20388
14476
9438
36171
9375
8921
31177
26012
24567
18539
38333
12858
17965
10775
19284
15400
31177
10126
25989
9298
21141
18890
22645
41238
13578
36012
29840
13571
32264
27619
20441
17121
22218
14095
22910
8945
34072
28966
19376
40310
35774
16151
28593
28275
12094
10670
26671
14007
12994
14008
30160
32279
24916
40295
27150
11003
14161
39416
15429
37660
16411
9362
29962
35211
31759
36722
25535
36342
25271
20549
21092
33063
21824
30933
11184
33485
38190
8936
18273
23679
37710
21349
20688
40446
10988
39097
31688
20154
40263
26745
31640
22680
24898
32841
28775
36851
39772
19964
16072
31969
20962
8957
34191
18871
12644
14061
9698
31439
30053
15757
37267
21384
18774
37855
21421
35983
13766
18568
34636
16221
28115
33657
12466
11009
37092
37070
11416
13856
13466
37622
10690
21050
19203
40981
24790
9262
14609
20134
32366
38401
12619
30053
29548
13787
9923
41580
40846
34386
27720
36252
35394
9195
21468
35390
40379
25566
25193
15338
38980
20506
27567
37544
10196
9353
10881
21078
25571
12693
10545
10570
39293
18411
36425
39480
40341
37247
41339
15701
39323
31696
40155
40124
34385
38765
40524
12305
18650
37048
19768
15205
9747
9706
34949
38234
32807
15959
12484
39048
37470
34548
25259
17439
40758
14358
13765
20429
17589
26748
21352
14050
27389
37264
31208
32434
33057
10474
16394
15418
31799
29462
11451
40199
19631
29591
30466
30548
15843
40491
33332
9587
29678
11601
27239
12398
31682
16905
13608
36333
41333
12507
31345
30042
32988
40986
39381
36932
33883
23402
20478
35329
17915
32896
16473
17048
34493
26921
18192
10462
12335
30350
10041
32734
37948
41398
26957
37758
24392
30028
32219
41056
28797
21667
30845
29447
35935
13303
30476
33339
40359
9718
35088
34990
30798
25214
11130
25055
21224
10921
11414
11839
27187
11783
35899
33427
33520
21802
11333
9881
15857
38248
25924
9966
29300
12764
21366
15919
33455
36270
28659
22878
24236
29588
18984
15240
10583
30361
30086
33957
13270
20510
32635
40896
17176
24350
33186
23640
21425
11446
9271
14085
20453
39396
9421
38239
27650
39567
13635
31003
40180
41415
18164
28279
23827
41807
38446
14809
13119
20056
35302
34994
12335
26000
15273
10665
22022
22619
15318
36854
40487
33120
26123
9739
37195
11848
23005
13178
9681
21698
27596
23059
22613
39115
41589
28236
12931
34860
37898
12007
13357
12100
14336
40910
21148
27399
33031
35906
33316
40007
21311
29748
32251
41011
10921
26867
16972
12829
34268
40200
27782
39552
26873
11102
30202
20289
36064
22951
31909
26933
36516
23034
36426
37604
13117
20417
10693
21644
37757
39890
27291
24937
17478
13276
37589
18996
20217
35077
26383
14570
36401
16849
37068
39374
17074
19270
31500
21937
29852
34126
23841
33137
29925
36444
26558
9920
37637
29266
18513
35366
23283
16547
30354
37449
28497
19892
32860
13421
21475
41865
18365
35383
15430
26013
26441
29878
13023
11281
12467
28836
11281
39433
31134
32744
22963
13140
10928
19552
21185
13643
17640
26590
25425
30459
20786
19824
39113
38022
28217
34789
24144
27078
28797
41356
15746
41012
18597
16703
38760
21512
42006
39072
27047
38050
31684
34723
29687
17449
34120
39245
20951
39538
14900
15803
23680
20259
27043
25957
26903
12056
34836
24996
14118
41221
12664
11890
41805
23901
37257
35185
29237
23923
9822
31280
18374
17888
37180
12201
40602
20516
27056
22286
21425
30608
18138
20421
39526
28003
29452
24753
27809
38963
32148
21171
19279
41614
40661
38000
25359
23778
41629
19285
26926
30362
19634
30169
17622
21130
27566
33538
22658
31373
36365
33579
32693
30316
36229
22020
38124
35330
25750
31194
37841
40606
33377
24601
11185
23465
37053
27407
22064
12937
24712
30962
17980
25028
28731
40997
17215
13161
16577
32951
17561
31404
27786
20269
24909
38096
13531
31873
26618
29002
31080
40810
13070
25891
20004
33502
36150
19870
41816
32213
14873
17947
13298
30801
30533
30011
11808
16795
35177
13637
18974
39887
10694
39880
17229
41114
26592
42114
26500
25411
21369
33665
12458
29672
33471
25224
40069
10251
18629
36276
14029
19533
12336
21343
35205
41848
36403
39749
26507
22211
16829
30949
17773
15186
29424
15659
38014
37117
26326
19275
21545
40530
15183
13552
19846
19933
40782
24982
11563
12455
23365
17716
28485
35324
15838
27167
20967
18545
16620
21035
16801
36902
31393
29459
29781
14921
12033
21019
9798
28123
38294
33523
11634
13751
10086
36319
22306
14288
35106
33045
17343
29114
26016
12646
13543
40556
19595
28193
33216
10564
26970
11317
9612
21067
9854
27797
40062
26555
37088
25057
33484
14526
36746
39234
10758
9593
17316
10902
39078
28745
42147
13261
10216
13388
11453
41874
13276
42276
10656
38702
37305
31735
34147
20394
16500
13754
39869
33332
34705
34480
28533
34757
30778
10029
21529
12288
33934
23968
24563
15196
41275
27088
14905
16517
9551
13670
39300
33024
23627
28076
34435
28942
32377
27284
14065
30420
33664
34556
38084
42168
33590
20016
17832
29454
39093
41649
18091
15604
31665
16949
28730
33914
17417
19182
30284
16903
35739
9743
14557
17144
25181
31629
30878
23433
18602
37666
17387
28665
41945
18072
12285
39145
24852
26948
12897
26374
14951
18641
11944
35303
21016
11071
35937
24120
38967
28202
26948
10009
11893
11088
15280
30401
15930
34382
31064
35431
29937
34730
38457
40290
39591
10518
28623
30607
30420
30451
30856
15091
30584
27413
14201
13473
20074
25798
28751
13534
30957
25101
34697
12932
25989
24112
30437
15780
11273
31095
26136
34159
35832
20019
15298
30039
42256
38655
15009
11633
40477
35398
32517
23070
11792
36613
28804
12010
15184
11986
31726
34996
34133
26910
10628
31504
35954
19383
25444
19689
11250
29840
32840
10347
39527
24773
26224
33311
17471
11482
23261
31576
13464
10820
20672
17359
32854
28202
19762
16010
26482
15724
13093
28162
41108
31205
35739
27524
33509
29933
40470
28120
33310
19234
27983
41761
12518
11625
27690
25092
15706
15151
32490
30220
39917
20981
40097
35661
21618
30219
42219
32072
42359
14491
15836
36111
29141
16106
20023
17066
11397
20187
26593
32184
14005
33973
13973
31065
25627
38437
18136
18252
39306
18055
14640
34389
14787
28769
13713
22498
21645
18480
13080
22765
19464
15464
26620
41508
25662
38582
30145
37704
28923
17032
42414
28115
38367
23759
18818
33501
19633
28931
37987
30784
42486
34664
32791
26875
30658
26769
37494
25812
28367
14882
38687
37698
13772
22746
41323
32137
9975
37840
27295
17447
15342
11516
24678
17263
12226
17146
30590
27508
34638
34827
38577
20264
29639
27229
11783
11973
17300
37260
20026
33132
21855
21864
21610
16908
16748
37369
32274
33670
11561
31936
31035
36879
32007
24384
17647
38869
22665
23229
30193
13029
13466
39236
13227
14924
22564
36843
33128
15484
36574
13914
10179
37106
32358
22410
21087
20246
20879
24525
13785
11363
11772
19471
20987
34247
10222
40539
42035
38989
10330
31649
24131
11513
31039
22198
30009
15347
27702
19612
40098
19177
20299
38404
33275
35502
41995
12817
23656
30759
19678
11871
42153
33895
42135
12356
35145
34841
13386
41813
29464
34334
31581
12588
11740
33144
32226
26217
35140
27239
36132
10487
34333
26321
32384
25489
25544
31207
17527
35460
41452
20230
40449
23990
19048
11227
20515
35815
38796
19915
40387
39735
19080
13970
29116
15080
17956
11306
28462
25190
16818
28654
23575
24964
10305
28927
39464
17929
30740
32231
41425
14955
13907
14716
13215
16858
19199
22279
13255
30080
22827
24998
25603
9992
26474
37615
28572
35933
27780
31958
32200
22708
37997
35537
15927
26316
20855
40506
41961
22644
36294
18932
16962
20303
37124
29009
32864
41684
28247
20019
38572
14232
36496
41586
35503
23504
10918
39038
40232
19729
19042
38726
24155
19291
39771
36184
23723
23894
13349
30537
41323
10715
38854
42327
28658
35510
36201
33869
31469
15531
41047
28071
33786
20663
23586
17143
39282
17047
39203
22663
26245
22671
27943
29504
18829
12388
37990
24010
42140
40362
26293
22773
40023
15686
11516
27480
14600
25131
27369
21560
40430
16231
28902
42411
19160
29539
19017
18940
39922
22630
23499
30802
31710
15964
17980
23693
31750
29142
24949
30321
18225
13393
25485
29702
41557
35259
34896
35646
28588
32563
19692
38617
26634
20241
37870
31366
32366
34342
17773
37451
41431
36421
16261
12582
20825
16897
11016
29429
13935
28089
34927
26003
14739
25042
35095
19780
17676
31300
34986
34899
10760
16216
15066
22009
23530
33712
24918
33921
30181
41863
40438
19114
16074
18746
13625
20557
40734
23303
21746
10815
15728
30229
13118
19833
13545
39605
39353
15734
39461
28136
12530
31197
16961
13345
40988
28512
32822
26956
21766
28644
19557
39438
34893
30178
35443
25167
20944
14093
24918
13558
24932
18997
22960
20723
12233
25707
13916
34691
15325
29030
15175
14255
10256
35621
22146
41750
19480
38102
24469
32749
36582
31991
24853
27716
40152
27323
41081
42635
20016
23215
22569
12116
20933
28317
22488
14427
28664
29872
32532
33987
31210
27098
17947
40610
14572
31603
18673
34240
29239
19491
34991
15260
21214
32769
22302
20656
22528
21500
41092
22262
34626
17531
34750
23979
35708
34624
34959
23123
35251
23698
37944
41725
16968
31643
23625
24008
21102
40463
16310
35238
10721
28430
36397
33888
35030
24908
38311
12763
39469
12399
11838
10393
32238
37304
14398
34690
22515
22502
16510
22757
14050
36439
16113
42682
26463
20337
41848
42026
34687
23104
42234
36945
28287
11104
34487
13890
15542
40222
18393
11851
42952
21210
29004
17531
22301
29616
30160
10338
25745
30807
22605
18968
21869
36936
35942
34945
40855
25123
17744
38094
36613
11087
42725
12103
40823
33505
36084
41288
40550
17344
23772
39050
10551
25094
38233
18340
23477
12201
37021
28626
17086
21594
11427
14324
26428
31917
19904
29914
34136
33915
28539
18110
17386
41093
14238
12306
32819
19289
16269
35197
33230
31098
34775
30496
10980
22715
18955
17181
30880
40684
40141
16730
26594
11192
40488
41090
37432
33230
38950
19533
38666
23359
21406
17666
42260
23847
36174
36922
14361
11920
16681
42726
24278
30355
16370
33939
40246
34240
17162
15341
16068
11969
29319
13442
11621
37433
37253
30153
41031
25074
17601
41827
14101
24376
42852
36512
21869
39040
41500
33093
21139
10830
14449
42381
20839
34645
16471
12141
21652
35807
14335
11036
25355
24687
11763
38099
20656
28581
28514
40402
32594
29539
28856
17059
11233
23854
42098
38562
39899
40407
13361
26813
16136
36954
20493
42361
39271
35846
34859
39477
35176
25054
25746
32179
15963
18752
12090
25044
29481
32708
42086
29347
16706
41063
32052
42645
40918
30185
34931
17424
25416
19571
17844
24617
20704
34429
13988
15026
39616
30959
23193
39796
22553
21126
34922
38073
19870
37498
39556
20238
39481
21086
41274
16966
39933
26439
36701
32706
41309
40496
38157
29168
15003
38813
40142
13586
16259
34431
40671
27969
23896
22104
16071
15793
16655
31903
26416
17718
12731
31078
22520
17415
12105
19258
23174
20163
26989
23115
36954
12977
41692
40653
36840
28492
21692
34461
17319
26879
42584
24104
16229
14637
36121
16521
32733
16244
43186
21233
18571
22579
12186
20300
37823
23625
32703
41505
18673
20000
42873
40890
11604
22507
31420
38022
17069
32555
34963
13499
34918
12664
33993
12095
21214
36478
31209
26569
11524
37702
22378
40004
30756
35511
12323
31092
15873
26460
15621
25307
26915
27239
30728
29150
22386
15350
25446
28708
31492
22678
20744
20799
32052
30725
15933
28558
38900
20797
38834
36961
39268
24493
31135
29535
17827
36298
16446
28965
35556
26822
31873
27952
15301
16799
41220
40701
17373
24412
31553
30318
35476
42644
19715
40816
30776
23087
39453
26843
20813
22896
32347
37530
23588
32564
40889
18187
33967
34420
37075
17320
29331
38929
14237
29928
17791
26065
35924
35168
27580
30372
17588
16430
18182
34861
16236
30359
37787
43389
17359
14575
17809
29474
27084
23225
20588
32864
15904
23056
36080
36286
30410
37446
12596
24773
19391
33226
36600
23812
18400
42831
35896
27223
42537
14890
35330
36969
36651
16892
11652
27512
19132
20882
16233
24152
14829
26889
38246
42427
11580
17206
14863
12463
27403
37445
18160
25192
31313
28575
42201
41280
34192
33554
42617
22268
27143
42284
12590
18001
18216
32999
26652
22951
41548
30860
36221
20252
29350
20945
36407
26060
43381
27972
27572
28752
35454
36077
30702
28804
26810
28207
38857
41101
39756
15088
32678
36123
16053
38394
40501
42220
38475
18080
43402
24978
41448
18340
33396
28021
15327
15704
25098
27419
21300
38660
34182
16807
38412
24456
19543
37536
41058
33090
31857
15604
33532
33074
41192
37181
13981
30044
14013
39746
20349
14958
39928
42177
34038
11427
29942
21868
24960
26599
31749
37937
11999
21308
28462
36286
29339
31580
36946
33861
36529
32928
27513
19580
23176
39968
22374
39913
18470
32796
25711
35932
27044
38811
11659
30909
27359
26961
16301
38663
21361
41414
35664
29589
42208
34997
37971
12701
43284
26034
21512
13562
34063
38928
33160
39214
25560
26114
13385
39335
19896
18176
38130
20289
32681
11629
36973
26381
22284
37750
16702
13905
42394
20285
33556
20431
33181
29239
25758
32330
26208
14290
27552
18503
14564
18268
24390
24849
34004
19744
36024
11007
34235
11986
14830
12025
20597
24365
15046
11577
12516
38106
23636
11087
36836
26772
39545
41832
30080
40586
21431
14543
31590
40708
28483
38324
17304
25162
43356
22061
18277
21442
31196
42106
37528
28760
18701
27277
16111
42018
26301
15562
17358
11076
30613
25099
28213
31250
19622
40167
38128
28789
22853
39476
23821
23696
15129
43210
41619
37027
34930
40586
22897
36911
22748
36511
31413
39003
15349
13572
20990
34710
37499
15174
16180
26750
32169
14988
16502
41984
22724
40660
22612
40641
28913
20351
42047
17853
28489
16656
14141
20015
43311
21553
36066
11440
19169
42487
43131
34722
36942
13670
13452
43215
32808
33336
13949
12878
23865
35034
43664
39591
16890
16312
39958
13366
39522
31162
36323
17365
28668
21006
18175
27317
15420
34089
22430
26509
13587
23304
27218
29431
18369
34492
13696
15126
13803
40741
41233
17021
35053
38142
29801
42572
20337
18969
41117
36764
22849
11756
31456
21534
25945
33613
31551
35326
30273
13178
21391
37646
16537
21084
29347
25376
26613
14349
18370
34227
32236
21399
23127
42707
30572
39679
35307
41786
35920
15490
35409
25531
13621
29982
28704
34785
15241
12372
24935
41939
36836
21805
16027
38266
23196
25723
22484
13542
31380
19553
33337
25582
26196
38165
41401
16663
41823
19173
31485
33208
18368
18808
24986
14171
14823
19543
38538
33893
41651
26795
27357
33786
17872
21577
31404
26907
13379
40427
37967
39185
36163
15040
40911
17679
16715
36136
39582
18195
35693
18616
31622
17933
38121
22405
37600
25923
30462
42143
15110
33524
36608
28635
27915
19003
22699
36566
36265
39991
17079
16182
34426
37993
12716
28211
32619
11357
42232
39255
19567
17037
12863
11393
25456
34946
19186
33072
28299
39996
32803
25342
20092
20692
14488
15723
41303
27232
36126
22236
41338
20759
16159
15588
28863
32694
32119
17857
41974
12578
27524
19242
41618
37198
40572
33352
11938
30047
34052
38146
43267
24334
27902
24701
26068
20302
39842
31971
42283
11311
11216
29284
33798
15875
42660
16251
31109
34751
35404
38003
13398
32420
13078
26665
27760
25886
23245
18963
32004
19692
41542
38273
23216
33921
22838
27171
14839
29610
30790
36300
31214
43890
33130
39797
42807
11587
14958
41861
43827
11597
30162
41296
31604
21547
24023
27101
23921
17348
30170
30700
37502
25456
17889
14647
32763
14173
25716
16633
42955
18224
21166
33709
34056
22511
24211
32792
41204
32030
32676
31113
29747
17704
25009
42848
26680
34049
37359
32205
36094
34570
33354
29658
22264
41269
22268
27308
31050
30313
12895
39429
12345
26408
29439
42510
36832
30063
38900
16980
43813
40925
16239
34320
42732
30744
29586
21931
36235
30829
14725
34177
30333
23734
38598
39398
22106
33409
32960
18534
35590
37998
27296
40529
30761
34009
25956
28792
18400
39865
34356
30769
41907
39880
34550
16801
31174
17125
21789
20282
41555
43446
33473
38530
31063
18065
19957
14870
16524
38813
12885
42223
23960
14388
14558
27365
18564
25996
31235
37489
15983
13975
34300
43959
35972
35623
42850
22724
34601
30294
13305
43796
33145
43045
24525
31319
22773
39523
18048
39028
26998
34001
40674
34511
32103
23683
19650
37064
36400
25225
17668
28548
26869
34255
30708
23279
35713
40002
13786
44033
19837
14132
16847
29761
43494
38658
34510
11912
15550
33268
41742
27912
18689
33380
15759
43148
23258
20515
23027
38145
23063
26904
40592
40758
41179
40234
16579
30688
27282
37217
35719
20449
12074
32327
13382
43466
16001
11669
29167
25758
12313
31499
35400
25561
31507
23712
18822
30896
19035
13787
38939
28827
24864
31361
41679
27921
41863
25712
18706
26770
38816
16587
17808
36075
29337
38999
17671
16054
34353
14117
24405
33312
41584
22386
42710
40175
16277
29643
16876
39363
33873
33909
17119
37019
31794
44043
12776
22684
37474
38761
32136
34574
42129
38089
17694
24488
16944
42540
12729
39437
27616
37628
20779
41110
26410
15599
42847
44114
31344
15406
27116
25163
42275
34487
39401
22027
43063
42751
28676
38239
29396
17884
20174
41307
18255
35747
12121
30878
44120
40077
15365
38616
32373
13408
36247
36233
13743
42315
16011
39435
13194
15889
18604
23762
11579
23402
24801
38387
34326
43174
17738
35555
11846
21395
12683
31105
22976
14241
28008
15447
41850
17476
43411
33821
28887
41626
40641
19071
43366
24142
41731
25121
38605
38332
43348
18399
33024
30037
24430
39257
23223
33349
24035
21679
37406
30804
40552
17801
22990
16138
44148
17243
32252
14871
17418
42215
39408
30962
21202
36099
16825
35263
36719
29852
29728
29558
39693
38395
26842
39746
24889
40263
36610
39207
43510
16971
20422
16360
37389
12154
26976
23592
23972
23088
30280
28367
22802
12347
29863
26287
15346
16026
25103
40296
17014
13700
16234
39816
28927
28077
37169
26615
13802
21188
12255
26259
23980
22336
31908
35351
36129
21852
20061
23873
13857
33120
43716
42804
14933
20771
40932
12059
12360
31950
20945
25359
32449
31970
37013
26171
16977
43389
35437
19005
12584
24281
28214
30672
28972
19221
37410
35496
37965
18744
29359
42142
12050
28019
40410
31757
15736
42662
24207
43388
18941
39206
15461
30845
35576
38590
41864
16340
27179
22515
18678
34012
43675
23180
40687
28199
41120
35154
28070
18789
12344
37141
25661
43143
34208
34543
13808
23076
15398
17357
38801
16667
26425
39210
12596
20346
12738
17182
22571
43166
34743
15256
42293
11932
32236
21223
15090
32480
27693
12672
20634
41492
28043
42747
21743
29508
15091
27230
15728
33343
37893
12190
21968
30016
43554
13923
41894
44493
16839
13836
12902
13536
32282
19187
23440
12869
35523
18674
24359
29507
38909
38694
24677
17534
23789
30962
39597
41756
37938
26695
25281
35111
42685
25891
18485
22834
30947
24152
27428
44352
36272
38799
23073
36065
29823
12428
35952
20126
13511
12724
19575
43159
44088
16844
42607
13419
37639
26883
12127
27224
39558
34099
14411
22436
23031
21348
16808
37947
32162
12946
17172
15257
27685
33712
39748
27882
22028
19180
15422
38512
25505
30261
26568
36902
29957
27898
36896
18851
43136
19765
12525
36672
39702
31145
13430
43645
38747
23911
14610
24993
42632
34967
19167
39585
14285
35445
26039
42307
20969
44186
21344
28803
33529
29565
14851
12086
33421
34873
28384
12269
14849
28561
24895
27676
42763
12849
12714
37500
19600
23094
18777
37037
42428
27121
34286
24608
20305
12264
19811
39476
23359
39966
40512
38815
33398
31381
28689
40720
43256
14096
30743
26387
26674
36381
42558
28468
37772
20307
28239
29799
27455
38105
12647
33959
29030
37928
23464
30174
38233
27665
35374
17413
43318
37889
19780
39564
21952
20612
23256
36092
32877
20744
17709
17115
22458
23268
35280
39632
31170
42392
36045
35079
26895
19542
21538
13527
17328
30914
38772
39330
28811
43767
30721
12029
14069
17098
29910
23569
29824
44626
28482
14913
25876
25000
21386
27406
12610
31723
14814
34103
14036
15751
37772
23844
16297
13239
14452
44164
39616
15689
26812
23862
19346
19618
38597
31589
17317
35585
36189
37624
23134
16648
17974
31785
30487
43128
33942
23411
41329
35644
34897
22706
27627
21417
27893
20870
27828
29188
35140
35576
14526
15172
25319
42592
38164
42266
35424
23942
21101
33583
29505
18951
34561
43437
40091
15354
39579
39168
40378
25556
22768
38622
27407
21385
32303
22660
26478
39668
29145
41539
38266
33657
41939
32828
32093
44777
16314
31848
39612
40357
43638
30171
26345
24583
32274
32073
21339
30461
30666
23241
18524
42999
35942
41177
31746
18436
38599
28834
13664
16951
21696
21374
20477
23888
42535
19896
37766
33944
16939
36499
13247
38925
22247
24973
36031
34751
18232
17636
28509
15994
31436
18778
37350
40869
29820
40757
30993
40042
41692
29835
27956
42008
40720
35004
20407
29637
19937
39232
25801
35127
38672
35747
25939
15621
42729
30925
27946
18425
28188
32135
39305
14265
21449
29755
27582
38566
19930
31739
17443
19205
21397
28869
35152
29021
24177
14598
20367
13855
27945
35932
38033
29324
15632
38816
25439
37076
44452
41508
29842
31611
33381
38969
40647
39937
30440
40693
43854
44226
22823
38195
25378
25115
40475
42458
26654
44750
42125
20323
44653
42920
39465
33941
43587
19041
14036
19091
34250
43971
16959
30745
29536
20750
38844
31235
28671
14492
40017
16655
35324
21953
23307
15587
32757
33781
15253
34898
19461
13621
34569
43739
28473
24486
44806
37746
37192
28284
35587
12420
18558
14874
32739
18741
40442
19322
17865
31724
41497
28368
16429
34321
42290
22890
39984
14613
26756
26331
43308
16563
23404
12632
40848
40566
14556
35170
18923
32380
39176
37030
17478
18809
19298
31777
17847
38910
36041
16775
43059
27388
28157
13286
41636
19844
32343
21382
26939
17360
36535
21781
43016
43911
41149
41984
35784
28989
22076
25636
19710
16185
29931
13990
28997
35196
21086
17951
14052
39679
15413
24061
24227
34875
12436
37158
18397
43758
31443
13278
37591
35613
34934
44266
15696
22869
35423
25077
27993
24119
13890
17204
24167
33588
15450
14918
42151
22676
17754
32862
14993
15549
36007
40867
36032
34994
27332
41943
30721
26074
25613
15927
28074
12547
36777
24739
12845
36518
27322
37887
27116
37996
27606
36313
26703
44018
27323
18764
29972
37577
12350
42788
31719
39874
17029
22850
23091
38248
16758
40259
16183
31181
26479
35420
21084
19338
33336
30344
37830
17409
30774
14054
43817
14053
44513
16220
39134
20221
24440
25985
32054
34852
17139
19130
27150
35477
34361
12707
29347
19301
32147
17072
28072
38481
38496
33812
40342
25786
25099
35041
13124
42478
19771
39793
24247
23721
22345
26374
25147
13788
24055
25773
23474
31916
20831
36712
14381
36798
25641
41867
34233
15282
35841
28007
38780
40685
26184
27430
45056
31388
21770
17910
42446
38133
26673
26218
13887
37056
26360
43036
31375
24087
36258
28824
13107
43114
21355
44405
23916
26054
19647
32197
18205
27478
32170
35504
38106
43818
12432
21339
28225
32567
42270
28687
17549
42399
43904
37015
26472
21043
32724
14825
23553
31030
31199
34569
43615
14180
25855
28971
38133
31539
37985
25368
28278
21337
34676
39890
33258
34446
12958
42107
16642
22675
16429
23923
44200
41075
23952
26305
43995
37897
26823
26548
17594
27842
37400
31177
27614
18853
17924
15056
24045
29328
29561
19019
14188
24772
33353
13847
16085
45219
36315
39502
38122
24761
14369
30827
16200
33274
43209
35247
16703
15690
36024
37060
14049
21059
43444
28321
42585
29490
23136
32429
31615
41570
34414
32295
25001
29854
27408
33477
28611
23793
18351
17563
23202
26032
17120
16191
41365
31418
39828
28203
26941
43263
31374
43106
30879
30527
30747
24407
35960
15380
43517
17674
29904
38195
19880
40308
45266
25583
25265
16165
31963
29439
18819
34604
34513
43392
14932
17463
15542
28478
43095
23803
27005
42543
25907
13782
37916
23872
39093
39347
21730
41044
24769
43567
38155
35210
44431
39674
27794
30655
44564
15487
37446
36437
24765
39367
37408
25138
40035
44442
15828
30731
42364
29416
35750
30690
41870
21608
22399
14797
35562
16255
14912
36858
20118
24163
27478
29168
28299
15744
24719
27927
13856
24603
41003
32379
16071
34869
31031
14797
35575
13746
38422
25003
19817
41146
40289
21792
45191
13152
21745
30319
12834
18049
31545
28428
26467
42479
19161
29932
15620
40911
23665
29950
34751
41792
23219
18170
30983
12862
15549
20057
19447
43717
31397
44196
16008
43833
28757
26866
43782
38405
25241
45229
21957
30851
23158
38292
17168
22812
19134
27910
43362
45232
13281
13437
21465
37687
14854
40793
35047
19369
24922
12767
18763
28444
25768
36225
31551
43820
23083
21087
22003
21408
39584
14863
41275
29515
40606
20377
40324
25647
17962
26822
43021
13033
16007
17563
28500
20809
31307
29472
19406
23616
28600
27238
37082
30975
37192
27847
27128
36189
13450
42096
38966
22393
23341
38941
41964
43169
37466
23844
22185
18291
23624
43701
37229
15682
22538
12896
21273
37564
39851
25047
33571
16329
29820
29174
21646
21174
33197
26368
21786
37522
23835
26156
31928
41176
18025
33888
20800
24143
33874
29244
29286
38703
28733
43354
41451
14981
24594
32468
39952
41176
25165
16135
21584
42509
32849
13975
27214
39560
31486
19636
27405
20372
13701
37531
12895
17157
17019
27743
32928
44572
18221
14057
39075
31658
43316
36669
31213
27000
14921
40704
35617
22759
22106
37431
18620
37588
42973
39506
19458
33470
34404
41577
15929
44331
41841
39109
35860
25927
31116
29090
28018
34255
45460
18227
38217
45357
29267
15079
40412
23781
20052
31723
34101
44079
17401
38640
19919
24037
33736
29486
38803
20896
28934
41129
17669
26655
36999
23475
32960
17128
22980
27058
14112
42801
40494
13091
22590
34816
31426
16095
30241
31634
34782
29341
37682
40954
15187
15545
13553
13066
45243
35636
36583
24950
19469
13307
23003
37175
27246
12908
43849
43822
38218
24086
24848
43018
27556
32448
30059
25707
13738
25005
20258
32839
22157
21535
25090
19854
37007
42778
13194
37385
20318
41066
38887
41096
27808
31976
15139
36156
41679
26616
19097
33122
41543
35926
21164
29217
31901
41491
42168
16054
23091
40410
22857
31182
44553
25976
17035
25139
23510
44443
25346
20139
33880
25818
15483
37150
27624
20470
35651
38134
44881
15200
16790
15563
15074
26107
22362
17216
14274
35106
16910
41768
25476
41453
43261
19182
34299
24496
43447
40755
31056
23493
16577
37048
30801
32396
43660
18815
42764
13743
20644
13613
35229
24491
38698
26803
23876
37004
40580
44333
34747
37879
19795
45578
37062
20590
13989
43630
23051
28624
45165
22996
35108
28959
44592
21496
22515
34694
13312
29684
16181
27291
30126
20137
44890
31713
30268
42080
19349
26001
15249
38321
23343
38554
27248
40869
25888
16358
24235
41751
43488
14047
37780
31584
28539
24882
28853
26675
21476
36306
20161
20165
39307
24385
18634
38449
41521
43787
44467
41756
35835
29331
42473
13972
42182
22801
24910
13374
42939
15068
24950
37809
31011
18917
13334
33053
21628
21380
45497
28976
41164
37752
38069
44090
24373
14377
31838
38031
26570
31791
45177
44077
26785
31000
14580
40350
23337
38758
40404
19488
25534
16344
25454
44804
20347
45547
38618
31828
42064
41887
32421
26296
30548
36478
17350
29338
32092
19931
42707
42633
35276
29272
38261
39643
28589
28331
13338
44183
30976
33185
45033
22418
26706
33122
27899
31703
14481
27640
25800
37452
36638
24843
18655
38035
37923
26862
15835
39983
42279
44256
17042
31976
38368
33931
38799
24176
29512
31953
15043
39238
31987
15304
19319
23259
18591
26115
27269
21748
17421
26900
27336
31823
35087
20302
26065
39561
14307
32976
35035
14143
19391
38335
44545
40052
40365
40402
38319
31282
35225
33044
21591
28020
27048
24037
18533
28228
23500
34882
44148
26913
34198
36423
39362
34723
19019
26098
36577
27746
42809
43050
20144
26131
43595
32000
43914
24052
14044
40244
37565
34155
36041
36091
27710
34537
17866
29695
41627
15893
15618
13992
26416
15143
38100
13466
34462
38289
20217
20607
24953
20965
43727
42246
23873
24307
15860
35627
24980
28209
31508
21946
13729
43873
39679
26126
20960
38765
39935
32287
31233
35478
19304
29628
45858
41421
36208
43284
27204
39777
22337
28283
24320
26331
36685
45419
42614
27687
18402
40137
23175
19956
34814
36458
18756
43868
38500
34262
14501
42184
31471
28748
37503
43022
43559
30214
36016
18397
36626
44221
41372
41563
26445
21360
27870
39692
42330
31586
16439
27638
19772
16994
33994
20995
32577
33358
15500
22694
42272
39386
14326
35009
30019
45710
21501
32455
16486
43022
21571
44062
15713
29854
44431
18375
18242
18149
21627
45632
16799
42225
25708
20649
38699
16508
45767
41767
34438
24686
41570
39558
45402
33699
19257
28962
41379
41197
19043
35591
14670
43101
20036
41303
16390
43454
45827
15596
33611
17507
17214
17471
15556
17443
28925
41096
45782
36769
39653
15911
18293
19409
45487
27715
26938
22711
20952
24497
39606
35698
42393
23831
33799
18810
41753
20049
17064
26918
31458
18195
27534
31601
19089
15568
29552
25341
26578
30171
29030
23640
22412
29645
28597
23423
17753
23846
16105
25248
36665
43575
32549
13860
14727
39231
21432
37357
24364
44500
29936
17372
29202
16260
37939
20375
24540
23485
17995
32649
28372
32490
26626
34602
26404
26847
45295
39552
23626
36983
26767
40678
43718
31355
29080
22796
32277
30662
40841
15423
29411
36519
35462
16106
43389
37767
21859
22621
23685
13516
39423
35790
20457
32253
28627
42141
44053
38438
16586
34781
39272
15742
24659
16143
45029
20039
39093
41008
36652
17654
41636
14071
45736
37780
15121
21336
22025
17508
19270
24908
32245
44998
22321
28116
30970
18779
42496
32059
27848
18538
22767
38556
17309
44930
25694
43173
36352
30561
40743
43930
44210
24853
23598
42141
22242
45921
16954
28204
20640
26466
22019
27115
26004
34930
27276
32676
31728
19277
27570
36236
21411
41075
14085
44488
17872
17869
30424
29999
39038
39826
45972
36690
14993
16492
36690
23481
31737
14551
24488
28784
38441
42442
39362
42435
39114
20122
17589
36677
36529
33307
26129
34327
28431
37640
40117
43110
44776
29605
24040
29238
34503
46242
34981
21342
16559
27459
17205
26324
41556
17086
22276
44843
18315
15589
32429
31834
33024
26116
23127
24255
35623
32781
32324
19300
45429
26866
20391
21888
45519
16467
41910
41281
29763
36953
21761
29640
27382
32226
17154
33910
44637
17374
28661
29542
43440
32248
45290
35130
27548
34426
42008
42011
28473
27498
24948
30203
28987
16121
39298
30749
42348
18207
38507
14296
24666
20607
21329
24728
35148
43152
40415
42789
26747
33534
30244
31272
42367
20046
41121
39915
35336
15298
40608
35168
23758
32380
32968
21093
26827
34277
18415
18246
33959
14160
18479
40835
44660
27355
16956
32212
36763
44950
42740
30059
32022
39656
14648
29817
18400
42798
33275
14323
29098
26020
19096
44182
39376
34697
37225
24873
13963
33406
44181
28162
28264
21552
36649
30155
42489
43318
25707
41862
38346
27453
30059
18895
31894
31330
36058
34657
16827
38367
19743
38108
39916
14314
44200
40902
36902
26842
35966
22223
23781
19852
40221
35673
42391
29957
34178
35895
29265
43352
32901
40373
22465
18378
25705
45785
23396
25653
18610
19433
26616
15274
15926
40493
26165
14938
19831
26870
19896
39095
44848
39904
16960
21462
29486
45651
37148
34072
35169
26704
41700
23817
24883
44138
46440
17800
37656
29458
29158
28457
18535
20248
45952
19927
21864
29551
37356
18622
14766
33329
33902
41320
31399
19682
45315
22053
35953
27129
15327
33713
15599
17308
43802
35345
21789
33708
45735
30910
25760
33025
31877
34309
27554
37367
16697
38318
22236
26665
17531
37596
33268
22908
35376
41268
46090
14944
22424
26945
19086
44370
21705
33815
34388
35749
25180
18999
44778
19331
30566
35251
32809
34607
39850
26515
38410
35212
21004
28790
19131
33763
34633
40061
15090
20705
22758
19044
25730
26847
18534
30194
37676
27495
44736
44436
36791
25075
33808
35653
17730
40951
20365
46256
20698
25634
21435
42649
44872
40673
19170
20345
32044
33318
18366
15720
32080
15975
36472
25408
22838
37097
31189
14592
20467
34622
16558
15214
18240
39949
44960
36609
29391
37137
43780
18941
34267
43620
36129
43488
41731
44798
46241
14333
32344
21112
22338
41319
26037
27670
27854
17936
41807
40709
17997
17202
28300
22497
42361
31982
24345
17275
26738
27444
38455
41688
40371
44514
37461
41085
37957
44080
24804
35561
15410
17227
41575
39012
27453
18496
38089
38903
22992
24860
38900
46012
27702
31057
24735
43096
39946
21852
19815
38341
38384
35237
37410
19797
24451
22695
44400
16627
39310
15440
23698
30636
45694
40619
33152
43887
40215
34236
44853
29713
24423
13996
20558
41876
36344
37926
39891
14249
34634
15360
19541
33907
33664
43038
19769
31886
19546
22163
21075
14928
45411
15626
36279
44623
35948
35685
30667
38691
27192
33187
23969
42605
43897
23815
43396
30488
45563
41078
39377
14558
28192
15394
23049
46350
24716
22629
45603
37005
25633
18415
16423
28443
21550
25892
28664
23512
25315
24256
42353
39687
46089
14269
19636
18705
36848
32374
17599
27341
17064
32524
22593
21246
31603
29961
14507
33054
16507
32835
44937
23898
19137
24836
31251
30173
24150
16231
33535
41297
29389
33285
28314
43683
16368
30673
44311
27143
33458
22849
34599
28477
36453
25775
22730
41234
32301
39422
28260
30249
39605
22912
14355
43771
18464
27159
18240
39197
36931
43675
19060
37826
40209
29308
31597
28032
14166
26025
45938
35671
40361
16304
39395
43247
18331
23078
41236
45601
26933
29257
17755
21945
19106
29156
17000
46458
18472
16243
45781
22371
36445
22920
19966
15409
26263
16749
14355
16165
42916
30987
39020
41735
40635
38922
27164
28779
33971
15418
15048
35123
21363
22834
19386
38229
36778
43831
18737
44255
23232
20831
35835
25400
24844
21237
39238
38824
30791
37920
21684
44826
33344
32192
39085
39713
26578
23705
43257
21050
16403
15283
45966
40273
30671
15872
21414
24198
36149
15168
19221
46384
46031
42018
26074
41762
29880
29100
15348
38702
40713
41948
17783
33000
40084
37776
29918
20908
32469
39843
19363
36579
22565
23897
40205
22913
46385
41981
29514
36562
19115
43976
19133
26231
43839
20485
38809
45484
39369
25715
18863
40908
19397
15851
17028
44054
45062
44610
29095
39089
36268
30577
35649
39662
36688
31219
36078
40142
36481
41583
33995
14276
45940
23191
20177
19643
15607
33104
15457
23899
33959
44563
23071
35464
37731
17299
18436
23596
23040
38304
22447
46647
25150
42571
25852
40676
35835
15947
40152
14909
43687
25759
42580
40673
38648
31093
25080
26629
35039
30795
45913
43193
19898
42324
35053
42092
44747
43549
38431
28851
39913
25968
29599
25670
28277
29305
39420
30539
22672
43815
27252
30936
21643
43477
14859
15795
43167
36394
37594
44124
21215
35133
40874
19021
29034
29949
30145
44672
31461
31441
45308
32050
23337
36219
38430
20711
18488
14914
44904
46254
25462
38224
38762
37798
31510
17753
26136
16833
32722
29309
29728
33224
33503
40048
26747
44191
20512
39896
17474
24011
30874
21238
24772
18737
24872
20873
37845
40480
43375
28655
28265
39826
32533
42382
18785
14767
45358
40562
38052
35987
38903
21559
40050
17489
42183
44586
14581
28216
44610
27819
39961
23381
19664
25558
45470
20536
23374
18786
17772
25083
28675
39368
25638
42113
25045
22696
43521
36348
44476
45161
29655
46002
20600
46369
42615
17408
26751
20148
32832
24991
46138
36415
43246
17446
16496
29367
29619
16848
23299
24781
34698
42624
40410
21013
25032
31746
42526
32616
26355
42900
19369
35463
30168
32933
27835
27392
45272
17628
41455
41558
29059
36188
28270
31580
39528
43335
16483
22754
15146
33152
21935
22419
15063
27062
22749
18206
31862
33438
19032
16020
45535
37247
35291
20497
20688
28916
37930
40863
24124
32494
18688
24919
33766
44024
19784
33482
42031
36799
23951
33695
24620
42705
42170
16765
17404
40357
27380
15147
36185
19676
45291
36597
16492
19142
35644
47186
32486
46632
21035
20677
21836
40508
31128
22529
29330
44026
42287
18256
32236
28822
19678
29749
32481
32074
34188
34384
35745
43093
16904
33923
45464
41796
41023
15699
19523
18032
38579
36497
15939
46536
38440
20537
16560
17104
29600
26266
15535
45034
44682
16311
25415
14549
26423
16366
30576
33907
39309
25047
32365
25551
28671
36207
19036
33374
17085
27254
37644
27525
38695
45589
37134
35164
45960
17348
20239
32946
39681
33131
42341
36433
34243
46791
37863
18818
43393
36880
28162
28628
26150
25561
36105
40474
43715
21559
31949
39603
42699
35621
22126
38158
39810
38439
15728
32364
25011
42286
45841
24552
30625
45244
46042
20917
43841
19272
21365
30632
46246
41444
19134
42742
21693
28701
44060
39230
19514
27427
45586
20682
16082
26666
23569
37394
22187
16911
19857
38529
15377
16959
41824
23676
46442
37077
45881
47265
33644
28674
27032
35916
19853
18098
14797
17760
45755
15980
21583
35652
21070
30842
38740
15659
24891
40523
28062
42393
40842
20757
36760
34595
16906
15550
23201
26230
42051
20989
45736
46490
22188
27581
41465
17528
23838
25538
43862
39578
45449
23182
33354
40499
24294
46726
40378
44127
18540
40529
22717
34475
28935
29313
38318
14808
22278
35445
38783
25052
47123
47229
34127
28458
20841
22848
19519
20787
28737
29275
21378
43565
26253
42059
46772
28691
47081
29581
31341
40685
37583
44291
28437
24657
27146
27034
46586
19498
17005
29994
40095
42680
35012
40094
16984
16344
33803
42836
15379
22406
47070
32711
43641
43936
19249
20331
30262
37612
18241
37336
42644
18781
17098
25387
34383
20882
19835
36265
35493
36768
44967
39590
45228
33041
21053
27302
17640
46637
25338
39105
18717
28792
35037
44364
27746
35451
15580
25525
18807
36039
39637
34735
24408
37944
16071
44431
30738
28023
33346
18934
29142
35266
44572
27825
40524
45296
29798
41693
44073
38063
18078
17487
20228
43281
23590
45107
39270
26183
31989
15602
15648
22444
25741
24410
42465
39941
20781
19705
41479
15110
37703
40393
36278
29721
45364
45331
46119
27228
29479
22925
23363
20968
27488
38085
44401
33369
20130
20931
30124
37515
45286
35562
25048
24993
31313
46880
16214
45388
43108
22063
26070
46410
44915
40042
17516
15404
36952
33171
17639
21853
30312
46844
31070
39008
29094
18669
18443
29017
41271
28486
35164
38607
25110
20837
19528
36016
22025
16714
46304
22677
22228
45561
43302
19272
43436
27936
16417
33668
34542
19450
42801
36347
18961
30579
29089
18077
24026
29581
34427
24344
47310
31234
41120
44699
32237
26667
38167
44768
38301
17440
21414
19049
21221
40225
21919
24586
30939
19253
28413
40871
46176
21008
46511
42047
24074
27450
29492
28457
39010
31598
21608
43166
40528
30529
19358
18808
21971
31492
22766
37433
31477
39402
44241
29519
30463
43118
22763
19095
47081
34287
33575
39455
39956
43421
20233
39984
17980
30361
28992
22668
28072
39768
41339
40692
32419
32841
24190
35565
40752
35255
47221
29892
27642
45296
38280
29648
33162
47271
42159
22007
42428
32919
29384
45171
42356
15465
21991
28118
14989
37336
41709
32076
36370
25107
24924
34593
43697
16994
29033
19075
29548
26637
22611
34952
29330
35706
42740
41075
38126
34453
44694
16691
42302
45684
30727
21548
39911
18492
45296
34106
38630
18750
33634
35827
36362
45670
35762
39469
38752
32470
24711
37825
20463
15822
24881
29582
15526
16335
15932
33216
46995
40704
28741
16210
15702
42704
37133
43729
44756
24285
19148
16995
23344
15637
20936
26377
26103
17178
39973
34081
23962
35563
19455
42543
38434
34498
32694
20444
39967
30776
31881
21567
21473
25263
26471
30556
39147
31985
32769
36330
29093
26133
37412
31066
43857
41379
37190
42260
29248
40696
37471
26884
47686
20459
38906
30037
35691
37552
25739
43900
34531
29437
18179
34937
47169
34412
38306
33881
34535
26657
19212
35584
23489
38828
31136
29221
20275
16176
35077
37022
29519
42181
29189
23262
36428
19228
27807
43196
22835
34146
17495
34934
38620
33382
18129
17141
38681
37629
32926
30034
31281
44966
15446
25498
18576
33130
30695
26830
45756
29190
17452
43054
36235
34636
17090
25527
24212
36295
46615
39915
36067
22174
22467
23760
35313
36026
26908
23611
34515
25899
45572
19790
35249
44744
25094
36160
30586
34070
34722
36188
26070
43628
37348
40525
18780
19796
36924
32920
21510
15667
42121
24170
38881
21037
23415
37524
16905
35907
24331
24788
33237
44478
46972
33622
28751
21713
36421
45434
35815
22650
42872
33752
40040
27817
34133
22914
37674
20900
27163
41608
15242
37546
44062
46018
20375
38870
36890
34761
17678
36679
40391
37191
26249
29054
41645
33393
36083
42247
22330
44497
36159
34140
23058
25673
44633
20742
30118
29781
47965
17157
25608
44688
34312
23410
34046
37754
28012
39779
47701
36472
15591
47119
24183
25116
30549
35123
35136
43431
25221
46772
38670
37836
26346
27013
42519
47799
38803
33739
32256
15694
30301
42047
38315
32183
18536
30932
43856
43290
36551
42139
41679
27816
30588
15587
40516
31708
23203
41380
34012
19456
38893
46366
27624
43252
26704
46781
38448
34603
30717
17728
32138
46838
23699
19482
39595
23813
48018
24600
24380
21546
46354
20293
38449
23649
26293
26635
40534
47886
39642
48026
45866
45189
30739
24462
47089
26319
17626
29387
47365
15788
37759
27052
38765
38868
27237
25950
37552
36226
15470
39558
42219
43059
17844
35626
25890
35755
41082
38862
25556
45114
42594
43997
46546
37437
29152
35147
41297
31463
37870
30585
41277
17986
20993
22873
45776
19056
32828
28370
41316
17463
19428
17766
17541
27837
35349
39954
25675
40079
24243
15989
47078
40936
20386
39733
45691
41009
38970
39327
37423
18116
20725
29325
25985
31989
16235
37005
31452
27987
25217
47935
28268
43563
36573
37375
18994
40270
44957
39364
27731
42260
32584
25160
42934
33441
19716
34410
21197
32103
41482
35792
47283
24556
23384
26064
41080
45518
35749
40849
24249
21252
47514
29037
42355
23654
20031
17818
34328
26992
18356
28682
23011
44867
33825
40335
33897
34028
47343
15939
17522
16617
27193
28455
34566
36841
30333
42762
28875
43220
35480
43693
37262
33291
37361
35876
30239
27633
30452
47487
35938
46250
18370
24234
36259
47395
37670
40594
25386
34642
37324
26505
47375
30143
28589
26348
45904
21571
18894
24579
31009
39439
46122
27176
35459
46321
23532
23084
37912
24019
39394
23286
46390
38533
35119
31085
27706
46268
30272
42905
40223
40538
47617
31492
26191
39663
21840
43623
47032
24192
24754
36482
24611
45448
42052
43596
33985
23101
27637
32332
46855
43796
27635
43847
40124
23175
18787
43035
24145
34838
39765
36587
20336
37516
30711
17788
34263
41859
25096
34015
21095
37930
43664
33873
20600
36678
39631
19295
32624
38007
31347
28494
39572
16573
17934
16313
41758
32826
43462
42620
20623
36154
37967
16081
23366
24688
30230
26553
21842
30338
32959
21918
34181
36553
31442
26422
30921
18258
31665
16810
15799
47656
41934
30712
32358
32725
42266
16790
27777
47910
44993
33880
45981
37423
38676
46483
26057
47247
17094
22147
38502
28405
16476
36842
38713
39907
35039
45306
35774
25010
20180
38261
18111
21975
26734
46867
42534
15716
43521
28196
24848
29394
17594
42358
31778
22781
32142
34169
22560
32624
20592
23201
36539
23523
21447
47884
37291
48386
28703
44901
16382
23152
16414
25352
26032
42508
44218
40806
22907
17011
39338
38571
44272
17094
46618
16799
41671
38829
17827
21706
24436
19867
30074
37084
34811
32852
37352
29260
17156
42925
45050
33854
20530
41363
40825
23210
43441
40271
47388
30651
25614
19464
23805
41077
16460
31370
46410
25755
42036
30790
37181
24016
27884
28569
27726
27132
20427
37713
30119
25841
15724
17773
43992
42319
31489
39716
24780
16548
26090
25129
47611
23256
38279
35630
32994
33993
20298
40359
22448
28210
33040
39120
42563
28369
46513
26097
21330
43721
47061
16352
40428
22085
22282
46024
43809
23646
33556
40746
39935
27967
45444
20257
16320
46982
16781
42218
46657
20718
21010
25507
38582
37419
15875
35667
28317
27158
45802
25899
44272
27658
38337
42252
19871
40334
43527
17481
22845
18228
44819
31149
36089
19649
26535
29376
16081
20621
16328
45638
20994
42541
33997
47113
20419
22608
25527
21976
30770
17895
41408
21968
24463
39561
17207
21978
27560
42517
38026
31861
17812
22425
18853
27318
37796
24434
42874
36748
36759
48309
27617
16457
19725
47566
26531
47710
17471
40039
32465
29286
29932
35980
33627
21607
46487
30476
40413
22868
33519
28450
47292
38358
25487
21332
41330
42571
46055
47516
21542
39952
28282
26310
42368
20475
17483
21785
16059
15916
39313
36409
40956
20230
47794
23628
40162
45432
23919
38492
34654
43649
16988
35836
31941
32243
35476
21551
35107
21623
38314
33669
38099
17105
31715
36231
20556
22117
30882
21845
37438
19194
22819
45454
23518
19903
17260
26480
30589
29067
27009
24897
25952
47209
31960
41965
35532
22100
30220
18416
22368
37183
34005
31094
21672
25177
48184
17345
21486
48270
20219
43980
44627
40017
28764
24110
19231
17561
44291
29760
24662
19753
20532
38018
41356
26133
43337
29243
20729
29826
17760
28768
26320
27821
29009
27575
17101
36143
38883
28732
39949
24447
20543
24004
41763
41400
45220
16352
35432
32156
47453
23812
26770
45273
27632
16617
43401
35468
25241
17967
33142
25092
31734
25415
38428
27336
28420
16016
21099
35291
23370
19904
38994
36926
43348
33926
17622
32439
20323
22126
47713
46801
20067
36868
25948
48420
31517
19260
28415
28886
26542
33553
37480
23650
33080
35437
18411
33688
46551
27209
47786
21222
46807
27413
48229
37845
43812
19802
43923
35542
26113
30110
32689
41535
30205
36744
28634
18065
40995
27716
26520
22524
39794
41001
48634
21797
41101
41881
25318
41766
41395
31529
30385
38614
16112
43778
32749
41804
19093
31112
45954
20894
29159
17721
33537
26094
24084
29143
25908
21928
24939
45257
36090
29445
33995
43199
33361
29140
35164
16533
20917
43385
45694
37242
17833
47158
27647
17489
24211
27561
41105
24151
31948
37526
21627
16646
28920
39911
22670
24890
26259
42737
43355
31123
23757
26873
20131
48154
41368
35831
20239
18215
33535
27289
35873
24962
43705
19851
39531
16840
22526
36342
27135
25872
27545
16711
21286
47311
31295
21041
23381
39929
22815
43765
18012
31593
22714
21729
18401
36227
41461
45334
26893
28952
26988
44687
30341
45961
27914
41311
35484
33328
28631
40762
34759
35579
43024
34103
38737
20570
21373
35540
32847
29788
26111
34363
27351
16149
34409
17860
25453
25666
19856
41658
45758
19504
31654
45410
23953
25561
38851
45625
24826
47184
44485
43134
32464
24928
40538
47600
44642
32624
46427
48089
34150
20650
31324
37195
44338
41309
28545
48810
47151
39839
45715
22122
27530
47670
46162
41754
20780
25273
31245
45730
42477
27378
40305
42697
30724
36231
32415
28410
35266
37337
23681
20295
19585
43821
18269
22702
34775
21258
41386
46747
33039
41697
41763
30127
46809
28916
37403
42944
34112
46192
42768
35105
17885
29916
20098
35619
16458
18615
48389
26587
32474
42845
35222
41766
23431
37419
16939
40171
22828
22755
44686
39072
40181
32082
46442
24080
39955
31280
38822
22363
20916
28999
30195
20542
37170
34008
21665
47764
18570
24634
37303
39965
18193
46020
33090
35199
23650
42989
41965
21130
25499
35762
43986
17344
36553
16952
17296
41237
34464
46003
19358
48627
45680
17798
33247
22145
48212
40364
18294
36389
42413
46422
30939
46920
32718
32469
35886
18521
40185
41659
27084
41492
19851
38973
45857
35588
32115
40156
27581
33862
17896
20293
47273
23441
18268
29045
43515
40563
24491
38432
17064
21213
37017
48468
45722
39138
43643
42074
30466
39356
36660
19677
21744
26640
41315
32589
25121
46451
46043
19590
36887
33068
36180
21165
28015
42043
21600
18779
37232
24219
30624
39166
26080
18885
26167
33148
17179
21621
44159
37913
37478
43952
18683
33946
27264
46342
19853
38314
23162
32277
41193
42110
22217
17742
29770
38837
31898
32764
16740
46466
40805
33153
25753
42252
21701
42979
42863
40725
29319
45448
20290
37338
45824
41022
33846
48187
29604
19839
42096
33820
16853
37874
22406
35851
43513
45620
30259
19491
31951
19161
39504
45616
32515
42414
27391
36116
46848
38465
31018
18281
19717
43940
16428
46439
45435
36205
40653
31240
32134
43521
23668
18283
16858
39443
36504
32374
47056
23911
29304
29120
35000
21724
36620
20398
40817
40361
45883
30684
47160
45543
42062
49086
41662
29264
37029
27271
27261
32070
39592
22601
22859
30487
36865
45150
34864
42879
41225
35592
29301
36974
44159
24148
48893
25100
29568
45636
46041
28666
18867
24620
34838
35803
38341
24925
34777
26900
46613
28929
48815
28111
40368
34118
39966
38214
48511
25535
18048
18238
36287
21767
36881
18641
19378
48039
16966
43633
49044
37433
45920
22314
40657
38094
23106
43303
24181
39310
21631
42872
35300
23710
37560
20755
29131
17223
40741
39192
18262
23124
45681
30809
30628
37819
35531
47129
23416
34688
47418
23060
36657
48087
22832
16832
34556
47241
26211
33491
45896
27032
42200
30981
18810
38182
20288
36119
34018
26771
32648
19220
29678
24806
34220
44503
42398
37486
41164
17357
19256
37801
20097
37116
41533
36708
42097
21060
47771
16932
26657
34277
27940
26309
22795
23874
38463
22113
24817
31717
26846
24435
40560
42946
28080
38972
32216
20160
33431
45158
21563
34165
28252
34280
45252
25393
23714
33065
22602
24383
22040
31848
40741
37735
35059
47707
38209
34743
30108
45078
47217
27524
21413
42543
41221
24491
17154
29984
23710
46620
40310
24812
27457
19098
31819
22534
37547
22716
17990
39278
31716
29496
23002
34333
20247
32864
42908
41379
16801
24557
20727
34319
19048
40444
40737
20239
28782
22358
26189
49240
26534
45812
43299
43848
28678
38083
36973
22474
43741
28068
35603
29819
23143
19639
43593
21003
49054
38361
36359
28133
35412
33131
30137
36882
36735
18774
18745
32858
47572
42827
44538
38573
26775
34896
31878
43714
45233
39288
43562
42750
46083
37361
31471
17047
33530
24132
36813
42745
48227
37081
42268
33897
24449
48058
38219
23016
33885
38808
29652
29786
28254
39955
21615
26855
44313
27958
37511
36514
49002
16961
44266
47976
27844
43436
35268
18443
18629
20072
46798
40880
38158
41576
31171
24182
30033
37472
17684
17241
43435
42701
25820
31061
17205
46645
30742
31694
34518
36016
35342
39471
29275
44199
24597
24274
38857
36060
20345
23840
17137
30634
44980
43769
40262
28559
48356
35158
17388
48359
32379
32812
33809
35066
34360
29076
45440
43577
39766
26666
19315
34245
42499
42162
25513
43569
28435
44802
31673
34697
34806
28188
19622
26771
28391
35738
44211
37204
17255
42575
34681
42710
40682
38955
39990
17449
26064
21343
30312
24744
42134
39618
21659
27517
19790
39283
29055
49256
26956
40384
25405
22972
37667
31559
34059
25514
19664
22619
40703
38081
34356
27306
49184
28598
26568
26396
32451
21089
46476
43262
37653
30217
24128
21599
32756
17633
35543
30650
48643
43218
16937
28886
40189
46971
29928
39147
20297
24439
34261
31750
21455
31454
41523
40878
45579
27406
32380
40136
48223
41387
19284
37048
19630
47844
30395
43465
44838
36088
36230
21199
44893
20729
20752
16907
31648
18641
21805
28494
21128
34434
47711
46433
44749
47282
22605
41637
25951
41062
27760
48375
27059
37902
41232
48342
44123
46018
32879
33736
18394
45771
43076
20985
28598
23141
20842
32550
21967
43459
32730
47801
31214
46932
28375
38710
38817
46917
36200
25813
42567
19271
40715
40817
40807
32658
21672
29600
32582
39209
29124
40740
46008
39264
20983
45186
27958
39580
25248
27120
34353
27227
25815
19316
29862
33908
35747
34891
31219
21407
19053
27528
34025
23351
26549
28669
31266
44607
43012
36702
22164
22436
42274
36004
24679
38849
42376
48560
23044
39720
34840
38961
27503
36512
38924
34247
46550
46186
23853
17257
17770
24265
48197
20484
21869
29633
31702
44644
39564
24094
33036
32344
34672
36792
22769
45329
49040
30966
25056
23756
44105
39313
43324
29617
26672
36506
20833
25082
29863
49599
37851
22359
28078
40394
46039
49041
45052
27754
29910
44654
42319
49462
27049
17110
43776
38383
44953
17715
18138
31749
27110
34078
40492
34653
37235
47671
25373
22098
27839
27732
44096
23290
17431
42719
27240
18858
42506
31609
28862
20668
20510
38883
17168
32143
36801
29471
40556
29392
44930
21970
28654
21496
17537
49645
44502
35350
28708
32140
18141
17871
27148
17695
39882
25251
26184
26823
46912
36722
43976
22787
47066
24638
28436
26251
41082
44338
17726
47484
33501
25315
17172
17334
47219
42967
40091
45698
40302
31556
22713
41849
33305
45337
27954
41121
18028
28482
22230
42968
21469
36904
33272
49526
27000
36472
38689
27182
28210
24102
32774
21557
48507
22193
47288
17318
41490
37544
49435
35366
29469
26733
49817
26052
34681
24633
48663
18210
29519
19296
22056
49882
17384
24791
35201
45595
44482
33523
29102
18067
24803
37491
23043
38290
30573
29377
49876
24172
45683
41845
42217
36895
30987
37659
35116
21045
19876
36662
18597
38124
44442
30085
34984
27797
36616
35460
18253
48186
28894
39222
35873
29571
45363
49186
37147
25562
40412
36763
30674
28878
29501
23877
24300
40885
48479
28885
27610
19094
20291
28184
40131
31302
17526
41015
30397
43984
49382
35385
25667
34074
25332
24777
22500
48326
39882
20794
34616
47447
25071
47560
21016
43925
29208
46881
43534
43058
37442
43812
36363
33965
35581
41192
28248
31607
19211
45568
36047
23381
26921
20733
44363
17925
30765
40245
43613
49700
24913
41923
49729
42063
47311
45519
45072
37769
49326
39952
25910
44252
36315
40846
30503
35395
33659
49069
38222
45256
39040
17767
39750
43498
39802
17369
37709
19521
26800
17921
48374
30565
18032
35270
27678
18187
23459
27704
21536
33137
29860
27418
37709
17661
35411
24478
37526
47393
48997
22127
36236
18049
18430
43252
22155
39512
28545
48084
43825
30999
45223
34485
44309
42064
37838
18762
21174
22483
18324
37260
25778
41495
42917
30535
23353
39899
42449
45273
44992
49932
18786
25910
30458
31978
47276
24368
22276
33639
32997
34294
44512
49615
36919
48858
31780
25774
38420
40023
26611
41199
48586
32338
27693
30273
30551
34720
34787
28863
49790
36041
33294
44495
45082
24587
38272
43082
36275
40610
39194
36830
28495
25415
30784
44977
35722
33271
36746
43079
40425
45301
49596
32934
50028
49938
22777
21176
34146
22316
34867
38640
34433
41205
41190
21296
34358
44789
20742
45291
44602
20947
32054
48775
24166
35024
35642
24581
27336
38804
45231
45795
32758
43309
39417
26945
41378
42069
32126
24644
30575
38131
28434
30136
23555
20197
34737
24825
25182
44541
46452
37651
17770
38729
18366
25128
30163
40856
35766
33810
47640
31545
36091
40010
38115
39686
20115
24840
26006
39586
36900
39852
30502
25598
29542
34909
28972
44066
38360
22768
24377
44330
29362
24331
49770
49550
41243
41354
24893
17575
49821
24865
18851
23663
46550
20547
47447
37001
24944
33347
24685
21121
43859
21946
45614
23380
28696
24104
47139
33331
36545
37086
39792
28804
23720
47387
22628
22314
38326
30581
20557
35078
40149
20602
44433
40637
41128
36504
19962
34748
30841
31546
42834
44154
19827
45876
23088
34301
25617
39521
26385
20128
39382
45706
47530
45075
27455
22922
32381
37539
38390
45744
30379
29116
43848
48997
48649
22956
42713
27407
46965
29353
23958
36405
37739
48406
22764
44259
42195
25346
29239
29776
30749
49906
49790
48062
24720
38880
47709
36002
28639
25219
30274
30213
35838
30673
41693
44842
38707
22723
34257
19825
24176
46936
32432
37243
49632
19676
37926
36751
19392
25962
24948
46908
43376
50352
30752
32320
47818
18418
35307
45737
43954
26961
28420
47162
19438
34894
23675
46352
39225
39818
24312
29062
44946
45007
28077
28501
37850
22612
43401
31744
35998
29757
40111
49775
32050
28002
36390
40921
30463
21585
48594
49128
29981
32150
40099
50200
30245
33850
21772
31329
26688
21897
47031
26389
39812
43544
24695
42507
44673
36871
42878
26365
43286
27268
45776
35119
47498
35472
48119
39505
18391
17670
24056
48295
21321
43481
32647
47207
20040
49309
44407
48227
27762
28233
31092
37351
38638
26683
45300
18405
31484
22652
32875
39247
26320
38726
22206
37573
26784
40387
40187
47984
25596
38424
38471
17710
37214
44194
31768
34799
39938
34431
43684
19551
20983
33105
29081
43461
39543
41022
23822
31530
42612
19004
35513
44991
36723
48523
24419
31353
22685
23682
45210
42238
34323
46991
46758
35268
48771
30842
23230
31095
43769
37609
46459
36764
35063
24105
20876
47733
41671
31787
34476
31268
41488
45517
32977
39698
28840
37979
18342
28562
39849
45142
23100
19650
27847
36212
45820
20146
44512
46055
18401
42953
19157
38626
23268
32612
17817
34906
44727
41919
45191
39434
29621
37657
41721
36793
33050
40979
23574
18111
44655
46426
34795
46790
24905
31877
23230
28622
41779
27713
30366
47476
21481
33195
20287
46963
19399
43261
32773
46955
33408
39277
18527
35809
36371
43090
41558
39047
36347
22409
42854
29630
22182
41751
46988
49498
28969
21007
38560
43685
49970
20151
29669
38822
29502
18918
36831
36259
23820
44464
29796
22244
43601
41797
29430
22458
25517
45079
23888
46272
36318
44603
44095
44641
42804
42002
34995
21914
39236
48936
27414
32257
29409
30300
50396
37127
32328
38722
26716
42618
34715
49861
41694
34382
26513
40209
48373
30620
42603
46256
21775
33003
19242
25842
18506
32175
43775
46995
40329
44303
19715
35224
42696
40427
46632
30586
19628
39966
45423
21638
47198
33536
26716
45444
20378
39215
24488
46743
46851
22928
44085
21604
20154
19856
29767
36982
23854
23728
37104
28897
23606
46400
25548
19238
40029
45674
46319
31319
45692
25459
44316
49276
25487
38974
49207
22324
33473
38674
39933
29600
30153
24476
28403
49532
21369
40760
39836
39311
20628
47724
44015
30534
28385
36789
39176
29084
41597
22407
47902
47932
24949
50575
30133
28138
20884
20283
29717
42271
34938
47996
35322
44019
37358
24523
35981
49728
45174
44650
46995
48389
35876
31212
29413
34312
50098
37367
35872
48832
37842
40265
47261
35441
35007
21753
29604
50073
28184
34047
36060
41099
28910
30199
31494
35674
43036
42018
18155
45304
30422
26542
41619
35743
32133
29239
32952
27760
36050
50573
49274
18523
20225
34744
49493
19518
39809
22585
29519
31825
43201
35475
46966
25281
36933
27146
42121
37275
22776
27307
33782
31724
31684
27532
39684
27175
38496
28245
37970
36294
49257
26623
40320
30772
46773
36572
36140
30955
20708
18904
42272
42713
30007
42238
50377
39177
32422
28478
40940
37503
18732
25965
19860
42340
22630
36493
49999
37219
19548
44367
37017
24914
39071
27350
28313
35861
45460
40638
30731
40127
41999
22621
40318
42491
19235
36168
43455
33963
38969
37145
27285
46542
41312
47728
20910
50087
27108
22840
41434
36380
39202
25132
31863
29276
37786
29593
25388
38340
43590
38757
33243
22532
21547
26192
21712
45181
42541
28794
32575
31470
32039
36646
26093
30544
36411
33725
25133
33022
20839
34838
41230
49433
31321
46068
33491
24619
29573
23504
36515
31498
36724
19673
20098
24320
25695
35386
42880
20776
34300
28571
33328
25883
37272
23786
22364
42700
49254
20315
29943
39857
29719
35757
36691
24356
29098
48560
29333
24072
48774
45316
26725
30127
21446
34595
42474
31227
39892
36513
22005
26308
28217
40883
37756
49274
32179
41455
26699
26636
27784
40786
41974
26120
31515
34951
40722
28931
33981
36454
48804
45883
48837
46268
19418
37755
28131
33354
29689
34111
34225
29200
33943
42009
26251
35275
47114
40531
44449
47548
42528
45782
19274
27051
44305
50762
21404
22316
26289
21375
48441
43297
32234
47884
33387
23680
30826
46646
22644
28246
18585
28947
28959
26380
48078
36847
31387
43753
39106
41966
20873
46041
33349
21235
39252
39021
29231
46785
44737
33826
24730
46944
43207
34022
27470
25795
23456
20952
37245
37799
37408
28496
22449
49598
28998
21535
26626
34061
47633
29720
33420
35474
23956
21455
21024
26667
38733
35232
31034
50611
33203
20467
27443
41326
22798
36031
26040
45991
24715
29261
40571
46487
40336
40255
31016
36745
23885
21456
22939
45628
47252
19037
26192
40841
35306
37157
20251
26181
35294
36685
27673
38249
34201
44839
18662
27248
25527
40883
28688
48897
27477
20326
35532
31182
33131
33835
43240
34492
20573
46248
50433
39492
36300
34498
22774
50201
21170
38755
38556
38155
47534
28538
39092
23595
47004
19012
40986
48944
25193
37067
45375
45593
39461
44716
42456
37396
18522
42012
34520
26527
43421
31021
49820
37869
21858
30286
37734
28043
30741
50705
43533
36931
29542
25650
28915
25665
22756
32212
31542
41076
29389
42765
29739
19511
20260
35237
41736
33841
33029
28955
22240
34425
35894
22505
20181
18942
44798
23049
29321
42279
32314
45240
28373
51126
34733
39802
35518
35826
28312
23134
18596
25349
46730
40323
42941
24739
45178
36315
39362
43500
48659
21295
33000
19348
24399
47972
18962
47937
48711
26364
30533
34868
44362
40672
44636
32556
19244
46940
40957
50567
49632
42091
23243
44971
21321
41781
24285
22180
43086
40150
34160
45326
38445
42593
37080
45878
19985
49700
30909
47740
43750
50734
50819
51196
37228
35855
38410
20077
38538
19935
36504
38728
24550
21634
26643
33581
29362
23337
20596
43396
25801
19484
50552
39776
41978
47800
46744
19880
51107
48819
33596
28280
41090
38056
43308
43461
31433
42959
46919
41280
50800
26891
22647
39805
39375
38699
35556
44629
49772
23657
22376
26761
22546
25911
40260
48807
34339
21564
50705
48946
32558
47001
30201
20989
20164
25456
35878
34520
32136
21927
34683
46958
48006
34537
41858
32878
33990
19694
49574
21993
29728
45565
29347
46844
47185
26031
46138
50350
24399
43765
46889
49179
27610
26460
49498
46035
26964
46992
32859
19581
29138
44319
24590
42176
23155
39296
47522
34915
31217
35412
28353
29362
48501
23275
50443
19492
32688
32522
38340
43836
22055
27372
42441
40109
18638
48262
47561
46785
42969
35344
47793
31739
29647
31168
32360
20732
35808
34521
35005
35235
38520
38884
22686
20856
22548
19005
38282
29515
27733
38610
45384
50200
38226
46120
20954
46382
38195
22943
38829
20880
50684
51190
37906
43676
25510
47889
33778
30698
48244
43258
41660
28279
48004
29223
43427
37635
33189
26363
20231
35767
32872
50830
23088
46347
19322
39601
40770
32231
37936
38189
30573
20232
33636
21068
35173
33190
25984
42139
30226
43348
23768
19949
48520
46375
36413
18851
28729
44058
31694
35883
32873
34993
33298
23495
51171
30685
43844
42640
38379
32544
19694
31162
22899
19953
41914
32281
48018
48738
24964
40420
48689
51456
25011
47034
45832
28667
30666
33506
40649
25991
35898
35031
23706
29057
31611
22532
38345
23126
27482
21452
25019
21793
35477
50637
41510
49427
28325
37990
28544
45592
33755
49782
43448
36535
50094
40039
33059
50490
42324
46700
35769
23568
31887
40966
47745
24943
47818
28877
49994
32318
50788
37485
21148
45105
23628
27631
39406
28470
45006
21050
36377
49680
48300
25049
27149
34369
32625
42494
18883
28462
34818
45255
29043
32894
39542
35009
38150
34755
21031
36779
46030
22876
31497
50812
23669
21658
38203
37543
27955
29473
46812
26781
42052
26513
49184
32659
38042
36710
38307
29318
21199
48157
21757
29309
28253
38809
46998
28175
35601
42948
38844
21028
44733
46457
19442
51200
38702
39586
19595
38013
44125
48029
22392
31895
25321
45029
34399
21294
41669
24046
35565
37896
34350
36432
34156
45078
34017
47656
43416
28408
24458
39099
42414
35266
24447
45149
32711
25345
48814
28306
23908
32761
19413
35698
26954
42801
40689
48210
19344
51250
29176
31136
26614
37003
29130
23567
22136
21016
39781
21748
18979
40580
31065
50672
23080
48141
21885
48080
24879
22407
45791
20657
26349
38820
41985
31080
51193
30066
20802
49697
36827
32293
50074
48709
47462
25111
51082
44962
51529
29965
31827
43206
30432
33724
25447
44715
22352
41612
33821
40346
48850
22939
30632
21833
19535
20997
29002
28743
21294
26723
38597
35481
38762
51345
48403
23462
36839
30389
23894
42832
41734
27004
22034
19044
37239
39335
19610
26164
33614
43719
49864
28546
27481
37188
46321
42144
46257
22948
21528
44758
28304
29962
45154
29444
27234
44797
26570
21896
32799
45163
44310
30050
27863
46062
47882
41622
32655
20301
34779
37842
34891
30278
19687
40785
48492
39563
46754
31487
35644
36106
20692
51166
33224
33905
33538
27816
21742
27890
45353
33718
41654
25924
21683
24608
29670
36074
41379
28198
43728
34743
35859
29391
21615
23186
49632
28367
36786
34167
27812
43182
32536
32446
20452
41511
30845
29600
38795
31951
26420
29175
27287
37367
37973
24389
38419
49618
51544
24824
25669
48603
32995
39404
29736
21105
39393
24882
42269
29636
49364
22032
27357
37365
33644
30024
40370
30841
49752
37789
39655
48319
30044
24980
51580
32786
30116
23672
22303
35008
49752
20640
49496
30332
29552
20725
32516
38401
20170
51118
24068
38904
45945
33886
26934
44828
20321
27441
27300
22940
21249
43378
24060
22976
38799
37713
26433
41424
27466
36580
41407
46898
30732
45163
23364
20690
30750
27608
36749
46279
44369
32655
47103
39219
20042
31850
50072
35946
24094
36608
19236
43095
41503
28199
21940
38172
43509
37559
49484
40697
40432
40081
41948
25455
51100
35040
47217
22949
34966
40351
44205
47626
45983
44636
25205
35132
31727
40507
31209
51753
28363
49981
47001
39796
43866
36546
39669
50202
19637
40781
47366
29525
47677
40840
44892
47040
21041
38536
49992
29116
41600
36177
33099
50451
41947
44445
28877
19932
43791
48601
45074
40095
33938
40561
35947
48569
28251
44109
27305
20481
25591
44188
37847
28331
28890
42448
47657
29293
31987
51689
51759
19937
51075
22007
23630
35115
33838
35546
23153
41179
20051
41805
44540
19477
26265
27427
35330
28143
28362
23503
42423
46618
38885
25130
31528
46277
30318
45425
24105
26046
28937
51085
32655
30426
32071
34456
45216
19864
40640
34716
31432
36865
23650
35486
24462
46290
40968
42971
21701
24285
46158
42577
20743
34733
21668
39809
31839
48489
33698
47220
22854
30714
39836
26620
31185
51568
19829
41532
38184
28066
33208
39274
37178
32021
20452
41940
21679
50976
32776
34593
29982
38733
51856
35034
38273
27137
51807
26665
35046
21600
21790
42208
36199
41835
44499
47036
45915
30315
50613
40940
50382
22675
32575
27085
49455
40417
42883
37624
49481
34629
39361
28542
22389
29189
49464
29810
49165
38496
27964
35752
30243
39282
43913
21693
32883
30295
40151
30551
35479
33427
30638
27310
40570
37297
44412
22092
37391
31787
26085
28689
32067
36234
50266
31609
19504
40398
44013
20002
49555
23056
30051
32136
32128
32870
52107
39443
23636
37639
41423
39765
49644
50864
30985
24972
42260
45126
26264
28783
28482
30140
37298
50983
33925
34359
39675
31131
34744
40304
41559
28400
44795
38490
24317
26960
48228
20742
32206
47851
28401
44995
47588
19516
32705
28553
25453
22414
32644
24472
51386
32190
43057
48220
46483
38978
30455
45460
31950
27754
41589
51123
49184
41958
49453
49286
27186
44681
46134
42776
36599
29005
43570
38611
42558
26262
20096
32231
21635
37819
30899
24304
46603
30658
28738
21971
24624
22379
39040
25576
36089
35441
39119
51039
42221
44556
21777
25052
39721
24762
51808
29285
20401
27455
41983
42622
27652
31466
40080
50834
28147
20763
32647
33173
21682
35842
24286
39912
42032
27817
20747
34173
45732
48693
52015
39739
29800
49769
27536
38820
47627
51051
51273
30389
38050
51915
38464
20749
21598
19905
48217
29266
21860
48822
42729
44753
36568
39942
28526
48228
38971
46085
44157
37529
39160
42560
32251
38416
22073
35333
43408
37669
21247
24101
23385
52175
46706
42488
24285
40136
27766
22434
25667
32239
46206
32661
42434
25066
37541
48471
33112
47375
22267
32134
23231
39813
44828
38169
22941
24230
30216
41448
22523
39336
46638
21615
38136
23933
37322
34510
32702
41975
34161
50453
44726
47664
47338
43711
22264
43561
21056
47484
22534
26545
32533
36148
44985
50313
43065
37192
27259
28613
33660
39707
25527
33909
30656
36305
27278
27525
34642
27478
40652
38114
46202
30370
39450
52190
37968
52028
47477
43734
33746
36349
39646
29202
45876
39703
41811
50668
31607
21846
41215
38965
45629
31397
23982
49364
28636
41427
46467
35248
31665
50583
34285
45521
21175
32978
35031
43970
31831
24597
28703
39737
41346
27747
21834
22009
39422
21304
20854
27640
25597
20425
20879
31421
47604
47502
31430
20493
47786
23550
45887
40902
22416
31642
41738
20747
32080
44076
49493
42657
43688
23633
49632
50841
27001
47669
30385
25904
24091
21918
31240
38643
24820
41772
46229
36391
22089
50399
37865
51047
47187
48089
34091
27023
34710
26469
34828
23769
38254
30009
28156
23878
23787
42744
39327
35904
24030
37115
21114
50557
44596
46673
33011
47910
46467
42500
26232
40249
50915
32158
42494
20524
36095
29932
45229
30419
31852
22274
27353
21379
49209
35967
40245
50296
21703
39699
34371
24436
50394
48702
40975
28841
48369
32090
28189
24793
26835
25307
26528
50876
20331
47318
20972
42914
41173
28352
40750
43865
43705
35961
42331
51025
26328
22152
49510
42238
22500
34729
47798
51070
43157
50053
31447
46204
49401
42688
28016
42068
50700
38968
40053
32119
46984
49036
23709
40722
40958
50396
40471
48874
35622
48592
46457
24202
46708
27612
45305
39841
45035
44994
36319
24486
22326
22104
25146
45757
29941
41611
20178
46558
23637
47268
19807
34868
51939
20170
44792
39875
31394
50888
24270
48462
39514
38161
48410
21368
41012
39169
42580
39209
43652
51814
31398
22323
25318
24639
47520
24886
38796
21700
34349
22977
32470
27302
42694
33209
22819
38807
21989
38655
25832
30733
30397
34381
22783
45123
33320
29793
22849
24193
49121
25182
39254
33438
40947
29039
41420
32451
51313
35245
27495
38257
43880
26691
50360
35014
47378
22735
46577
48892
33356
40460
22264
36914
24394
19887
52154
41327
28298
41870
23234
28900
32774
36871
21002
30577
49326
34208
44561
33643
47637
51691
46893
45213
31339
19885
35107
41356
30891
20542
47349
24064
35093
21043
36091
31423
30175
39739
31541
28316
36904
22343
25056
47280
52525
36590
44615
48104
50111
32527
26076
29632
40437
37816
50567
26189
21278
35398
27454
30593
48633
32462
48598
33195
25385
26812
34585
22333
31715
51898
29720
37330
39146
39380
28611
21103
29117
40921
35766
22281
46094
23812
27478
35144
26487
44251
25885
27275
47465
45656
20018
33068
50533
20295
42045
43781
44398
43759
35193
31027
38590
35828
50955
31001
24248
35196
51602
36520
39966
22417
52223
50142
49284
45767
42151
45453
28164
44830
26774
25950
21812
28201
22822
26901
44885
32880
20433
20247
43213
30228
40004
26665
20440
25265
34996
34426
23418
22664
30837
29156
24248
40670
21705
29039
48135
42911
48118
36375
27909
34887
42651
29391
29287
31234
30531
36293
32818
42258
43067
22248
47663
47986
35745
24488
38040
42681
20926
36860
44312
52544
51606
46250
45043
45703
36796
49859
40320
30421
40811
29804
33760
31263
31187
41700
33002
42539
22449
33219
41061
41974
39202
40832
27258
32850
26553
20278
46696
33747
48847
24488
38266
49644
52762
50050
27191
41814
27266
36578
32728
28593
33071
28182
46591
39534
49383
31144
38053
22252
28055
35735
23636
47073
37423
31208
26263
24060
33971
23133
27312
31177
28815
45957
31368
42196
23340
48885
52204
22033
22208
41172
41461
30075
22378
47261
27336
21244
24190
28448
25984
33933
28702
42442
25705
28574
34570
43815
32623
33208
31416
22693
51926
23649
35752
48539
26155
30784
35314
31625
30586
33665
51745
47010
26305
32635
23619
50567
28069
24976
47425
28502
20324
47957
23149
32483
52491
44531
28506
27717
43497
44238
42480
21909
21571
21348
47295
41970
34377
21111
46996
33224
29513
47214
48714
34386
21795
39161
36323
47710
28157
22516
48088
23121
21047
39822
27564
31082
36513
43434
50887
27211
32492
46213
42626
37045
26719
23193
42111
32915
44235
24002
34107
36410
43457
21920
45286
46063
38914
24892
44658
28841
32567
39918
21738
33817
37347
22910
42757
44008
34197
28041
36091
50752
47970
33318
24727
32141
52370
49610
32653
24965
20378
22633
22543
37222
26955
36830
41883
23422
32328
35725
50199
30193
39101
26439
30495
46263
22094
48494
21406
24804
29262
22617
50587
38188
49202
37625
31830
50086
43589
44221
32404
51408
34973
38068
22839
45012
25677
28658
39953
35849
31452
24372
39162
35773
38390
51143
39200
43058
35682
41893
31903
38630
31028
40162
30802
24599
37444
30790
26088
48775
36574
37692
23098
44157
38331
30954
30171
49676
45360
21154
41969
51351
42150
46969
47940
42901
46666
40757
46485
36498
49414
31853
28977
32886
41647
49643
45254
41994
23168
22357
52596
32184
27591
49421
53031
30355
22750
32597
24357
21655
51805
26807
51427
34865
46734
33700
32029
29442
40225
41819
52005
35808
43809
52236
50300
33821
23335
41533
32415
21004
26062
26990
42787
50370
38502
22008
40452
34074
22509
46651
35387
43004
36411
46840
40078
46558
36732
50940
29868
52106
20963
24063
23673
47138
41373
43723
52647
48226
29444
27809
30086
53030
42262
31704
43805
35628
51237
50631
35705
43546
48335
49125
45125
45251
48945
38447
46235
45222
45656
39114
31770
49847
49144
44266
28729
40803
41057
50418
42970
30670
40622
41949
44323
29791
44352
28636
21897
31870
40555
22592
24621
43932
21870
21147
52844
38772
33705
45858
43697
52113
50698
42070
45454
40465
46793
49636
37132
49576
51029
23241
45631
47336
30350
40633
49437
36543
46900
47810
26256
30785
39583
43309
26825
50087
37809
47269
42456
47256
26122
36507
40057
52648
38266
43240
30513
22303
27068
41652
52634
37627
23137
49303
36859
46648
30474
34815
20764
24398
40922
26066
25177
37372
41515
43092
30196
41028
36224
20554
48048
42167
21691
32096
43931
29170
36753
31176
29483
39785
28730
43300
47244
31587
49517
24230
43065
23110
32907
24181
32970
39701
26651
36435
37132
37175
32374
39294
23639
25466
31939
35795
22812
41047
41510
43065
32190
26488
50997
32317
36771
52343
50604
33530
26762
22249
34913
45372
42527
50075
22394
29925
30668
27419
46301
25999
32467
29050
23784
38002
29850
41809
48995
29064
35653
41986
33970
35824
48266
20800
29519
45457
31425
32722
51576
45567
30779
30099
24357
51362
30933
50366
42045
29205
25037
27752
53001
45260
31700
25166
52969
34042
39780
27089
22342
39857
41811
23615
38599
31051
38313
50772
28360
41738
42671
32513
48904
35835
34376
39787
39329
51488
21380
25655
29502
20685
28275
45061
41864
51539
39991
51002
51681
43740
45405
46339
27221
47254
46702
43415
22221
38164
47808
20924
47238
30193
51602
51084
52674
47798
46424
32889
44990
27389
44372
23695
46307
24535
20838
47865
49984
40044
47141
47047
42808
39393
39726
30446
49784
35455
40381
41104
42797
22545
24954
29310
29555
24973
23957
35580
33040
48119
44052
20676
48482
31363
49516
40013
48534
49658
49743
34380
25371
43870
27590
32636
42070
47569
49535
38298
52632
26547
30312
35252
52813
36619
50045
39844
26230
45352
41181
44760
51289
24968
38180
44116
33398
22520
36597
50681
50622
28157
31958
32519
23552
35699
38721
40417
25252
50804
37111
27408
40347
47739
41368
24971
30358
23241
40561
46133
31862
50184
38293
52392
30468
20783
40751
42801
25315
30629
22806
45083
27075
44713
49314
34353
43734
26097
24255
50814
26504
53137
31295
50519
26731
33055
50293
22684
44656
45077
46079
38714
50269
36214
33251
45556
50299
33973
31966
51556
26255
25042
42744
25916
43532
41670
20828
28882
28807
30753
43623
24796
40043
47346
29183
26231
34798
52711
51238
21359
26692
22453
51662
37818
28946
38074
28655
24645
52261
51681
25816
36596
47460
45767
50115
41956
27395
48412
30379
34803
29178
37707
42594
34946
52918
47709
28894
33913
31246
50970
22995
27276
31352
28274
43400
27837
22909
29980
44515
36130
36202
49789
37317
26601
43849
39627
48798
24217
29967
50290
31800
34970
38935
40119
49879
36088
45007
24475
29572
51556
24754
42754
27302
27260
40822
25876
41170
22860
30854
24036
52708
41492
27570
25679
49743
47179
45093
24104
27313
48101
29848
21394
45483
41938
28614
36268
46063
29127
21792
34932
31386
21312
33217
48101
44997
21446
30116
32867
33110
33901
27925
37465
42524
48290
44645
31009
47388
22563
24546
21796
24357
38479
31238
22850
27307
32416
43503
29556
29138
28278
47119
26799
35528
46102
50981
26636
41560
23282
32620
22823
41148
36139
31250
27076
53427
44628
33003
40633
48340
37753
30311
27656
30498
31839
31170
38987
32480
45582
39802
28501
47271
28301
46598
34838
44213
29165
48837
41407
32648
26760
41781
23591
22700
34443
34405
53101
43985
31922
29357
50912
38944
43603
21404
41755
20943
45214
52274
42868
51699
52003
48463
46744
34966
37269
36972
49775
27914
34509
39561
29510
51324
39185
43878
51756
34508
30615
40182
49820
22941
24901
30481
46941
39336
53435
31593
36519
21077
43411
44479
29063
43916
51943
44119
37508
42440
43796
27817
51075
23662
24766
45145
31464
49758
48405
50793
47102
36039
23382
27822
22169
49215
51604
25984
35322
37907
44728
38326
22258
40923
37319
48850
46411
34642
42595
43384
24675
39013
49813
21541
39706
36746
25033
31261
27374
30291
22810
34469
36453
53315
41168
51315
45740
35296
22311
31075
44157
24073
24659
28267
47173
42378
51136
33745
34183
50414
50846
39323
37243
44181
37789
46152
38140
40710
24565
38333
35233
45445
42410
25218
35369
47849
43790
42798
37404
42152
24455
53792
24751
53812
30098
30064
33512
37514
24072
25893
51460
53255
34977
34217
43798
29310
36278
24186
24816
42889
42315
50465
45382
34076
36684
46184
48145
47712
53527
41928
50226
49854
27707
29473
48216
53049
29311
48814
39715
23042
39719
44855
47754
38982
48498
39560
50810
48715
21607
34851
32447
51643
28625
28210
53288
50752
46729
47807
35046
49232
24051
32039
44086
23115
47819
50124
43328
47043
53026
33291
31038
45850
31139
37486
26848
37203
43547
43298
37103
43042
48953
51883
49714
43589
29074
39638
26766
36375
28647
38895
43376
49763
37035
38453
49520
42358
48320
36747
25902
29304
30594
39792
43392
39164
43014
41777
46800
45781
34723
42589
52159
35883
22962
41850
21262
29135
53395
30966
37055
47564
50161
53857
43639
47679
40006
30169
36647
41576
38817
34245
33259
27136
52135
35526
52275
51917
35031
23018
23328
30837
33555
43811
52273
35472
25436
29688
44318
52480
42718
23163
29444
27269
28460
21627
27843
42380
42956
50938
46244
37704
42230
47585
25920
36100
40857
29683
38301
52152
45727
37632
24729
25050
48498
29787
31628
34678
53183
33166
41001
27777
33402
46411
52645
34155
25122
27814
42268
34291
52806
22658
25904
32319
29256
41801
51443
52780
47969
40673
52743
25315
28645
36571
42499
29357
52168
25325
22297
43784
50786
30114
53238
34042
25967
41808
29418
45989
49498
52555
23625
24860
40635
40280
26641
44405
49438
40292
47820
42015
23302
30582
53688
39798
48945
29155
24102
45717
46878
31681
28704
24939
41677
23965
46158
53010
50630
25201
51483
25179
25948
36048
28435
49326
39987
44132
39055
44817
34560
26522
40085
35206
44688
36252
37114
50330
54028
50304
36809
44347
31867
26558
27625
23242
29832
43752
39161
34673
36229
21653
51839
49847
23217
42399
36418
45649
48566
49294
26100
21819
28022
42323
42004
32008
23047
38202
36883
29047
37372
29466
38326
29254
36071
29646
33723
35659
32540
45801
40383
28352
39607
32678
34143
51679
25056
30238
48798
51119
28237
47294
21382
46621
53769
24055
23315
33102
30068
26167
26444
31028
38540
52761
40627
38239
52586
37081
34015
43798
47631
44810
46696
51623
48993
36235
39939
45307
28529
49335
22766
38509
36095
38876
30863
43996
50752
31982
40792
40191
36063
31869
49901
30457
44865
35301
44425
44590
38669
21445
53406
46676
53484
48306
43707
24781
49549
52268
50355
30004
44013
43984
35324
47158
27861
34000
32853
21667
36772
53665
41643
23236
41038
30707
25406
51696
24229
48870
39168
22618
46807
30075
23613
27949
41784
23880
38529
32987
23362
44401
51639
22449
29658
49619
53902
51888
21717
51842
43553
37528
42939
36726
27350
51525
41931
40065
40070
38206
23359
27012
35807
45964
28113
53987
45319
54216
50301
30262
27010
31352
47753
51010
35158
23964
22467
28967
34669
28547
32778
22490
51514
35811
48143
52694
53664
31529
32605
53775
22287
49166
36759
27176
34032
25451
28929
27877
27715
45646
31810
53475
26502
41549
33129
54151
30169
53274
39981
35892
53601
52312
40313
49089
50410
43693
44584
34858
34000
34585
36621
42117
36639
30086
39478
34104
22265
36768
26993
26730
48952
38118
50704
39607
43093
53505
50666
45096
38281
48213
47522
51554
44337
35543
53292
47389
39031
40222
37772
40408
34351
34748
41697
50123
21759
42190
52643
25374
43203
25554
29737
36440
28463
52153
53614
25882
38838
25405
37396
24333
33451
29557
23721
49945
27559
22695
44842
40664
54058
21853
46533
53834
43909
39867
32483
33738
52471
33039
45158
36928
29974
36778
41519
52121
21872
27375
33252
42356
30067
47529
25584
34334
27530
35490
26059
30657
45449
26481
50555
28632
38987
35219
37467
52454
40601
26045
23323
23656
44878
33137
32008
32008
35513
50896
30861
45331
24387
51887
28410
46381
21842
47340
44421
28484
37485
23298
27023
51650
30624
27868
37416
52999
40738
46055
23252
39190
23861
35947
25487
27022
51278
24859
41488
32221
35958
49387
28747
29616
36336
34593
25657
53677
40732
51631
21723
34917
52635
33216
45181
32644
35508
41617
34872
33611
45814
37506
29882
42561
47391
47725
47178
27429
30781
40758
49670
52006
28947
47523
30319
27735
30398
32878
24872
40029
36505
22681
46075
25450
34653
24578
46877
50032
35725
50743
36531
30606
45841
42891
31124
51151
22560
40554
27985
50451
45924
32489
45939
33101
33625
28833
27651
38895
49911
23230
39248
39587
45968
22099
39148
46652
48635
39665
44536
41964
28402
39287
32929
47799
37561
47403
46827
46375
46080
27402
35502
32578
33291
34653
32989
41145
25104
43405
42510
38754
45025
32312
29751
46568
29130
46980
50614
23234
33725
39860
31125
37729
32172
25081
44299
32686
22839
53642
44614
35251
39559
22262
35943
50584
32890
33721
26831
36306
32768
44046
28057
44951
36549
38661
36199
48021
33040
29909
28770
52963
32491
36723
45692
26680
54404
26980
22265
40283
41427
48847
38189
50394
44413
40150
25223
26623
24312
33574
24014
37120
41968
50125
32683
51574
50410
38221
46184
23824
27944
35566
49911
46217
27084
26456
42294
23767
25664
32096
46449
36518
39892
37667
54568
51716
25257
31569
28947
23134
25039
22732
34404
22187
26794
49266
36172
29159
52122
44342
27840
44995
38362
31350
23421
53659
37545
22665
53834
36776
29096
28567
29565
29303
35460
42157
35776
24729
33748
46352
36885
46237
24901
39890
48408
28475
48372
30116
48004
22994
45083
22251
28153
44309
44784
51222
52221
36864
23498
23598
28224
33554
38278
38318
45092
35766
50473
36246
35452
46082
44742
37051
35732
45731
51619
42849
36979
53016
25495
47883
41820
22047
37814
52882
41883
45677
49201
31861
39550
32162
47991
44912
24993
40316
48288
51536
32366
49483
46860
44037
22245
54181
54599
22777
41881
46170
39728
39584
49915
52906
29531
27729
53723
24502
43955
37972
44332
33077
42340
42044
49416
52328
48120
54134
51444
43344
42943
26659
25956
40478
24437
41507
43650
45803
48415
23666
35883
48553
27190
22712
52026
43610
22279
26907
51210
37760
49498
27736
24118
48852
36434
53266
44451
53818
31636
36202
29889
54517
27563
54223
24589
53527
53676
22039
29403
43324
32789
28111
27986
30328
24315
35024
54200
33422
52581
38163
31472
45667
45555
24263
48704
29874
32451
38048
49752
35072
44180
26225
27024
45779
28972
29181
23922
44319
46328
29195
53624
29185
35827
25528
25366
43695
46536
38417
47867
23472
26939
22497
54165
41288
28357
47048
35027
36919
52862
35469
54574
36515
38209
43957
24554
47442
29962
44117
49305
43292
50338
25636
39906
44192
41599
39124
32128
51767
48869
44963
37773
40486
37202
40237
44801
26904
32025
34692
44406
25291
43341
52866
45102
42249
36832
28254
50262
49882
34828
28798
24716
24568
53234
24204
23456
23683
22914
27596
49303
26870
24218
51373
41974
38490
32882
54430
24125
46777
30263
41506
53169
41430
36598
33063
37214
45595
35516
33684
46941
36307
36604
45089
34899
37017
47664
22379
52794
26896
39619
48968
42084
48853
36143
38999
26300
29874
50531
29148
42576
23317
34663
40907
50956
26304
54082
50979
43720
49089
34844
33917
36230
48293
49824
24805
30452
40425
31396
35048
25913
40369
41996
31214
38125
42940
22251
39371
35433
52632
49900
27792
49218
51986
29169
23719
40720
44785
40441
51487
41588
31716
40519
52804
53081
54712
44993
31859
24441
36558
40086
28972
50723
43469
34595
34409
29244
41876
23576
35886
29061
39283
45014
49250
22811
40858
35612
30941
38724
23505
27363
46018
37480
47210
30598
33295
47454
50036
46886
32882
26858
36402
48973
53855
51843
41164
43473
54111
36953
54851
53500
29355
45718
46250
38633
27897
37348
38292
48177
22678
41776
45769
35272
47029
34990
27453
53793
34055
48158
54338
36249
28299
44621
27388
38418
45736
32734
31253
50654
54137
46922
34739
32224
37992
38950
24487
55021
30206
32677
36328
33400
41977
27229
23871
40559
35231
34638
44611
32864
32851
31776
47752
48096
52326
48812
38932
26669
23599
42942
37138
26898
32094
41753
41931
48907
31885
41148
48849
41642
25368
43876
36221
28473
50991
51282
26780
41121
25129
33870
48998
26763
24859
53740
36016
40644
41898
40206
44130
37094
23837
47018
42282
30005
52151
33742
47730
33991
31299
32481
23184
33000
49136
37419
48445
42940
29279
52376
50761
23590
32251
27064
32909
34025
22665
51723
50464
26381
33279
49276
25294
32645
34714
22827
22981
40974
48427
32111
32658
54106
41138
39196
40780
52334
39981
42241
27151
25929
39346
47797
52140
28870
40380
38292
30623
25539
23491
42244
49730
39299
30991
37885
39488
46929
29133
27080
46667
29542
54371
43014
51986
49933
50945
35317
23917
46085
35704
51439
34011
29991
30032
35379
45615
53832
34324
23016
52870
42849
41969
55135
50812
36590
40576
30361
54688
53139
30175
31497
42533
52485
38918
36762
39130
32808
34904
40948
51548
47733
42361
55035
41609
47263
33120
26265
38713
51318
32685
31934
54057
34315
44604
35237
30776
29717
35834
47960
48086
29587
45559
53878
30905
24243
37565
46132
35025
51955
50145
23970
31615
46726
34263
39984
31746
42233
32266
44912
31794
28438
55084
47133
30576
51721
48075
39005
25053
51649
24358
43331
38858
25241
34878
27032
24944
44600
54064
35291
24289
30645
40129
31110
28735
54015
52283
22931
28204
50045
28536
30783
50817
46577
23868
47630
53571
53666
53704
37903
29139
25786
47531
31585
22628
28653
40668
28150
30642
38235
27654
30871
33522
28344
31267
24104
34820
36522
40012
50222
31216
45426
40399
34958
49040
24783
26243
42135
39562
36639
47448
49475
31362
28104
49458
24762
37005
33494
24568
49432
46824
49638
29671
23664
33002
44098
34605
43537
34615
48205
40371
34056
50231
40994
38202
23526
38086
34680
52137
36291
45357
35017
32677
39042
45649
25011
40803
31831
30507
38558
31162
30855
32376
46495
34173
34159
34994
49308
45831
45000
38462
33457
31767
47401
38375
54483
42463
41421
55179
38323
26967
32663
38676
22757
30167
50771
45994
37186
33253
25919
26408
47755
24140
24010
37324
50767
49006
47003
28210
53262
45274
30165
49539
23710
26401
29082
23530
43214
25574
48590
32071
52042
41013
30749
29224
44478
45334
43839
31989
41278
39521
42618
24426
37350
50131
28265
38986
40381
50274
43773
43346
37599
30670
46785
31084
39132
37497
45922
42790
35163
42872
51054
24418
48131
54506
26972
35919
51611
35464
23501
28824
35439
40574
48913
33499
54262
42106
23533
40284
47539
47874
35739
54779
54617
49930
24851
37475
23090
46534
30601
44165
30657
36029
35383
47941
53159
28703
47452
54130
33475
40792
41093
54524
39325
51173
41483
39009
52229
48742
35805
36969
27639
52725
31103
46099
30658
37303
38739
50383
38761
36016
43800
50413
35146
29660
34224
45654
49661
24187
49702
22906
50047
53420
30191
54409
28560
54333
46704
35558
22873
37826
38849
50393
23122
44004
34993
42884
28259
42748
45066
44312
39754
55009
44822
27976
26428
33021
28001
51710
41679
37031
53697
54349
35351
50093
35988
32168
33039
34095
55113
26961
28475
27316
52514
29203
32396
34679
49463
47156
49540
35330
46527
52134
33946
55294
55435
50813
52960
40010
43219
27558
54755
31562
43573
40405
26835
24962
51451
49855
38628
41059
54173
26250
38131
52580
44422
45953
42605
38741
40731
37389
36205
34288
26362
34016
50724
55218
28799
38260
37246
29161
54157
25780
37634
38669
33163
46073
34299
55123
50092
31287
52693
28544
28276
22905
26057
35323
28280
34954
29629
38439
37477
34037
33381
43503
46659
41264
42671
41379
46075
49941
37982
29186
48407
26257
26100
24728
33226
47264
39894
38474
51504
24185
38571
49199
24278
48389
37125
45729
31101
54422
23619
49812
32539
34006
25782
51495
51747
52478
49410
34169
54278
23624
53447
53438
26874
34470
44673
55442
51450
29108
30893
54156
23054
36331
46638
25623
53196
45080
23022
40317
27679
24333
43464
24389
48455
43415
36006
31423
32033
39088
33766
55005
30121
37365
54275
34372
36541
48730
41073
33699
26916
51484
32456
34884
43726
35575
50469
45281
24669
30106
38861
25784
38885
54104
31252
45793
39152
44832
26238
39392
24006
30895
45603
28023
45547
47364
48984
52926
39400
27412
50059
27253
26702
52416
42095
29080
41977
48132
45146
32820
41874
29809
46571
26234
33367
49373
48879
34833
53791
30041
29317
50609
44696
50531
25217
42222
38356
51805
51215
43601
43524
52798
29593
39341
49283
44680
29674
37040
25110
27514
47251
44985
41074
46982
45965
50409
25854
39685
48673
44413
40155
32810
50437
24923
26146
47924
32712
23786
41580
25320
46959
23847
37528
36159
24673
41462
24520
50268
35712
43701
46509
51136
29337
41239
53765
28097
41982
26160
44385
47416
37233
30156
41260
30587
34372
37893
44777
31371
51391
30997
52412
50062
27330
28520
23340
45439
36267
38902
43047
34852
40314
51407
41798
25408
50996
47607
42835
27147
44677
29813
32009
55007
42664
47015
31514
42804
29324
51416
26487
34766
53295
24852
32203
53557
54094
44347
48968
43110
54081
37973
28583
38856
28705
47141
25450
46177
29483
25601
33637
41802
36457
24033
43388
37728
49039
52661
47790
32573
55843
44796
41555
52071
31968
32914
37537
38086
30301
42697
44661
50012
23786
46012
32849
46384
23994
35296
25248
38283
34632
36060
48450
46183
37619
54427
48196
29221
29163
38559
25583
37758
41297
47512
42501
37308
35226
50997
23623
47914
27957
45114
52282
47049
43629
38611
38955
50756
54416
37671
49521
50470
26705
42545
40946
23627
40811
52939
29417
23188
42887
29964
28390
39903
49248
40916
27926
35639
34085
43173
40900
38215
25887
25013
28704
40725
36755
25153
26943
54509
55018
27939
54372
26010
53007
42407
27262
32221
43801
34459
48881
38935
40490
53157
51097
29769
50070
23770
42508
52286
53832
40075
38432
38919
40802
38754
42414
30376
46116
48814
39317
36625
31503
29948
41985
32080
51274
34023
53229
40964
49476
31281
50662
55829
26523
37138
52754
40098
52029
45007
45938
52539
42957
40591
27748
23633
29000
29035
44140
40938
37864
55492
49971
50841
27464
52185
27856
30382
46282
49560
30535
28074
33078
27573
24911
46070
27043
43002
54873
47316
35739
39902
43981
27285
36986
44632
50071
40717
50199
54261
30690
24644
32422
24873
29731
29038
26077
55010
40794
40989
51542
23907
31637
46518
40501
24912
40629
40225
24074
34565
43124
37061
52473
26668
55719
25780
27416
53135
45249
49442
38168
26410
44953
24860
38952
35973
44653
43383
48406
48961
24614
44038
36535
24048
27613
27408
24458
42282
49055
28928
53912
42205
32877
36959
27550
40932
48007
24576
27246
35291
48363
51066
30099
38706
44824
45019
55348
37761
26647
44187
55099
29211
34748
45263
25013
52454
52010
42143
41084
50538
47509
28410
43284
31783
36428
51081
55252
37420
33782
25825
38214
26853
25883
56060
35536
37941
34279
48618
35475
45764
35627
23748
44691
41115
41637
43234
29464
47086
36993
40269
53333
37944
46623
47735
38728
35726
30231
27178
38369
53804
39291
24511
50790
31829
39516
51344
36374
53850
30607
24752
53005
43768
30128
49113
53607
49126
29032
29349
51112
45231
42732
46081
29276
42942
37574
56031
42746
54711
53208
53292
48654
46862
38558
41218
44183
55250
49587
33054
52398
35273
31639
53652
39273
49346
31151
32705
25087
35111
26765
53378
47149
52434
28018
27555
40408
55841
24849
48027
46579
24909
42902
30070
31907
23543
51687
23826
51873
37636
46122
39310
42977
46763
48519
44544
45425
48332
23855
27238
38563
31108
45213
26848
29038
42494
46876
27420
32274
51596
26249
44049
30203
47350
32090
31216
37352
40978
46559
44119
30540
51604
48840
51912
38132
39208
40168
30555
45803
27582
55864
29103
47515
53797
42527
50726
29748
55772
51952
32082
53842
55333
40117
24490
27866
27482
50475
41346
53796
42628
37133
35642
23904
39722
41621
29109
40242
46439
44353
37644
36256
40511
40659
43908
43310
38963
55707
54974
38215
35347
25592
37166
28127
44052
45341
28110
29783
35619
26385
54292
42401
54904
50681
55841
31652
43885
38042
36667
24034
54161
46618
51837
34136
43256
52486
53709
55205
38102
36762
27919
32111
23628
45372
47512
47107
44930
34121
53734
47675
44790
48916
40334
34981
56084
29484
23925
42209
41478
48606
51267
34891
32717
45819
51989
45531
25745
31452
49779
52041
54581
49314
49025
43380
31279
54722
44409
44036
37015
44738
27480
49230
29053
40253
44504
35705
41856
27437
48543
32735
43676
47978
26038
25014
35396
54125
42556
32496
44465
45658
32604
40543
43641
39230
26748
27165
37219
26772
51127
55595
49530
30479
32142
56408
29024
50579
55514
53861
25317
46212
34565
34662
29912
40516
54394
50027
34590
31479
53594
44128
25856
29066
44657
32562
43465
31219
26216
25652
54161
29882
34620
25280
30804
56248
45039
47137
53575
28703
38525
38320
36971
35258
43537
35390
46178
27510
42361
39602
52866
49442
42455
52723
28456
43635
39322
45065
44110
30539
39853
36991
30304
31034
36590
32779
44876
36422
36322
53617
47065
51431
33447
41380
26425
55638
31530
43822
41185
39943
36250
26835
31896
29044
24860
52081
46286
49949
44736
34603
53040
55757
52915
48070
45945
26910
42423
31827
42123
29759
34513
31247
53182
28661
23873
54919
26232
50656
45751
24832
30206
40192
26052
49941
29065
35704
42127
24738
41629
38289
32713
28385
29590
40449
43491
34515
51332
43886
46718
46818
55864
42798
28195
55236
51103
31057
35380
43170
53583
42465
27938
30330
29536
53096
43745
53954
53629
49843
30105
40270
43322
28630
49823
25971
48808
29808
48035
26221
30504
39728
53291
41726
38524
29848
31552
25688
53796
27905
37222
41021
44775
33760
43730
35429
56496
34887
32216
54560
33947
32431
48547
25916
48464
37876
53544
32041
39312
49569
30300
41819
34061
34670
42405
51184
25471
24071
51599
28051
42484
50959
40641
55712
51815
40549
53295
36744
31125
37030
41873
39800
46860
56051
51731
28725
55173
47092
43342
56395
45427
40476
45175
55910
48092
45871
36310
49408
36712
39170
55418
38204
32184
30595
33324
34066
45816
26616
42401
52397
38328
42380
34036
35601
55543
42759
52307
51713
29825
34269
27896
48416
30588
54890
42074
31830
26941
54652
33701
48501
44128
36626
35688
53533
38935
25187
44942
26333
48066
34594
55184
56474
32960
30721
44777
40245
40581
26228
55753
53864
38125
39863
25101
28145
41168
27410
28783
52723
24279
39260
42490
32921
37006
23998
43458
27388
47034
24505
48849
55111
31724
54890
30308
44569
36438
44301
53848
24362
32734
53441
27615
48434
48497
35722
29303
53510
42650
37020
38685
26628
29267
40407
47037
25010
54811
54926
24302
32930
41800
48012
27612
49817
52895
25689
30341
33775
38434
23993
50217
29241
47401
53622
24571
37414
30388
56159
44061
56487
50688
44945
32459
46931
32088
30197
40919
52233
56110
32522
47701
33751
42346
46565
38551
43290
54018
29558
45148
29927
29643
38668
32068
35754
51855
34843
30599
44301
52575
34110
49383
39708
32810
25720
29155
31910
56719
43199
26926
48870
49648
37051
44895
47714
36040
33483
49898
40724
27710
31305
24655
27592
34554
55823
39569
29893
30775
51257
55274
48559
53785
30509
34493
43692
39489
32729
40652
52422
29856
45372
49835
52625
28808
31016
38261
48653
44041
51782
39101
52429
49530
41818
42695
42841
45910
39880
56568
35538
51786
39256
35468
51156
39307
37686
30599
48544
40301
34365
38894
36987
43058
32372
32566
40785
37151
55769
43005
31902
55766
43102
25592
28303
48607
52530
34861
47716
24712
50497
43362
48920
36079
46846
31957
41796
48221
44896
45357
39489
54997
45098
54193
33932
25069
29552
38328
28527
37341
34903
34400
47070
28886
44316
38019
54432
37013
35416
27879
35759
31287
45954
34997
38624
53327
37045
32813
31686
55094
38323
30103
39636
55202
27179
44157
47555
36730
26423
41239
36147
42217
36393
46087
34197
53170
56455
48711
25416
44227
41300
41311
54786
28684
46993
42971
43890
26769
51716
51708
53540
35518
33848
43694
44452
29947
54469
24762
38118
41601
42193
24637
56293
49260
43223
39001
53131
55569
44712
39210
37585
51601
36015
54779
43047
46511
38520
55226
43542
28126
47732
29610
30500
31646
44278
55896
54520
51209
50306
37584
52926
37033
27463
46608
53965
40589
51690
32445
54151
29596
36741
33045
28545
25129
31472
40741
25829
49863
35135
36156
54292
48222
28043
31391
38287
53886
46582
45694
42775
44532
49641
51495
29715
54171
28064
43386
32051
48501
38633
38557
41811
35322
24360
30193
39330
46512
52895
30020
49923
37628
48364
24904
32435
29752
41683
49219
43052
48133
47422
34057
52810
51171
35202
28200
26029
26879
53988
25954
31326
24395
26972
29536
42165
35540
29081
39844
50554
51025
40516
46272
52554
42487
53897
37061
37692
31125
52692
35327
32453
26844
50392
51167
35033
31486
35798
53305
55379
53884
46620
47280
32151
35384
52940
35950
37238
26834
36574
47640
47954
56881
46184
40448
25218
32608
24349
31901
36599
29852
38420
33081
48416
36267
56012
38122
43276
28783
28012
41411
54479
38330
42575
38475
52774
34916
35007
48430
30558
39579
29441
48435
55153
34171
36755
54638
46451
42718
27569
43447
33580
53622
55069
45915
56071
25369
28960
43537
38187
38235
34508
31023
47079
48226
42629
38173
51027
26614
36032
50442
47156
39640
52745
46303
35361
35925
25163
25457
52452
43034
30028
49403
38179
49226
41079
37323
42048
42446
29150
26939
51069
39661
25727
53475
45668
54300
44486
28685
55398
31511
33876
51049
35266
26672
50175
54531
55208
34279
37658
46193
33694
37564
27894
36689
32292
46401
46504
29171
47251
38515
47885
55378
52811
30282
50956
34633
51469
28303
42779
34307
33958
55278
52485
52148
30158
34124
27882
30086
55375
51547
48263
39127
34922
31339
47031
34209
35702
26755
36410
36153
35786
31152
40630
41277
52189
24733
41723
57031
54444
41316
29067
55783
25436
55460
30810
48465
55841
30932
54482
37458
47198
29142
44314
50441
56846
30415
44696
47315
40546
54839
54709
33031
26027
38956
25312
37348
30331
55052
41173
32199
33287
34370
24607
37537
40912
39776
52187
27561
26755
52591
31680
52046
47133
56962
26460
53616
56146
41874
40608
25039
44080
48773
27551
52932
25088
48784
49555
39983
39021
39615
40225
28336
53736
47826
47582
31514
31050
33355
49425
35364
42683
37317
54715
25698
43987
45703
41428
47732
43776
41049
51416
56702
48680
42391
25474
56280
28815
48515
26839
54790
36858
45279
43111
40938
39189
24764
47568
33336
49938
45965
34179
45099
28307
55423
51915
50550
31690
54541
50955
24702
52190
37070
25159
44230
29073
54162
34021
29098
54561
27054
31413
31057
53099
25236
34608
25565
32854
40359
36605
47844
25711
39245
31418
55588
28113
47173
46840
31346
42056
28987
30087
34804
37046
40089
37877
29840
30645
54433
52049
48548
42877
39865
36148
25592
56585
48389
45571
28913
33909
39739
56430
56327
55467
25011
46652
25720
42558
52158
27211
45886
46486
30265
32722
55615
41038
28514
31466
32197
38362
30954
26189
53549
54125
45131
43613
38883
54041
37211
54632
24974
30265
34593
47402
49287
44812
32488
33171
38288
28066
45459
43211
50115
54268
38704
27764
24776
30063
47312
43055
46411
42313
54421
47457
41389
39095
34828
53303
47866
57318
29885
53735
46108
31337
37633
45113
26446
35547
42772
55879
37843
28101
35947
43648
41959
47041
52040
30195
36598
57056
44171
41163
44044
37706
49099
56341
34957
35620
34725
28874
38694
50615
49236
48137
51971
35278
29826
49316
29506
41823
54366
29150
27304
42094
33519
39795
28563
44335
52648
35545
47152
32619
33340
56774
38638
24868
54964
39410
49971
37500
38846
29214
39501
56019
37192
56405
27819
28976
25933
56690
43853
50146
50415
44514
35193
25447
49095
39851
26288
38028
40313
52653
38112
52694
30091
52264
52955
42017
31095
29311
29448
27271
42238
44604
54872
35203
51392
44883
50044
53590
41738
28075
31318
52138
31471
42970
50093
53366
29082
48945
27940
25121
32226
38136
49517
38122
50719
52474
53434
34183
52284
39237
40308
41740
40974
29483
33072
53263
35812
25996
56799
40714
28512
52312
28484
44544
48261
44367
53420
25956
51984
36363
35545
40502
30220
27457
48703
29551
47009
46404
48499
49823
46893
30154
44000
40917
32150
33523
29884
49343
50142
25479
44602
41746
36855
51327
48385
29228
37849
49096
52190
28665
33491
33859
27573
25875
53534
36624
28606
56365
37304
52748
55789
44209
26223
41880
27570
39080
46652
37789
44771
33243
40403
49613
35575
31287
52856
42283
47732
45942
53012
38093
46250
37372
54152
37344
57250
26367
40513
29422
40530
38379
40973
54364
36626
43269
51757
29239
36436
39246
50859
53040
53647
52650
35566
52452
44668
38209
30859
39265
25221
41254
32862
38374
28283
49463
31706
39659
55943
26692
45213
48481
30307
47987
45639
31035
27081
45282
38541
25901
43308
33167
44937
54196
41639
29301
49236
34134
46899
47352
57303
53291
54300
32387
32222
57500
49334
51056
48750
30571
29772
49448
40793
51444
34905
48011
39951
25010
39674
53650
50103
46084
46500
34098
30079
45873
35858
53892
46896
40874
42882
32292
55813
26768
53793
41687
25021
50806
54980
49776
25071
29544
26840
56820
50590
42028
51356
55548
46349
42695
30606
44123
36308
51780
37154
44033
41268
29616
39866
25631
44200
33897
26067
53644
49340
30105
50044
31080
35362
52477
49165
41983
45315
52971
38933
48879
49811
37267
36756
43662
55528
54661
30827
30342
29964
51059
32016
53698
48977
36664
33670
45454
41444
53274
48269
29689
29093
32332
45846
33150
39222
44471
28665
45540
31314
48635
34282
30819
31073
34736
39338
39688
26441
28401
47738
31067
48518
32539
40661
42558
57469
29650
39262
55576
56333
54085
55832
31283
52840
32179
53205
52835
29985
54831
48625
34281
36998
26784
55871
45718
37167
45323
34628
26932
50135
26645
32419
37409
28523
30915
32729
44349
39265
33669
55082
36102
25675
37491
53467
52482
48300
25302
27810
34654
51210
26602
25947
36308
51780
27362
57596
43474
29990
27693
56523
42968
54843
43512
43471
45601
55010
28660
36228
48775
33444
37977
56019
37793
34757
50731
38720
43310
42521
37052
32870
26550
32793
47218
34208
35694
33334
54474
35338
44637
54382
52125
33448
48573
35356
37282
50404
56996
33812
54325
39230
34275
47343
28758
26175
50990
55204
56053
34734
40830
30809
56941
42503
48820
53112
53582
41513
38015
38660
43615
26959
42111
41518
38371
50497
26027
53027
28700
31948
45296
52009
51470
55407
33562
56554
54661
57175
38392
43279
29017
57486
38075
42257
38641
40047
28576
44108
28678
41565
37583
27478
25513
46772
33922
38286
50568
54528
44649
39160
35437
41581
54862
50248
42503
25727
35317
37692
30189
53251
33350
38191
56800
50246
49581
41452
31056
50820
29122
53440
34338
53667
50213
26067
27825
52769
55980
43447
35091
50764
31425
57154
39325
43697
36869
52121
30377
47830
49722
33934
30614
26156
41567
31020
43281
47423
45852
26767
47251
43824
53345
47866
47403
57189
47691
28963
42366
44927
51015
40401
49932
37260
33145
40361
51893
44670
45919
33093
31355
48349
42929
56711
29833
29624
41100
30253
36725
43489
51664
30373
31682
30042
43719
44322
58025
57098
56071
31727
57880
32436
32409
29956
35324
37674
52570
54231
48828
27326
43426
51572
42245
45050
35364
52944
31437
28305
47893
29018
33170
25748
47761
52692
56803
29673
46138
44385
36898
51194
57378
30943
27272
33706
51435
30326
43113
35725
48428
34161
35514
49240
28695
52301
40400
48534
36185
36112
35946
28829
50242
37853
41970
39873
36390
29636
28160
39367
46083
34270
33568
30109
55139
56986
31445
43592
33412
44370
40158
40733
33719
47650
47031
46132
38918
30201
49251
29466
43289
53488
40809
47046
41563
51931
53021
26062
41304
29214
44832
32219
34153
50371
45354
42843
41620
42953
49927
33397
39854
26814
39392
54850
42946
32144
49852
28474
50871
30368
40006
49644
43308
55064
40401
42483
53159
51071
36761
48421
42223
54922
38988
56077
38838
48181
50121
32924
30587
54035
26407
49179
39087
48098
34297
40292
33815
57187
40144
48722
46449
49769
29954
32630
44378
57391
26026
49419
55919
32494
42480
32812
40371
45743
38027
36933
28209
33374
39044
35016
57314
58145
32572
47905
37328
32232
31664
50411
51068
29508
43772
37476
45437
37244
49694
25886
43371
45278
51453
45816
25851
43603
34474
29005
25707
39990
33509
41067
40993
29030
49379
43847
47503
56986
38734
28527
45913
51701
51598
33087
29882
53467
50759
32856
39972
57346
44834
36942
25894
37324
36305
51617
42387
50900
55885
46831
42465
44230
46690
45671
55503
42869
33390
46977
46666
53287
44902
31980
48530
32563
29209
27336
58009
37839
48057
49430
27308
28195
39831
33389
31828
53154
28206
30446
26239
38297
32099
56186
58075
33288
30219
37154
55171
34482
54958
57566
56285
50800
48010
42882
33986
49354
43995
32239
48096
56264
52314
45446
42589
49158
39684
41187
57021
47879
38940
53447
34310
39883
32883
52565
28706
48548
31975
43906
28548
46405
27434
48839
33807
54300
41925
55064
28979
30178
57692
39706
32601
52336
44339
53905
27777
40404
29937
46359
53289
43172
44452
37140
30321
41618
43014
57066
30334
34113
31231
38000
34844
40279
41322
52386
56487
36820
50204
38807
32555
51618
45346
34483
32714
36204
34635
51485
28254
37812
42215
27763
26720
28960
50381
38333
48649
46869
27811
50848
29366
33415
36953
33493
40081
27920
36599
27097
26478
37951
27801
39141
48883
43826
28087
26912
58364
51815
30634
56852
28989
29135
55916
55390
37674
28964
26528
57514
30483
43645
31442
40671
46484
58144
55039
53655
48172
38551
32088
55762
31276
32774
57667
44779
54483
52667
40355
52939
42679
45831
36697
32348
52838
52300
30987
28224
36942
35160
37923
38852
53210
37361
45851
26127
58334
55473
55545
32672
35381
53269
27157
50167
48809
30160
55842
53649
30994
43109
31596
43034
38594
31476
54111
47839
29473
31572
38985
34690
29589
40547
48225
34033
35493
50842
43527
32408
30301
39141
38221
45014
48628
37809
34487
45998
45740
40006
33599
40128
30714
30295
30108
51575
55015
55767
48324
51331
57526
39695
33712
57738
42183
39150
50783
38426
32187
26016
43037
44771
47577
56674
32517
43299
41648
40852
47301
39009
43006
40463
31905
53342
45521
46778
44731
27465
56812
35672
47249
32818
44140
35748
47815
40385
57260
26016
35879
56616
37733
53290
43494
41302
53018
58320
32040
54893
38835
30181
39367
50551
50280
43476
55888
53333
39648
44213
32079
43511
30362
53022
42957
57043
32653
28988
28950
49551
46091
29986
56256
36865
51691
43872
57320
58458
43751
28120
27327
50846
36931
56525
30534
29272
33200
29245
42069
42123
47983
57201
27618
34283
49081
26834
57216
34125
38751
46078
36390
46685
34222
48155
30514
34959
45973
57452
44717
27224
38410
49441
38609
44189
37801
56948
53960
47724
44446
44529
54967
30954
44998
39445
47355
58252
44049
40987
43187
47242
50475
32787
44414
51601
35931
45876
38022
50361
30379
40051
44733
35254
44361
42837
50278
57170
48429
51457
57816
40219
27132
38809
57726
40280
43052
27594
55075
35650
33386
49314
49260
57713
28216
50594
40614
44181
54235
55061
56770
26214
52596
53408
44190
31966
57709
28185
43655
55717
48150
44700
36347
32205
44176
28124
43187
34239
26859
42936
27873
43381
56715
39439
55222
36074
35792
47316
58663
29903
48118
43109
28913
45952
34361
45592
43226
57910
30525
26391
29754
47742
54190
58735
29883
41962
48931
29539
33885
51718
51785
58630
54461
52877
44093
32777
37782
27613
43833
53713
47240
39849
30835
43980
57368
38382
33602
47622
55289
48168
34691
26615
49290
50373
56123
34720
26527
47834
49022
28374
49284
42517
47247
32477
40255
28403
45384
51768
36118
54066
28092
52416
33873
32394
37148
27124
45377
39832
47831
42384
41601
28955
32517
51809
41596
57186
48646
29527
27695
53765
40806
43740
40241
31188
46084
37988
35056
58125
33652
54341
53565
48082
34977
43466
26635
57049
57783
28546
56947
30310
46912
30174
42236
52086
40589
27643
41242
38205
31575
51901
48116
56531
42150
30237
52842
51499
53490
35012
36439
26436
36232
32216
57619
49827
50480
44310
46909
57856
39437
52513
54711
31808
38596
28697
45041
31139
31457
44656
46955
38207
42614
29689
50293
45741
26884
41794
31802
48130
47007
33572
55292
39936
36430
43672
45473
43150
32945
57036
31087
37222
48614
38775
30996
42766
35756
40297
51177
36361
31945
30566
54391
45646
26282
39220
42811
36601
55882
35059
49830
40513
42069
28333
50280
34218
39052
49710
44014
53883
44139
35606
27177
55923
42249
26412
40594
38072
56385
51957
42347
32528
57615
45190
56135
58195
30524
43158
47564
37153
47678
33239
45496
57296
26458
31367
58914
36008
37643
45121
44291
51539
52647
49690
30964
36495
31552
55529
36921
34598
58056
35302
46335
42784
47225
51063
41698
49975
42868
54342
34226
48267
40617
27799
52599
38039
58614
39385
33714
32100
47251
58490
34278
47612
32173
55296
51543
58146
49233
36182
35858
58432
36236
44899
38701
50337
26577
44513
30288
37088
55962
37485
51317
30881
29010
43994
36331
29822
38259
33739
38817
34885
38892
53889
31649
30048
27077
58609
45787
29076
51205
43290
50212
46575
57044
54421
41086
31227
42973
55662
38042
44856
34806
40242
29595
37065
28675
42569
57117
56174
34071
45958
53366
49586
37853
29181
51003
28774
54071
50453
49415
46925
47652
54494
56951
43545
27879
54948
55673
52630
34150
50116
45255
42278
47824
29374
44206
46189
44162
50828
41236
51533
54316
26674
37049
41493
58159
48791
38333
50165
36682
39059
45923
38326
37494
48457
29972
37543
57870
54967
32423
43483
57651
27275
29151
40337
37487
54584
52533
30452
35992
31562
42968
57861
46840
42230
28403
34261
37034
47094
34862
44279
34631
50068
32119
53813
41155
37636
38402
58754
31889
47606
32910
56624
28686
53100
29419
26467
49692
51913
58041
53190
51725
46891
47986
28028
30148
45307
46507
44378
31510
57795
45974
35923
47222
28223
50892
38451
35026
35510
49993
48273
36536
43402
33720
39422
47805
30735
49906
30083
37151
40345
44737
39499
29353
28889
38889
55196
27863
38761
58217
48396
54587
50085
41214
59121
46111
33981
27369
28441
49772
56584
29426
54715
32459
37531
57517
30382
40457
28187
58620
57049
56000
56271
42709
38379
26676
41721
27973
45132
35963
42855
43701
48467
42465
26949
52589
58809
40842
46901
31062
52813
39257
50850
36612
37610
50961
42576
41971
28070
51898
48952
53265
56909
36423
55188
29821
58894
57461
52278
57231
43891
55542
29725
29208
39575
51151
57930
43499
54675
46079
31184
46492
35129
44385
34859
30087
31237
30163
55762
36372
56656
50584
32016
28474
53959
44795
42767
30018
37404
58677
28470
34510
41211
27281
54452
54297
42304
27086
49757
39808
42855
48837
33974
38722
55619
29260
58955
30852
46323
44377
58953
37784
34835
59243
48456
41342
48943
54309
42089
47787
34173
54332
37537
28426
36043
28052
58452
40769
37302
36518
41254
31541
28701
41253
54286
51664
56277
45025
43436
56834
37278
41963
51420
56581
37974
56570
39307
47590
51821
43277
28105
35393
36761
57170
49440
38988
36555
41543
33316
54806
30817
36127
39500
38417
26781
53351
43008
44239
37462
33257
40691
57353
33261
41937
49843
50917
35971
42766
44927
32632
49001
27899
58712
56714
58328
35903
35162
30362
27363
56562
53581
44834
54697
36865
52600
44317
28111
54739
33973
54213
57902
55340
38603
44193
39880
35666
55543
57791
57089
39535
41164
44351
36108
29495
45374
57873
39331
46282
32249
29182
35067
34268
47351
38125
35319
38419
56913
30047
32924
52912
45653
34365
38085
30322
58842
58835
39191
52407
54480
29212
56888
57317
37659
29248
50748
41736
48034
31067
44128
34493
46498
59008
29947
39246
58441
42494
55729
29214
29824
38881
50666
27720
48392
49084
55170
29827
58568
41382
55235
28233
50021
28803
49296
29752
45076
29061
41442
30648
45740
47346
31609
33758
51968
42023
57035
42896
49771
46301
27969
51946
48044
45483
34466
29665
29940
45004
48079
48678
28734
27171
55730
35405
30175
35196
41073
43055
42334
49685
31463
32909
34949
27229
51796
33270
56504
28411
39507
54506
34438
51218
53517
39743
58238
54211
44973
48836
28228
47604
46868
37669
26852
48464
50381
53006
33125
40335
31811
41107
42146
28408
53297
57552
29525
35620
49243
43724
36213
32516
40828
55716
42946
39462
30079
45541
40862
33587
53745
47673
33054
30141
41655
34630
45921
36151
58108
32467
48928
49477
46702
54828
58247
30519
50346
53192
27971
52431
26868
31786
33757
32843
35372
33285
57670
39327
44797
45475
42931
47363
41560
59271
51626
44717
48161
33362
47197
49120
41512
28643
52280
48421
38234
38338
39862
52697
40761
39103
46200
38119
45961
51158
27288
37591
39500
44630
45627
26888
46577
37187
46949
57913
31177
56312
43026
58446
42170
49168
58498
44881
37943
35975
35284
36280
50031
32797
35542
55782
51909
39675
51996
31988
29569
45977
28751
51888
46021
53983
56776
57062
42690
39819
36445
57311
54571
49362
49275
51752
57834
53322
43126
43412
28435
54023
40220
58244
53014
35332
29328
30310
54840
51653
30550
53884
57412
47419
51114
45023
56957
30696
27414
34243
33240
28484
28739
34556
54632
54110
31504
51138
56602
38598
30945
28849
36002
54699
28473
41747
43701
31809
39052
29282
29817
44133
49998
38665
38202
42628
42832
48747
50782
47545
42316
39974
43931
32565
42175
41113
48999
58596
33782
30884
58288
52046
52844
47790
27342
47803
44371
58605
44214
29594
50801
37089
31856
56867
32045
32802
37323
40252
51690
58972
47951
51353
39827
38040
27763
37416
30583
27069
31760
55980
52056
44118
42774
31143
42430
45461
43902
48254
51345
30104
36735
57560
51687
35052
59653
36423
46875
30544
47455
37674
28191
35771
45367
59602
41235
38304
28872
49891
47126
37744
38987
44541
34140
58977
48306
33180
32640
29550
38041
43325
30236
54686
29050
35011
29848
34186
55584
32792
51007
39449
54110
53783
54936
34447
49152
29354
52467
31174
51458
32815
47682
49850
50432
27681
43562
56908
40430
38644
57434
37439
36873
58176
44828
47495
54541
33826
39977
42435
36777
35552
51138
47624
35632
30667
51708
41696
41873
53866
31324
53138
59785
36052
54691
37028
55063
46686
30187
32671
43057
49526
53491
37906
43957
57551
45240
35289
41122
49087
39493
31903
29576
39397
38603
56482
28733
30222
37620
41142
48082
34905
51317
55693
43717
32666
58851
35381
51064
49661
59591
27106
40162
56556
56820
29422
39301
44082
31768
58142
40608
31840
52370
37159
36773
44143
54915
47985
30189
37544
32808
46106
36011
43201
39527
36414
51487
49993
51879
45174
45836
55366
50917
28830
41323
39196
38916
40156
44897
58288
54885
38365
32111
52942
38072
56930
37609
54728
27922
50172
29609
59232
58431
34067
48644
56296
38745
38957
58621
38568
59289
30829
55993
54912
39022
39770
48947
31183
37836
29667
59185
47507
51399
42655
53111
40913
55392
54105
53306
48439
33951
38859
42199
57856
38370
44970
39877
56856
43636
54755
33480
35968
42081
52005
41832
44533
43401
42399
58274
54988
59892
52747
57053
29729
41061
52715
35616
44080
33074
54034
48769
40451
35666
35943
43233
50254
28600
50150
38358
32663
33503
55783
35561
35737
27815
34211
38402
58347
35423
32500
57376
56285
46883
30044
55373
28067
28264
30793
35538
33973
31957
46231
30887
51061
45909
43863
33581
42002
53354
50639
49183
42157
37828
27329
51654
52923
45074
30961
57197
37291
36632
51937
59925
35016
39937
42975
47466
37984
34807
50753
36085
36390
48370
49904
48530
40149
29389
45603
39717
27414
39583
44397
53897
50596
37960
33530
28617
58542
57930
59926
53395
58493
53211
57582
39657
45398
48440
38811
35866
27298
34363
35932
46065
33100
46896
48419
28716
38251
33765
37460
48175
55073
46336
59081
43258
28354
32661
53529
37209
45113
31480
37402
56922
40360
43216
52388
28676
32079
50029
60056
32326
34479
50780
54049
34350
27375
58680
54842
38748
48254
58562
29041
38325
31226
35380
53738
50012
49233
38099
47014
42718
59430
30148
40453
41388
37494
47648
52618
51919
59515
56139
47839
57815
37584
59777
55065
28180
43991
50353
46396
56841
45400
55183
43266
47902
47466
35045
49880
50581
28311
55081
52522
36031
38715
53845
44768
55152
44077
59379
55081
28848
49825
46455
38519
44211
52557
54482
35019
47628
30923
55108
30002
37661
42815
57970
50831
41938
53049
41912
33180
30607
49629
36288
56364
33638
40001
37972
55731
57486
59414
55920
37127
35600
44939
34460
32616
30916
34926
45432
36031
40060
55956
41625
42275
43391
58748
53139
35745
43833
51503
53591
51773
50480
38506
50112
58164
44858
43519
50024
42884
49646
55161
32192
54958
42840
42751
34656
27579
33777
43643
27803
47997
43981
44539
45143
51223
47127
51031
44315
28096
37051
35092
35946
52419
48738
56456
51280
38090
39075
51007
60218
38237
42103
40862
33291
47014
46830
29894
29803
50551
45089
44475
46946
41358
57960
41926
36391
54551
31181
48151
52530
38514
30656
50351
54168
44343
38668
39037
44696
55159
44041
52935
39793
37957
54547
31180
56183
30581
36668
47272
36454
60068
33598
41079
34550
32633
40628
49341
52656
46889
52617
50950
50687
58177
59312
34249
43402
33696
42773
58002
52673
50626
47572
28512
59318
35141
50346
45900
49711
36261
59816
58988
39417
44363
42799
42231
38015
51654
41752
56746
33947
52568
46643
32618
29099
58804
52211
43562
38120
56326
60007
59151
49395
44596
30316
43986
59313
52579
34850
44391
45657
42430
58268
50652
57291
54130
59868
29059
56612
43261
38398
42835
52367
60073
55987
37004
28254
58195
29681
58266
41049
46705
33001
58940
59221
37716
31290
56037
46857
44458
55396
56675
27678
40774
32383
29374
44165
38692
48429
53347
41485
31143
33229
40577
49973
54822
34289
47540
40510
54695
37650
47073
55941
34538
44675
46177
58384
43946
49572
42849
30055
60191
37464
52360
29605
36295
40889
56539
53454
42598
46858
40926
59491
52300
54508
38908
35380
51926
42709
52777
42870
59959
49343
32966
54805
46456
56093
47557
40524
57790
44307
36877
50802
47820
46822
38944
37143
47304
37042
51195
41295
41794
37211
53822
31054
58738
57797
48268
50997
30657
53320
46389
29740
33420
30814
60434
43441
40484
37535
29361
49455
54297
33008
59314
53715
50616
60151
29041
53403
39890
32466
52198
30384
41919
43528
28105
57845
48547
57023
35065
41952
32752
47408
59934
45705
46124
39257
31629
28672
37109
34033
28525
48100
54594
58785
54552
49969
43243
30577
40388
33370
58988
31617
54371
44440
45542
33529
36040
29569
33126
58946
52746
52700
31338
48247
31789
54452
51361
59158
34047
51115
53747
34300
54337
49553
60353
59280
54023
51765
30062
51518
30306
47739
31774
31783
41275
42671
52157
49686
56706
49945
37188
30390
45193
30418
29239
55555
36522
37078
48498
35071
45616
54105
39206
36262
55669
51551
53791
30499
45127
39559
45128
28996
59536
53543
29808
55852
50742
50846
58190
45384
41537
43494
33219
29316
43324
54377
58976
45502
55517
57622
50216
35450
33000
47539
37527
47064
52048
36469
30435
59588
36767
60366
53889
42093
30105
57990
39659
54008
43804
30221
56993
48757
45387
50448
39789
40978
34028
41034
51692
36238
42509
33693
49738
56049
49902
42337
56909
50299
35355
36860
31893
29914
59353
31154
51490
48032
45763
52927
28438
34803
35765
41379
38844
31622
29929
30142
56010
43465
58464
38940
33763
55133
54660
31378
53600
52683
40459
50442
36944
38773
35358
37147
47549
47053
33723
33757
30002
46020
51544
47611
42105
32390
30665
47625
56489
40548
60259
57624
28769
40465
48226
32136
28494
40466
55944
35870
48883
39536
35847
52054
45225
47280
54177
39163
47332
45572
33294
52724
43961
44483
30366
35937
41629
40983
54047
46055
28528
33014
42753
28743
49338
28499
54712
38454
56116
38037
48226
49769
35978
56392
55978
28399
47967
54290
33516
29379
47249
51177
54682
40866
46527
28292
35806
29210
34057
47631
54656
34788
34327
41251
52747
53363
58461
29685
52523
43981
35485
37326
38490
60314
28589
37563
43963
60026
41082
47493
51270
44444
43853
49635
50470
50317
53325
57071
28255
56141
39750
32215
35508
45736
51880
41173
39624
29379
42963
58977
37763
35830
46225
37029
38839
39385
53732
41265
29956
31906
50179
56560
59385
40110
47007
52314
60283
35933
44138
35820
38763
31779
59610
32981
53891
46300
56106
50675
56193
35936
35747
58621
28040
34904
33817
45058
33731
41808
53432
53010
32843
59405
32257
54843
47691
55072
47119
30647
46946
51899
28447
42595
37960
52420
42319
48243
57525
37672
51622
31332
29310
38514
50261
29235
29697
30364
38972
45773
45508
41508
48560
51142
60249
29539
39548
57677
43909
47131
47909
47200
60321
55119
45427
33596
34367
35159
48172
36376
48401
54835
39971
52242
54791
52768
47729
29802
37816
45161
33795
32750
36099
29824
40533
39605
42998
59725
55676
56848
48110
57030
33642
59070
40704
36288
32878
39775
41624
45572
52474
46891
50016
35494
52393
60644
36964
46226
35456
46601
36211
37736
52853
41549
38088
48266
44077
47944
31722
39027
28426
53355
32720
44618
34661
48953
48201
52662
56600
35764
45723
35573
43840
56598
41834
49448
51521
45762
49116
36593
34058
58746
30203
33088
29338
51410
56411
57450
54466
32997
33020
54140
33581
57414
40817
52686
29087
57914
33346
31451
48250
38180
37776
40015
56966
35136
57591
36450
29681
38804
38585
58981
44693
38180
46616
57242
57210
50790
35587
35401
47516
42741
42229
28944
45550
55689
55067
43131
41118
54311
33717
31957
34715
40085
46782
45629
41557
43281
54223
35580
41668
47426
56129
34837
49067
47983
35474
38942
30750
37359
56329
43087
45122
52449
43421
52185
35668
44061
30484
60792
42732
32106
42856
48972
39811
43761
41326
56549
58931
36337
42937
54173
40895
55733
59325
34090
42195
45763
33840
39027
37773
50775
40630
60579
49723
30223
42172
49788
37735
60392
58276
36847
51985
43625
43043
45545
51515
60702
60648
28783
52651
60744
56447
35053
43244
57043
43636
45771
32406
47496
34747
53826
31951
41604
46671
52590
44306
35305
32794
47012
49711
53459
38165
50949
34707
35726
38064
51283
54730
46086
50804
34052
45122
57470
50663
53141
28754
53893
42416
43553
41338
29222
52731
47922
29421
35168
39455
34007
57932
54230
31102
37367
33717
46790
38829
36324
35580
46399
53206
31283
31288
29839
28506
30412
39298
58619
35770
53309
39929
58036
28599
51284
38410
58118
58296
52460
43246
33233
54637
37127
34675
33597
41650
48157
47104
40362
35766
41908
47059
40934
36956
49969
58254
51107
48353
58862
51442
56360
43456
46988
50666
57670
45778
44683
39115
30350
43450
34071
50650
46785
34688
46117
30223
43912
57724
42175
45848
43365
42358
35740
42145
42986
57611
41716
45779
59945
38994
46738
45594
35691
28608
46635
31788
50213
44361
49646
39495
31527
54472
58716
58553
30487
58273
29786
48038
50206
28581
48773
48390
41441
44342
36037
39917
36275
41131
40229
32015
48392
32502
37090
31875
39981
33155
32961
49351
42295
45412
43942
48901
41786
60844
29539
38036
46523
45336
39886
39362
43111
56053
32790
37329
29445
32573
45655
39999
30121
33284
47467
52043
50474
33298
57604
33716
39895
54994
53239
35268
49766
42347
55515
57229
34093
53548
47315
55411
35221
52013
47272
34282
38859
34099
58395
57729
44216
35797
52089
55328
59444
35805
33647
39565
43894
50929
55072
55093
31695
47987
57461
49450
32153
33701
31412
34920
39786
45073
50005
42844
44429
41256
40209
43431
46514
42025
59707
53279
33508
55108
60243
46614
53692
39168
35545
56288
48340
34522
59231
47759
37247
53038
29410
50433
56503
55899
34394
31261
50263
36643
42128
60505
32907
46672
57136
57983
35204
49565
37407
30130
52592
31187
59662
53420
33449
55347
58192
29769
59948
36628
51688
42313
38478
34253
52199
59217
35242
52181
46325
43316
49758
50985
29229
34417
34167
41454
55598
49661
32425
47960
58734
56898
34884
40906
57298
30311
44899
52287
42108
48338
51302
49384
31461
49899
42915
42774
46123
60963
53849
36443
33708
48694
48101
34028
50643
51372
58169
36682
43314
36262
58505
49954
60881
35287
54087
35185
44742
43473
28754
52203
59910
33410
36971
37278
47739
29438
50920
52947
30807
37759
43180
60469
45991
38313
47958
51509
48427
31251
58553
48556
45413
48900
61069
57026
47600
60538
29283
35600
30995
41329
49631
33281
54166
34401
40737
35454
36052
51465
55684
60618
59666
34155
41611
50090
51727
49176
44824
59594
31196
54701
30943
32860
38894
33694
46107
59394
56434
60978
52607
36078
42464
51151
33904
60743
34003
32120
30065
51407
47640
35988
43231
50372
56069
58865
31198
34564
36876
33288
59795
35956
41360
35459
45716
48801
50934
48380
45212
36008
60416
60168
28804
35668
57430
47988
31854
57479
42342
37070
47172
32219
52846
47399
57953
61064
42711
51992
35981
48265
37573
54275
41263
45306
56812
48027
51390
29637
60581
32935
50041
52861
33601
45827
35672
38538
38813
52967
53826
33415
57590
56683
45184
61160
39423
32331
38770
54752
43313
48872
56448
32386
41827
58000
28756
42790
56474
32767
38470
44814
31522
38950
45080
33609
49374
35371
29156
53976
32476
34992
37458
52752
59180
29784
51982
30015
45299
49031
48506
47762
49851
49002
36768
31542
55053
36408
54634
37822
53058
58039
39445
37829
43158
33025
40419
54484
51070
43144
39952
30854
36156
41816
44296
37353
60336
55964
39127
32296
60273
37988
44513
45159
55324
48805
61395
29935
34540
60289
45785
61323
60299
58057
30482
55601
61224
60609
38977
49381
48586
47651
42437
54235
32228
36198
30411
28892
42537
35135
52930
35562
58785
51305
42511
40743
53757
41634
60162
49651
53288
49910
53001
34645
60190
29503
29732
51868
36097
49389
36505
39238
52842
57091
52969
50464
53245
59746
43010
57775
53824
60746
50614
45263
32685
56094
51052
49818
40197
50535
37654
52363
37864
37148
54371
31715
35747
31521
31797
51020
33865
38669
54357
33725
43013
43824
31590
49309
50862
36309
56599
44843
44956
59332
31389
39197
56762
32779
38753
43655
43485
29950
40437
37631
30548
34429
53581
49663
36545
54645
40492
49803
39719
48297
41180
31251
32067
42675
45858
52890
59680
34117
38513
30744
33254
52661
36446
33053
59378
40633
32596
47800
60716
29551
58761
42903
58261
34720
47152
41583
47648
53573
36081
50079
56259
45898
36758
51728
33997
52627
41479
35679
33402
36413
47224
44862
37061
59430
50657
47639
51837
53935
52398
43763
57243
30400
59320
45211
34259
44301
57205
47612
55145
45464
40811
58832
37958
45175
40939
38267
31051
36824
38907
42803
41445
39746
35732
39780
42978
29726
35342
43347
30083
60277
45272
34561
32210
43259
50796
59474
53045
49997
33154
31086
46148
44407
53380
55400
55000
40377
46403
53790
39268
53643
35048
58976
39561
53982
48173
55124
38628
41637
59341
51224
40235
60564
49464
44714
51320
43047
51084
40197
29924
51943
48321
42381
41560
61417
48931
57005
31136
39063
38662
51647
42945
60082
36021
41260
33677
36760
55979
53716
45428
39107
36870
41904
47517
36243
30520
54709
50230
34381
54528
45308
61448
30819
37785
55073
30542
38902
44593
53225
38599
29337
61596
39463
60170
42840
57162
50144
47130
57337
56182
52653
53050
61313
55201
56673
34562
47610
45119
33772
31155
51572
31920
39551
32200
46154
60529
31473
36045
47270
33940
38754
35956
45383
53613
46366
44518
51074
57487
52931
55127
34439
38647
57767
52189
46054
46982
43636
34178
37202
44469
38165
30104
60324
61572
58326
40780
39715
37299
53702
49278
55554
52533
46176
31952
36394
44258
57451
48893
32570
37996
54815
50285
31180
51604
30857
34566
59131
52381
54321
31044
59170
38145
47353
51340
56037
34404
43848
39357
32118
45510
61544
29705
29713
46844
47661
52739
30409
55905
46552
61688
30343
41673
33338
42627
58448
37814
53533
58460
32198
55247
47071
60017
49906
61325
29536
34616
31040
47160
41759
30275
57291
57106
49055
36117
30939
38098
53264
43572
36012
38227
41771
39551
51570
55182
36702
59586
42137
31174
32297
52104
57681
48642
50888
42288
57418
43712
39954
51779
40124
41960
37281
33285
31403
36863
31795
30026
51817
56733
45392
32651
42332
32033
59949
38457
34817
41635
52689
47697
52529
58410
58998
43057
61092
34847
34354
47530
44723
38914
57046
44630
36706
35676
53527
52780
47773
40693
46827
39505
49090
44102
44342
32817
51808
38193
41126
49871
46655
38896
41435
36441
42144
40780
50380
59904
30405
58127
36710
31751
53684
60603
47990
54297
36665
54396
53192
45023
49194
51804
54416
60882
41966
49078
42762
41550
47424
50413
45150
33512
52273
61277
33734
39938
42348
56210
42994
33949
48830
40888
36780
33902
41174
49747
34232
57395
52809
35121
36862
49223
57305
46236
36331
58740
46582
31444
38420
40969
58245
55228
55068
48429
46561
34003
32728
56947
32287
44390
29362
61359
32663
45828
51275
44807
42911
38451
58725
31565
62106
55137
43007
56460
41522
58397
61377
31456
43233
58503
34203
30603
61110
32005
42666
56390
54102
55352
46683
38101
37185
36143
56274
42718
58966
46554
36493
39931
42394
51649
54852
53774
38453
37109
49684
42453
50109
49991
56029
43966
41911
42937
38121
60156
46171
51250
33998
52954
30872
36214
56213
49743
30040
55124
60955
43475
37893
58658
52152
44914
36428
41574
43039
38175
50977
43990
40069
33098
46339
41091
33798
31157
49537
37713
30532
32899
49661
45226
43857
34706
60848
60531
47055
44554
29934
52287
34901
31798
40363
41411
32021
37267
35135
51595
32444
31015
34662
49643
35226
38932
39563
44599
29699
60013
37190
39478
29685
33352
55587
37333
43002
32021
61093
57625
42832
58158
36490
36951
56648
42415
35921
61607
46060
44679
61946
52374
53732
46799
52493
37147
61339
55131
52445
33485
34717
34703
38414
54098
58948
32372
61269
43803
56467
43531
43903
31566
39522
45282
29877
44036
29627
45540
56574
31413
38277
46709
55301
40176
60767
35519
33309
31568
51407
61510
55426
39083
61340
57027
50913
31116
48504
50991
44571
40932
32482
36126
51271
61180
38219
43598
36342
35758
42616
45184
32954
36053
56103
40326
32489
36866
61685
46494
33950
34417
41855
55294
32257
52795
45256
33200
36552
60364
31963
62112
62206
30616
39089
43252
56579
37898
45140
42651
29909
32701
42053
46377
56461
38895
53787
39906
56877
57139
53358
31764
42648
56421
41459
51115
45538
58851
41960
34303
52426
44282
48051
56048
53125
40351
34758
33845
30142
58976
38853
49393
30682
48282
61419
55175
51584
45291
56234
44464
41305
42986
54161
42699
44564
51990
31347
48244
40110
34317
30150
34135
54256
58367
42313
40518
35129
57697
32234
43402
37501
34278
35814
55415
39310
55979
57394
45892
38042
37041
60698
37657
42997
60305
38440
33384
54553
50283
30535
30593
39660
47392
42792
40289
60225
56257
30949
40651
39328
30279
32996
42907
42826
46724
57599
36950
36984
54873
40929
59397
32484
37930
36787
53316
34186
36751
34809
57238
51632
56908
30390
32251
48420
60804
36055
61381
52677
33577
35278
33447
44612
62391
60030
37135
39980
57378
32599
53173
50976
36876
44482
39284
48484
48188
57535
44378
33184
56652
60620
37627
44512
53921
60170
39178
51166
30113
53147
41514
43652
60703
48974
46081
43181
54554
59518
31886
52524
36520
58167
49597
56335
52269
56475
61241
31013
44496
37252
46722
38845
33328
56427
30015
38833
32594
55945
54741
45987
34783
60475
56888
42119
53388
38059
57602
40545
31193
31917
33986
35408
61950
40167
54678
41420
45858
54069
38140
53036
45519
59212
48101
30571
36771
49821
58123
37163
58952
57212
34181
44282
48806
45953
53656
53973
34902
39214
31697
55530
42330
31955
51280
38818
56844
53423
48743
40671
53589
35928
47716
53379
46367
47965
53674
33841
31501
57129
48391
38999
44393
43050
48449
37996
39006
51763
44530
49270
37735
61471
47766
54736
32519
37560
59875
44330
51899
46807
62297
36305
38701
54988
37657
33329
51370
31487
53242
54680
40406
50648
59354
40764
40606
30429
54834
32384
30575
43290
43245
60531
38053
53446
38779
50841
37447
48163
36897
30447
54257
39846
44947
56617
55569
54616
54980
56638
41302
42876
54013
46886
46438
56946
52269
35810
42960
41435
60800
46014
41537
40190
31794
51667
54010
34411
53414
37071
52865
51933
58802
38137
47511
57189
62013
44911
53099
32453
49421
52914
38925
54810
47834
43109
58149
58559
54951
47186
56037
37741
58450
45230
49980
50855
58729
49054
47437
61525
59455
52730
34591
58543
39231
39760
57238
30300
32385
56108
38562
40411
37275
46998
43446
45091
43962
56541
44156
59526
30705
62099
60871
51675
57296
42457
59593
39644
42553
43229
54918
33229
42095
52128
62344
33631
56688
37373
52692
59603
56197
60135
44830
53602
35863
60658
30521
62173
36292
48148
31441
52625
42162
31917
47708
55149
51491
30662
34126
57959
33866
54422
56716
49691
36702
35659
44836
62645
59628
62727
45115
54034
54385
40232
32071
35874
30760
47052
50558
61329
36129
57748
39821
52134
54675
36009
48782
57963
52595
48893
61236
47630
51525
34260
42313
52359
30515
49794
47451
55931
30300
46198
54962
58720
30830
58487
51589
38115
41335
54574
32109
35718
39416
40165
49177
61070
34620
52366
40004
42268
56807
51207
57572
37530
49874
62364
43172
53336
60950
56014
30101
43639
50279
46162
46368
58375
39588
59229
49216
34412
55211
30239
44014
49158
59506
61837
32220
38417
47700
55908
39269
60873
44968
37739
30916
45266
49816
51448
34437
37080
51761
61877
43834
44659
38326
52388
58223
42829
53818
32865
61920
53126
61037
49064
33257
39511
61623
38678
52797
30198
62339
51252
40923
40634
48094
54705
47422
44416
40512
42223
33236
58701
42409
55490
34226
33845
45296
51572
40326
39803
31320
48652
53965
45817
48485
51919
54342
48066
61166
30984
36518
38407
47986
39941
48525
44599
49072
30562
35001
62826
44913
39562
33146
47360
57001
38266
37989
40325
57534
60104
49997
49368
45608
58084
47983
51085
41018
42143
39917
55695
58175
46825
32894
53770
40649
53215
42083
42632
48198
38149
45469
51546
54228
45263
36957
35641
38743
57703
51900
49197
62408
58538
55468
43950
56528
58739
59438
30729
30357
52765
62918
48390
37332
42051
51500
55752
44592
53706
43589
42484
30409
32546
57937
48662
60689
58056
56678
61248
46555
43536
32797
34292
48309
57121
34187
33859
41336
61505
31091
33591
42013
48211
41657
50031
33490
51357
61978
45321
32333
33743
51483
57029
30817
47681
44351
48230
57551
40829
47997
35932
58462
37117
61425
56481
37422
30262
38354
34529
60233
57813
62372
31709
36987
55368
34735
56849
33380
57216
59567
44948
42955
48117
40653
38721
36405
32491
35022
33044
39094
51700
41355
40406
37128
60343
47521
34301
52954
47599
31081
33742
59754
52407
48939
51396
42838
32516
44430
37429
41136
55411
32339
33075
51024
50245
60739
43441
51566
47527
53094
40166
33392
47415
43638
62199
60928
50117
57491
38864
53602
44630
50232
57170
36612
30575
43118
42164
55383
33168
49472
31011
45534
55038
59502
42412
32133
56005
39526
33884
32563
35582
49007
62630
36770
47182
38184
61188
61807
54959
52273
31713
31853
52083
44584
37303
37695
56454
57303
40565
38694
42227
37803
49187
52759
45737
49256
61640
61201
45440
45084
43404
51373
51063
31570
49434
46583
34367
50311
35144
54652
38398
51170
61434
46756
32077
37663
42819
61762
43650
31181
39118
56170
41525
39353
43133
53635
30461
33706
35407
50332
61051
56398
44935
33540
30618
35189
36619
61204
54804
49021
52490
38992
42809
33549
34273
60079
41964
62215
49216
59446
50158
61111
51848
41163
42591
60497
34680
56393
58241
37786
60937
43728
43968
61669
49302
53087
55279
54337
48960
47268
52949
45297
55697
31762
58344
37148
41824
34613
37720
61894
37108
31554
48975
39679
48748
59123
53880
51290
50781
53905
60350
46497
60350
53842
30550
58311
39681
37606
55551
43550
34435
37965
35720
59338
57894
34539
55699
59766
33340
32478
37786
55110
57768
61839
59183
48908
54079
45447
48008
36542
57973
56453
46906
37672
42805
61389
54085
52958
37136
63170
40785
48501
60826
34743
39735
55026
44561
33539
51651
59267
45120
51283
57529
36717
36515
54853
47637
32582
48076
34866
60055
50276
60677
58954
41343
47509
38967
48103
46486
61456
35083
59419
33645
42156
53582
40075
33001
38224
39066
32385
43519
51883
36659
56892
43709
43557
34863
30859
60042
58389
32474
63130
56494
37428
35672
40971
47637
39506
35468
62280
34895
43335
32057
38936
37340
55853
57959
57457
45991
56780
37129
52110
41936
46678
54492
48960
38318
56149
53906
60297
57109
55777
63280
35943
33492
50454
63157
32238
50306
35525
40444
54937
43387
32874
31715
31714
35621
48222
42413
58640
40568
36686
39589
32849
38077
45548
35588
60936
47509
31460
34325
34408
45630
45330
54167
56642
49682
52722
31843
47131
47184
50264
50767
43650
60191
40801
42833
52385
58320
36265
62440
49169
41060
44222
52407
63219
36430
43221
36723
61756
41594
33980
52992
58448
45709
40464
38615
32979
62319
49584
32171
51899
49415
58481
52044
47018
37701
54292
46539
34684
50278
62581
31199
35611
35955
56580
53895
52635
54795
60025
37873
54147
53347
39108
60827
58472
57995
47427
38840
37569
58355
55608
61397
62966
48685
60538
51388
51898
56308
36971
61849
60827
35182
31529
47195
58327
43438
60169
60253
58994
58749
43585
40518
41861
46938
31460
46638
43481
30911
32532
33026
45748
54438
61811
56361
48627
49996
49626
44647
46169
62261
59982
47362
33831
50032
36911
33828
60397
45852
50611
60033
59295
59947
32659
34873
62443
48998
37636
37120
39882
57265
53225
53628
33878
31377
35655
57326
60123
38891
44537
49173
51504
31503
39845
32336
37960
46836
34286
34306
51460
55237
32747
46906
47947
50589
58840
32660
56157
50320
60684
31322
58724
46570
61483
56303
44877
32443
52125
44142
35029
46995
56895
38286
57831
35210
33368
51145
43813
56451
37582
47805
42181
47794
53402
52434
36766
36188
48249
34333
62594
38622
47332
33412
62927
52721
34883
50979
57153
32300
31582
34543
59402
53707
58388
39577
56101
43182
41039
44982
39399
57509
53559
62236
44247
62186
37542
47759
54975
35567
50908
61853
56835
31322
51829
52678
32818
44622
42136
36320
50139
35309
34672
51386
40098
51739
46304
36608
38290
54916
39794
58462
62901
41952
49041
54248
37602
35702
50425
41914
50903
48094
44139
60379
47752
42764
39333
37992
31670
37258
46481
32494
37058
42757
32957
57111
32452
47115
43531
34441
62936
34067
48554
43019
38840
47806
49220
54761
35984
33628
35449
49050
55821
53682
63629
62113
45239
51451
49757
41649
41858
58924
36760
48404
32159
52860
39979
52046
43672
59172
33021
59645
58524
39523
62685
53507
40216
60870
39353
50663
54151
52646
43536
55673
52874
45554
39593
55221
60219
32815
33926
55530
63166
52924
60180
48924
50714
60763
45732
41638
32839
55021
56094
61987
52873
61565
54004
51599
59132
47488
63062
50346
42351
53595
36517
53405
42613
63014
58921
49376
39098
57520
50182
43867
47252
41411
58476
53196
43482
58537
49423
36456
41977
47854
48599
45509
42052
54632
36312
36855
39564
52853
58500
50938
50161
59780
50975
38992
42999
60375
37492
42986
60381
62087
35015
41548
61482
59848
31754
36333
60552
35182
59476
52188
32213
31408
37518
35753
55928
35628
32624
46723
41201
37164
54956
38302
62644
58664
34408
47064
56632
38028
47858
55963
39755
45498
32431
55813
59560
58707
38485
60486
54731
42163
60762
44106
47620
45498
42669
47001
59851
51154
42403
58235
42835
39469
41780
52575
33122
34639
41831
51837
37983
42445
57099
31419
57773
36436
62888
33485
45367
34540
31669
45473
45388
62334
47371
38138
51374
44948
43930
49499
52965
46433
41563
53542
40665
46593
33925
57093
47008
34562
39172
32649
57237
35106
57895
32273
32170
60506
57753
57582
40191
62748
55442
63684
52915
42714
55374
32563
56826
63431
46783
34999
35439
61921
47999
52685
48300
58671
39176
36696
59672
36679
34343
39490
38145
56340
35758
44646
45547
41942
55914
52398
49959
35434
48468
45176
33191
58316
31755
63551
61968
49626
49538
49527
41233
36699
56054
48056
31220
56383
58148
63263
60274
48936
44472
61938
52940
61482
34568
43394
50455
32975
39938
45654
32471
54623
40547
39813
41424
50014
63787
41316
49433
63829
43341
62305
39794
37846
36522
37167
37847
33722
51520
33572
38998
43437
63135
61919
60189
51949
58269
57645
33239
49998
34379
37422
61241
39042
54312
53427
35543
53911
51348
45035
52029
48577
44935
31295
34363
63834
34946
55418
35712
63527
38342
62509
52586
54749
60357
39250
35869
42467
38102
39727
46803
40794
40236
32893
63347
51803
39689
47818
40036
37503
34607
60700
54435
58021
63896
34263
61971
44527
40550
45024
42517
35342
63261
57091
60505
48832
48144
31634
38900
61078
61977
61775
46770
48379
34957
42380
48813
38258
37743
39057
47646
63519
62948
46654
58740
61321
37095
39410
62371
37790
51774
51627
60607
48632
32685
44142
56009
54110
47721
49129
47305
50830
46799
53591
55324
47161
37974
48548
45072
55376
49603
31953
52142
60542
63900
31899
51671
40950
58078
36439
41875
32878
43506
60449
44197
52331
42462
39221
33379
63168
56761
41373
56516
33617
33377
32013
62907
41245
45168
39179
31427
42364
36459
52818
48315
52388
39741
50553
37365
58226
49380
36560
40586
48744
32619
61835
63216
41458
50200
46626
53454
32749
49382
61431
46606
44649
55349
35386
60980
31662
61633
39945
37359
50046
50641
51164
31982
59802
34737
43553
37365
56712
57441
39715
34096
35730
45199
51248
41159
57106
39107
59387
47026
47597
41690
36415
47823
34142
40885
58021
42034
49141
36146
48872
44220
44255
39003
63543
32751
34919
36830
55259
57856
58813
55998
34585
31790
39414
51015
62042
50003
55381
50759
59273
44217
58313
59003
62397
42286
63926
42056
50200
32347
55800
57771
36335
50769
36902
39539
49706
48485
57875
43182
36846
56894
34715
44385
64122
44076
36764
61820
34383
48059
38466
54028
49556
43401
45192
37555
43960
62292
45307
38229
49241
59223
43457
60949
43365
40407
53211
50304
56447
45305
41895
60167
42916
42710
33449
47539
61710
49617
34442
33044
44632
43817
54625
43387
55012
43978
50994
53865
54650
59241
33972
34374
48433
52687
33624
54870
50579
46709
33414
62186
53756
55890
60970
37843
34883
40945
51823
50460
47772
60870
36042
60409
43197
63170
34363
38906
56384
46373
49872
62596
42057
34708
33386
61058
62568
42091
44739
57944
43713
55124
62128
58904
33130
48409
54948
33785
44820
61878
34422
63749
64238
58547
42084
52241
51142
51120
52567
53490
55921
52034
45673
60398
57198
40445
60324
43377
62406
57810
59404
32257
46390
35740
40672
49780
40336
57589
58910
49249
44383
34894
37445
58068
43466
57151
50014
57158
61883
35611
33597
60108
44608
63432
39173
53134
57905
47309
46570
63099
40211
32941
57147
47419
54588
41588
47519
36965
44344
53647
39327
61939
43116
37856
32100
62451
37625
39442
54210
34687
41187
61994
46198
57326
34931
51295
60844
55884
39897
43564
35525
63752
42518
32675
47190
51181
36633
44804
43380
48211
35624
40590
57903
58775
55682
34965
35676
33224
54851
54741
45976
51875
58247
61958
41353
36546
60882
52913
39783
60176
36784
34881
51131
47232
39064
57693
35687
33279
64278
34933
35047
38567
58922
56219
42198
35893
36331
40597
46004
50621
59247
55088
46310
53916
56303
50135
48894
47535
46887
41059
33085
33986
54524
44341
32342
41035
53857
44162
58485
58201
50555
51695
42624
54215
49411
41054
47773
64181
42733
53767
41460
56632
36423
59082
40374
60753
49251
58563
46430
34588
37176
55072
62007
52810
38662
46895
62494
32721
34105
60347
50057
35810
44688
53913
33992
35868
62078
34942
61579
59903
39377
58132
46501
51619
59025
53580
43023
36010
56107
38389
57648
33139
31950
37006
46427
37520
38166
34904
41626
35451
46824
44464
40106
49028
35485
50588
55878
48142
42338
45988
34729
46843
61406
54755
33358
61541
57366
59229
33274
50831
35470
56467
54012
38683
52913
61013
34227
49277
41587
50904
46930
55215
49461
34056
55264
58918
49641
35359
37251
50182
55414
50551
46333
58002
50782
62108
53111
39654
48798
32166
52606
54504
49366
33222
53067
39548
44969
38430
37447
60151
42599
56534
37838
58071
53737
34924
53555
35761
53437
52043
51461
59498
56964
58784
41361
37290
52887
50537
39080
63118
39409
60622
41123
38301
33865
37557
52899
49662
40062
45457
32286
51432
39992
63610
52631
35673
60109
53891
55468
57355
51041
63560
54102
53668
56914
49094
60013
36140
52691
40560
36202
38085
56790
37247
34161
35478
61232
57481
32143
43017
58871
61013
57408
46390
37679
35822
44596
38047
57766
33270
45650
46877
51741
50237
46846
35866
53928
33682
41111
49665
40280
37337
37188
60147
51734
52318
63985
55740
45010
32873
48276
51973
45278
32275
50101
44746
44692
52567
45869
42511
57407
47468
38446
35023
37177
42578
44675
34870
35408
58540
51481
49424
43630
63437
48063
53888
62074
33301
61482
52469
34937
52094
41020
36186
62969
38514
42886
55437
42415
46816
36363
51987
58463
40846
45126
61706
59644
55729
43119
39518
43025
39611
56571
48960
63071
60532
55394
35028
48839
39756
52772
53802
53099
57071
61710
46448
33297
61723
32441
63846
50120
34478
42069
62226
49101
57092
41124
44980
45487
56703
51017
64252
41650
57703
51523
38267
38513
53237
59061
44888
60104
33962
60904
64324
61169
39909
43922
60847
62957
52149
45145
64572
59430
48876
36755
61811
38994
42613
64336
43191
57242
62695
57754
50807
50428
63577
61179
49320
46062
50809
39488
52082
34372
44760
40317
32297
58707
42888
32849
50304
50775
59369
38763
61433
34322
42432
40269
32160
59318
43145
51280
58361
64261
42767
33257
32055
44471
41785
41770
57774
35868
47143
55948
50827
62722
36477
40683
46275
50393
60159
54226
44105
48149
35679
33529
34692
42196
50514
53004
45824
64449
39913
33710
36196
41016
48927
59070
33700
53163
43439
44761
48503
61508
53544
49952
60940
61131
40002
43067
40184
46027
37747
48798
64372
62448
32702
46602
39365
57268
60364
55895
37115
63034
47933
40306
62686
32634
52288
33442
41510
61855
55137
53007
48362
50605
33187
41860
62299
32615
54479
58228
55474
60528
37387
36155
60519
57008
37550
59303
41380
58873
43859
43191
64249
52459
50477
63906
36433
56597
41370
64539
34085
44636
64506
46292
60655
34209
32193
32577
60386
34462
47307
61086
44504
48401
39920
49203
40332
49437
38361
49879
48649
64237
55825
55219
47202
51610
64607
61512
61860
37199
54868
44468
48393
62635
60192
34096
32366
48486
48554
36318
53511
47160
52447
56258
34386
34806
43593
35853
37193
46079
57060
59042
45532
62934
37422
47315
62622
35344
42878
52587
55999
34929
50582
42482
48698
34642
64635
55596
50767
36421
64901
47843
32820
39932
39346
45286
61448
50023
64063
55634
44552
42013
51066
58896
58373
49661
45522
53663
48918
32789
37168
53524
43402
49859
36490
42847
57632
64793
35765
48591
48507
44422
48506
42457
47824
36275
44013
59413
40162
63916
36090
50313
48688
53824
44353
51242
57196
57002
56100
56224
35632
61809
34845
44874
57837
54412
37973
43138
57892
49354
63603
46114
32984
58481
49586
41542
42563
48421
37943
61268
58056
51468
42913
40506
61481
54064
61921
34807
54010
57125
62540
50269
45141
63467
57070
36885
43984
58901
32290
54243
57772
37163
42592
45355
53583
36942
37461
47029
52212
44570
59193
43181
48034
58321
54109
60142
54874
36789
64259
38016
37269
60085
42867
44382
59886
33100
60491
36733
54043
45991
46871
34827
58401
33030
64801
40436
37832
41572
64395
41387
39245
47194
48538
59943
50520
36929
56661
58156
59181
50327
45647
53451
37414
48291
58049
60460
55137
53084
35547
48523
51126
36232
61020
55169
53740
63265
59489
55173
53548
40956
36218
53170
57269
34733
46083
64971
49618
43173
54962
62332
64777
33437
34156
37858
61334
42040
55389
35406
64536
63459
39239
40518
40329
55296
38682
35021
63347
44613
55238
44773
46689
41566
40013
58705
54420
39898
60188
41375
38648
39748
38043
48230
54871
44688
58883
43213
59595
33978
65136
50508
49017
58537
64055
43447
35964
35673
59513
38520
34080
46393
48888
59675
37969
54994
49194
47633
37203
51370
34700
34733
52915
60008
45113
37491
38269
33080
51643
52882
57519
54641
36641
36527
60654
54134
37969
52196
61560
46042
56736
44809
36698
61127
38304
48946
57315
65184
54585
55672
37720
46565
45564
54781
38633
44119
34483
65066
49380
34653
43581
47163
56873
41383
34969
35838
46046
54801
53824
58583
51555
61898
46520
46344
36488
37301
55142
56879
45566
61199
64420
33552
48140
57171
38675
42645
49539
35674
47410
48147
49908
41415
34096
36047
35872
34978
44287
38593
42928
53827
41642
51352
47911
63858
62440
48894
57108
43212
33777
59164
51084
37225
38800
43617
53463
38075
59258
34687
50282
50617
44254
48311
59925
34109
56381
59223
47486
48555
33404
48257
49102
33236
63544
48941
36266
37658
57177
38769
49509
37588
40682
61185
33140
58100
53544
63218
64290
63975
55256
64195
47493
44476
35550
42141
59568
47753
46348
55002
55594
34826
54072
48837
55199
62092
51601
33952
44246
39689
33587
48364
55779
33429
45048
65252
58526
62712
38033
50251
51283
34461
41174
63079
57019
43435
49243
52302
54571
40561
39236
56928
33292
49927
44378
37653
44683
34354
37214
51449
43153
33161
44701
57844
45302
65238
49860
37839
39410
60607
37366
41460
43476
34470
65308
58485
38390
46029
65148
49232
43504
57790
38542
62706
61196
56810
58122
58105
59386
62096
52806
45118
46277
51936
62655
60691
45830
57953
59125
40649
61016
33680
48509
54134
62731
39370
45905
41716
58653
55915
47722
49453
50533
35128
48785
34198
65298
56314
35442
35834
35668
49516
33522
53881
43353
36695
44226
63696
45179
56316
45108
34011
53944
34482
53070
53336
58210
46032
33310
33773
62999
49101
44364
50029
59892
60838
42742
61271
46342
54400
64951
40863
33793
53391
46601
48049
33333
64310
61902
54196
56765
61040
46633
40715
56314
55150
50066
50210
37440
40066
46122
52583
38606
39483
54347
61334
48644
48082
59748
34106
47056
62148
56068
58225
41322
53697
62004
60399
57153
52933
41738
32837
54069
61573
38011
47715
49926
60172
55921
36444
33548
61350
38429
47466
47401
46077
61583
41522
52221
62594
41860
36425
53848
62990
33919
53494
38645
51913
50715
55098
33893
56908
58271
46349
36169
36098
60115
38891
58564
51924
38930
49807
39728
40197
63649
62975
62224
60250
34623
60360
33350
60543
63229
50571
62343
45478
41040
38328
64523
38257
50277
58778
55689
37394
39604
56468
60514
49841
56536
60586
49693
37901
50334
43074
42003
59495
45148
42284
65131
45724
57732
37089
45897
52369
35192
55816
44611
36051
39072
37695
52245
57215
33723
62231
60053
58976
62322
38240
46313
58456
37427
57768
65527
63489
60476
47870
51997
59795
38390
56572
47394
36873
35973
35332
38253
37247
33949
61129
47477
33503
39831
57105
59001
43708
40644
53178
59249
60286
56577
45563
36676
39104
46731
37869
59195
48118
57109
43594
41398
35923
34328
42868
42270
40426
55659
33721
49946
35859
38419
39637
61446
41744
39772
49848
36513
52464
46121
49034
41989
50612
35464
47341
34781
55985
63881
38018
58578
47413
45393
55726
40262
36973
57706
33438
59461
35462
56669
56968
47800
57619
61315
59700
53468
37039
52760
48060
60403
61411
59025
64144
38970
44362
62255
58556
36634
63730
36565
59502
35234
56582
47895
57522
38709
35242
35987
57473
52352
38951
61828
44794
57007
35144
50836
55535
65249
33540
44530
64419
35289
37212
56485
44242
57334
61063
53792
41970
63845
38477
44566
35001
35477
43185
39055
35551
52459
57298
61500
42789
49080
40211
45831
48534
62824
53626
54511
56589
49404
50518
63763
59383
55226
33573
49420
63066
47906
59828
42624
39191
65317
43400
37620
57964
49298
45437
43490
55228
57297
52909
63756
45203
54227
33683
33551
34533
43337
55921
55355
56470
33300
46830
45474
39487
43261
60164
49775
60208
36263
37657
45946
39601
48321
64876
64793
54926
43136
41139
37688
64210
54605
58883
38828
51922
48827
51695
34500
47981
35003
39156
37409
45715
53523
51989
40392
57348
46348
49858
37750
37722
57195
62206
65588
45898
45731
45249
45098
47655
58185
45979
48312
56231
38600
35227
49347
47082
55894
33391
42829
49080
34343
54732
51273
44555
57568
35089
51117
47821
38734
55335
60104
60130
56408
42411
55254
41321
50482
46671
62418
54847
46548
47997
53899
38341
61867
61758
60666
44516
42126
54107
37331
44110
63475
44482
50266
37382
34915
35882
64888
57378
53035
52474
33550
57808
54357
56167
51593
55191
48342
54493
37815
59359
35081
40353
50393
63668
38748
43188
39161
54983
48970
63226
46973
52661
39049
37275
54269
38284
49796
33706
53586
47500
49163
38661
39663
56362
47945
55420
43125
64603
50679
42805
57217
40974
59856
54094
51144
34810
40261
36805
50535
53403
61553
48021
52596
42103
34383
50722
51417
58278
44587
45783
39266
58513
45398
65550
62740
45562
43294
62768
35777
59965
61693
39965
43737
41941
35089
59854
54147
64289
64716
55865
63212
44392
41453
33652
52447
58652
50095
58398
63639
39771
36416
61691
61393
45755
52852
42462
55333
44871
55739
40396
52885
44997
45649
63070
52583
35899
48052
33383
42032
48561
37723
36823
46642
62263
57765
50399
62183
63530
46864
55382
48350
53172
51627
43356
45766
43410
42702
64061
36553
37914
44296
53912
36891
36732
57945
52416
41682
58952
64161
53858
47608
61232
41561
35944
36830
39952
57729
35358
49332
64043
43737
58259
62295
34743
60244
56131
33898
33437
44490
49906
59304
38010
42733
42971
45944
65513
48510
35338
35522
45828
58049
41735
55554
58152
53038
65460
38043
38393
63337
61816
64365
48038
52596
39581
64937
48751
41508
39415
51940
43876
47825
39367
46443
55407
61266
50654
57303
43924
58408
60678
59617
59256
46330
53661
35191
41248
41794
60803
55567
49916
40261
44343
44091
49444
45384
58940
49533
58081
49409
36034
45149
50543
35148
60546
52922
64513
53791
59626
65630
61702
56000
34938
42197
60587
54837
53102
38782
58529
35837
44445
62946
63776
61693
33697
41029
49964
52413
33592
43131
55319
48852
61162
41725
42567
47265
64748
36412
36665
48956
57669
50229
58054
35244
49967
43590
40869
53083
41408
37696
40242
56007
60361
34749
33389
46201
52991
59572
44614
64059
33368
41034
62744
46726
36792
54507
55155
52282
57549
53914
38430
51857
37687
40581
51036
48470
55277
59613
53615
52562
57820
53476
61019
50440
42961
44872
40172
52642
64920
55983
41722
63530
51302
39571
34028
59133
53876
48208
38523
43901
66029
65147
35001
44039
63242
50806
39249
42533
54651
54337
50960
41220
48394
59539
44964
58408
46459
37162
64164
50782
37302
36703
62929
59634
36392
36093
50844
45859
44646
37715
54504
41428
40467
63624
54032
49028
39173
46895
34604
55424
40611
58395
47504
48983
62609
46709
60566
46479
48272
54795
49566
52374
41375
58347
44882
54011
57446
61745
60719
41438
44757
55325
47169
56998
50953
43881
54573
34034
39279
45017
62325
52433
59947
37907
54776
49461
56763
55985
58552
39589
47319
43669
35808
45619
55196
63868
35846
41134
40938
50390
40877
56856
62219
52438
39438
62810
58005
34245
58136
41015
44177
45979
62645
57215
49884
58320
48463
58245
57806
47472
35731
55506
64026
49006
59252
60699
61941
46394
64627
41073
65915
35221
63774
46776
44622
63397
34775
56666
43648
64068
50391
55613
39603
35230
54643
53490
34686
55035
33949
34607
65043
64217
34989
39295
42015
51518
54882
38712
49906
49228
42275
33965
36320
50454
34955
40614
42983
41650
49957
61965
44178
65424
46708
39914
49180
48393
37943
50578
60121
62779
46314
45338
50130
35605
46992
59922
44719
65710
52912
61040
45275
34779
56990
58315
41442
65792
53499
44234
47902
56358
49535
62171
51858
36942
59382
63528
36118
40197
58249
50631
62389
51769
52031
35376
55379
39499
42948
48117
58770
41573
47720
54445
46583
48398
46442
47153
61001
51964
51575
39948
55098
63017
44142
66348
47690
43817
64870
41438
34279
48314
43506
48633
64729
58781
47268
57176
62685
40100
40143
58510
59536
61197
63377
53206
57487
54542
59921
57417
63453
46257
56582
52052
65413
34530
57721
43624
34176
53958
36555
61683
49880
62287
66041
65168
46350
56078
57887
41338
59066
51784
36411
40263
43889
43851
55348
35283
53995
35074
61723
40570
38757
54216
60080
48522
52037
59514
61992
54263
35325
36304
43053
57681
61489
56301
47655
48116
40732
49716
41146
58751
36656
40798
42895
66439
62972
40905
41560
53388
50003
54803
62222
39211
63915
49640
50557
39318
58819
47384
41987
53058
63881
59117
51605
37599
52794
54715
54530
36493
37323
46776
49532
58445
58248
56334
51284
39093
58363
39215
36869
38377
64527
64873
52340
56006
40821
40122
46198
43616
36423
56037
61587
53167
55787
60613
59146
51589
45371
33762
35092
62147
47074
55362
34157
64205
60681
33922
33809
49723
58676
59429
53059
61394
56166
33835
36308
53682
56716
34277
62114
57040
38936
62473
34143
60583
34029
45570
59540
60715
65915
52617
49381
51455
36907
51833
41366
43495
51453
57567
41550
51584
48495
57681
66075
38959
54178
45954
64439
53335
56504
41747
44810
51663
60032
61099
50159
41363
43093
52553
43579
35257
47939
56793
39676
54695
60780
46342
48894
38532
43178
64848
40596
56300
33910
56670
48788
60648
60169
39061
36516
36125
39360
40425
36020
41539
65733
63731
49612
52697
50668
55620
64520
53015
61147
41978
59873
49445
63086
50065
64173
35210
53594
43515
43113
35559
42512
47346
36535
61413
48100
33933
62243
41580
58734
42001
41642
49942
59952
34058
51325
46307
45946
62619
41474
37166
49291
54035
46108
38879
42489
42432
58796
61411
40019
64264
41816
52185
57860
54453
61579
50958
62586
35985
35260
36524
58504
59187
64500
43822
51721
51480
54666
65047
39623
49654
54321
51172
59547
57932
46134
51775
51925
36670
34050
55925
63197
51360
42726
63530
52251
38225
54808
48204
55061
35274
59128
46149
36823
40182
38808
64885
55192
48965
39548
46303
63898
59388
48798
36642
45906
36047
55477
44204
34761
47025
53687
65066
57922
44779
65181
52546
52253
58219
42342
48517
47611
39263
54110
55711
46115
65283
59552
65745
56869
42423
64730
51362
41405
37205
65872
42705
65785
53697
50212
63373
54174
56002
47316
46056
62409
36368
43524
60554
40402
43950
47230
56482
34677
40057
52087
43299
62004
51970
54804
41004
48375
65177
38444
36039
47350
60586
45136
62167
50648
62541
52488
51020
63772
47128
39776
63641
54457
35383
56483
56168
53505
57023
56679
53132
48587
47168
65481
45367
48849
49818
47866
60013
59223
36881
46075
47288
47374
44195
54180
64286
35383
64408
65003
40016
38667
37724
52835
60708
49755
35722
65027
66373
51572
61769
54825
61481
61253
54747
54494
58436
58052
43891
58972
37500
58509
58439
55246
59356
61388
34791
59222
60300
59998
45773
38228
56065
41011
46133
39654
54897
36343
48687
43435
45450
48881
56306
55501
48227
49707
41587
58174
39091
64211
53046
39745
61249
53217
51556
46893
39323
65274
47391
56173
37899
38548
43282
34252
52167
56156
58956
48624
40296
40148
37454
44835
38813
48449
39778
36698
54817
61636
36655
63343
35050
63431
64395
37042
64420
55450
53648
48032
45405
56414
65266
37874
59522
54051
45455
62938
39690
58189
63816
59529
52977
59452
48144
37364
51944
42028
45122
38872
66379
51545
53560
37371
54099
40551
66073
61878
54925
49666
54002
66224
63114
53698
39945
59628
65752
63569
58222
49158
55602
42703
49362
49081
39924
64885
45980
35237
50386
42873
40762
66639
44488
44594
57781
59242
64084
34685
47241
56661
49892
58207
59315
56804
38026
64748
55051
42595
39159
62055
39380
62168
64167
59562
38034
56457
55641
64968
46363
65982
58050
52978
61681
56008
58242
38295
64975
57410
58455
40911
63618
59031
42897
43002
60922
53957
39622
53156
64161
35936
37062
49581
62444
53465
55249
49062
53295
52224
65544
40573
49333
39368
58914
63069
45584
38218
54880
35280
42670
39181
56259
43047
40877
38021
36732
36635
34800
39641
64676
36788
54643
52970
60461
64106
54491
53392
44313
38539
54098
36646
44265
43228
39569
42314
62553
52611
62270
41438
56394
43300
41337
57938
36608
46411
36786
57894
43405
44042
39869
41898
37261
55011
47656
38409
54036
50407
58316
40069
39653
44064
65954
39684
41189
64045
51928
43980
38607
55340
51492
57995
61224
42461
63321
49306
36982
45059
44600
48770
51373
42510
54152
36544
38122
37624
65385
64965
37219
56685
35813
37697
42398
37678
49864
55457
49378
66487
40369
59606
47852
60960
52330
44377
44258
50753
62837
60524
54925
54553
58599
36002
58306
47217
40314
45473
42529
67004
65501
38439
38659
37954
64590
51019
46509
45693
66155
42246
38346
51907
41797
52209
45592
47910
39351
52304
55137
58521
44278
53840
48045
46420
41320
41869
38326
45689
43962
38359
51356
50423
39469
58166
63450
52654
43056
65323
38777
50389
45108
53561
52355
59545
44988
63652
45499
48903
53683
64889
54411
61228
62211
37582
65086
46459
54627
52811
40303
63343
62576
63722
58305
47729
45312
56570
60369
66043
50867
46442
64361
55550
49099
41540
46583
35457
56125
50808
54077
52619
39175
62171
44617
59460
57541
66159
49320
36439
63103
52197
56791
65178
45510
52320
49914
41969
43775
61308
52944
48496
54014
39055
62951
53695
43223
53551
50956
61891
66032
49396
37894
36474
39003
53886
37508
58919
54115
43450
35155
52400
65125
53090
56788
54084
57826
46531
38318
37696
62161
64195
41152
41044
35898
35618
65370
58850
59136
35584
39084
62374
50175
42912
54654
64924
64598
46699
54050
37662
60422
50488
49831
53581
60093
65482
51280
38067
50924
36506
61252
60967
63263
53975
66951
57072
62862
41900
62505
41005
63983
61633
59326
63860
66959
60932
56590
60089
62881
44201
58893
44401
36822
50543
47885
53496
48430
63526
60466
63024
59149
58478
50982
61036
43665
49089
50447
49548
54819
44212
38078
57193
58700
38777
38185
65651
61130
48041
54300
63896
47332
46912
58667
34664
59386
52970
42219
54391
64352
51069
48226
48899
35949
63686
63675
41431
66510
64904
52030
42095
47392
42178
66944
54877
45247
34865
42455
39404
60376
60438
51217
41474
65222
52281
36454
34635
57755
47662
38570
47251
44796
61655
53192
51828
50483
49450
50027
59954
64895
48180
43006
63459
60846
48734
52951
35795
59374
49136
49839
60198
44257
36563
43606
44991
66543
54683
50084
42849
44512
37829
35507
44564
58794
60220
57675
34763
58247
59170
51870
64835
38475
40910
36662
49198
67317
57361
56619
55953
39556
44990
47257
44395
42508
59241
53329
49815
35080
45422
35535
62963
49650
39990
57197
47554
45329
41397
53206
64079
64915
51255
38332
58580
53467
49245
55502
38297
56348
42082
65764
61792
56359
48291
63613
44545
36737
60767
62316
52818
53945
45499
36302
38217
55032
51209
55103
46181
42714
62281
40526
47433
60796
62960
36910
65195
46039
43497
65710
42092
34892
55770
61034
54024
50303
49064
38723
52785
58729
52285
45326
39607
43433
40073
39561
48043
59931
49094
39059
51908
57516
45825
62364
61441
53613
46550
35162
64656
51686
56443
42685
44271
60076
66304
48678
54865
61238
67028
52692
66371
59372
58252
35486
50063
55937
44000
41704
45921
48259
57334
44496
64936
64560
42980
39592
56767
35724
65904
46249
58445
41392
52249
36581
66410
42597
54876
60542
42499
64497
53296
63766
54911
39729
50899
58758
47266
46568
36296
48339
55986
54103
47393
66910
41433
39694
36090
66138
54731
49665
67142
43395
36776
52702
57550
41229
36900
41630
48758
55771
49381
36443
54210
39410
58669
51041
48538
35629
48568
36999
58442
41522
41960
63424
36813
61860
57375
58093
37195
48539
49004
57077
42464
58193
44139
58648
63135
59678
53094
35456
55767
51878
63936
52761
47508
54609
57492
63651
50025
43259
60057
49926
50541
45293
38217
46821
56452
43276
46402
64885
55264
66385
38380
37008
62919
49529
48220
66053
56726
38654
53624
52531
64262
59205
63324
59094
40622
62489
36349
65312
67529
53336
43788
43532
47930
60140
51486
57839
52173
50685
61961
38991
63424
44645
59537
51449
49026
67429
38212
49998
55738
65174
47778
40414
43147
48162
46209
67640
37910
58163
50864
61183
60993
63148
48859
42561
50103
63000
60846
36357
48689
50911
47933
58659
64499
48576
55972
48729
65689
56443
57578
52122
41747
38862
49964
62377
40175
47523
65527
58855
40662
45960
63477
41066
36442
62815
47564
40014
53487
40023
50499
37968
51254
36379
35239
39320
58242
54345
41837
60119
60053
52261
40216
49554
58794
65167
46941
35262
50873
46130
64645
46988
47094
39423
41748
44934
45978
35290
66472
62683
51431
52114
42531
37367
45670
57879
43532
61271
41332
47335
36403
35996
58108
50634
39828
53214
49542
62143
63358
57154
51313
58422
41205
47311
52348
61311
56660
64637
56716
54659
55351
40079
66985
38322
64151
59427
63817
60732
48439
41992
40145
54916
64063
42447
66393
40146
66087
42277
51887
55367
63447
46944
63647
58903
47117
43351
48498
45298
53246
43895
49077
56771
51008
66579
54588
45213
49383
48124
52582
48626
47087
63826
45217
48135
56026
64665
39217
67748
51865
62479
35118
46864
49328
39229
57804
47677
57494
52429
57312
65343
47194
42139
49567
35842
46220
40975
63912
63037
35675
63145
37701
50850
58107
46301
44013
40024
46922
39714
42510
42154
49842
62278
63754
47873
61009
53252
49791
50447
36183
60120
64716
40782
59312
37906
65233
44457
55268
59690
43254
58488
65595
50515
58222
56754
56100
41042
53693
52830
43735
53137
57207
61515
35898
56687
35403
46081
45313
60123
36161
52983
66842
53025
53568
64007
49992
59907
50899
62494
48398
56332
36140
40248
55758
39201
35434
48524
37170
35161
55575
52483
58571
44047
44789
52975
40184
61749
41210
38394
52490
48362
59545
66652
58021
51535
36419
40018
50281
55959
40238
62667
50130
63838
50261
58980
58973
42812
67776
66710
51693
49561
60677
46894
43116
67267
45583
67582
48821
61757
38174
63699
39602
56667
44815
62887
38081
44299
55518
46871
63581
56822
47465
43287
40954
50632
57462
43492
67632
59595
37624
46394
40476
40635
44174
53192
52484
63958
47693
50913
36665
42034
45759
39028
67138
42835
61227
38718
56886
53757
51735
40766
65642
45127
67340
61033
55628
51697
59289
62880
46479
39671
37274
46559
64137
64102
43707
64951
48601
58223
52535
39678
65612
54458
47590
54469
36866
47613
60278
49546
54732
37836
61176
52655
37337
53683
42399
67115
52114
37506
54213
64384
63682
48872
41263
53485
40954
45635
61074
52196
64052
58807
42070
63422
55222
53629
56985
45486
52281
63614
39543
45299
58955
53793
51337
57170
62962
67169
59563
38340
42642
45090
37635
37228
61456
39365
37439
46283
41784
43002
62237
59703
38236
59093
44337
46217
44862
60709
51427
55063
58161
35329
42679
67042
52858
61603
52177
38160
68092
54906
55224
42652
60949
46970
67418
45388
52675
46263
59728
62435
60683
49458
42852
43160
46747
37106
67920
36040
62638
65111
38089
37096
37168
55724
61116
50365
41250
55035
57816
54223
48961
36389
44620
42523
63970
49457
67282
63752
55329
56549
57068
66716
47674
59283
61037
65776
39223
53814
36412
40929
59852
57278
53845
53001
42623
38567
66832
54766
50443
61648
59302
42104
39687
48523
56305
58793
62915
59888
56179
43656
59763
41848
57242
49502
39823
67783
40770
36133
35961
56520
50556
61758
42081
61439
66958
42338
67430
46107
45115
67035
62717
44491
44612
46068
46743
47315
66606
39598
57726
53855
49990
43956
61440
56727
35811
59537
62928
38515
66795
35873
62377
42705
60568
59461
36404
37317
42620
52187
44076
59696
60099
66798
49088
65940
64185
54057
48953
38950
65164
56978
37084
40741
61522
67189
60946
42091
47181
40093
65990
67138
56942
57546
50703
60024
62745
53344
58639
43958
41256
40541
41243
45325
58162
59277
67611
58322
67085
63233
63028
47020
54929
44733
43941
63723
67743
59569
63983
54555
60770
58347
52281
53721
57045
37386
36594
42470
66694
55542
47800
43130
54681
40142
67193
51931
64527
42530
66776
53293
64841
47203
45266
46988
52167
60567
44449
35928
42550
42065
48608
37072
59306
43233
46577
63203
44328
51912
60828
39746
62567
38255
62712
63162
38871
60184
37007
47553
52195
40212
49341
50767
65907
54326
55385
64495
53686
56713
59031
68117
55070
44862
63533
48306
38828
47592
62389
63238
58477
55788
38227
53429
53829
64818
52631
67870
45035
53537
67493
50408
40245
36043
39571
51677
42902
43876
59922
44284
36837
43769
64081
42697
40287
41822
64286
66024
41456
51561
36431
55274
37806
45661
52576
36967
57254
60329
53853
54861
55772
47827
51202
63351
61069
39343
50466
57986
63671
49876
63301
46812
57820
57936
57493
39709
61186
48795
44283
52635
57086
60874
57989
41784
48626
60165
61707
59519
37397
41019
58642
55536
50610
47124
49648
41111
62068
52264
50993
39908
61920
50030
42298
51638
55075
62711
58668
41913
46606
58076
67595
53490
56159
41333
41248
59032
55874
48843
61339
43814
37655
48720
47997
36782
38774
64718
63925
54128
36720
37022
64393
66987
66584
64026
44344
55731
45891
47188
42974
65860
53387
38409
39575
65814
55194
49872
52967
46001
54181
35991
52314
61059
49206
52560
57191
64816
59183
57576
67482
59177
57356
46969
37107
45952
37992
55232
56457
40699
60866
58833
40050
63591
36994
66057
67303
38702
51255
37957
50340
41004
67875
55121
40590
36031
43769
47268
44696
43037
49381
57418
38887
63211
45773
62753
68149
48395
64471
61768
38003
38325
45611
39637
68274
53705
48122
62662
66371
36963
54719
48187
44829
50608
52676
50658
37248
41985
39144
53170
56024
39710
42145
39644
60132
57821
68157
57854
48663
48627
67437
65434
51775
65033
57347
55496
36452
55827
36091
57383
55795
44509
56504
50457
36636
49638
59537
41776
58488
38514
66444
50659
59887
58587
67177
54406
54489
52008
40163
64121
55139
54752
63538
57247
67380
56353
68308
66833
38737
57836
45453
55828
59710
62659
60845
40265
47463
46710
38033
56868
60094
68154
39020
45727
46500
38907
52808
62768
48653
39411
54599
40696
54495
43132
66351
37437
59548
63522
64037
59674
59713
48637
52153
40053
41838
44606
52515
38706
54982
51463
65740
68006
68505
59776
47377
37199
60353
52007
55363
67778
41673
63847
53746
37860
67925
56685
53611
48221
40893
56887
43391
45642
39932
50925
61830
66866
36553
59253
62372
59708
58371
41794
53323
56479
49746
57964
64257
49497
36364
39174
62564
48932
37717
55468
58731
65958
39819
41051
65518
42728
61921
56965
51305
61961
39753
55653
44285
38452
50584
61841
36279
44495
45540
62158
39445
45557
40497
59175
42950
67111
62029
41025
59058
60478
46073
60137
38458
62628
67145
41199
40897
48836
47182
36151
47723
40383
42738
54797
64548
62817
63010
57785
64485
58195
58675
59731
59698
67730
49790
44505
48360
67359
49742
66431
59189
67577
48381
42822
40680
56648
39001
37584
46571
38107
57420
49779
38669
36564
53949
41356
53509
60578
58033
37142
53940
60464
63158
48251
48299
66396
59009
45225
60397
53163
64470
59753
41462
44603
64168
51436
60924
36857
62594
44455
47988
56851
60197
39522
43480
66225
67187
42123
37288
59872
57739
40143
55983
36558
45878
42476
67463
59709
54658
44480
39519
53042
61612
64678
46844
40685
52547
52995
42494
50462
37259
44316
40293
62294
60960
62763
62035
39612
64987
52145
38931
65281
56569
58893
36955
62870
47994
58190
45262
42268
61128
42822
57797
55580
50841
60383
47695
48632
43286
64691
40311
39201
47677
53462
48325
53643
37508
63222
41991
56414
51391
67495
45648
57839
54083
37368
42050
44782
66636
46666
37769
50657
42396
58210
36776
42192
63333
59836
46072
37698
38505
55586
57069
68713
36192
56446
61084
39322
38298
67565
42618
45312
51941
52500
41575
60560
54961
68023
64235
44351
54898
58503
65215
65139
65862
60476
42383
52664
53464
44260
40958
51893
45444
44923
43243
66398
64956
38843
64498
36971
51370
54325
38198
58888
48150
38049
40542
40142
36235
64115
44254
50930
52917
47023
46456
42428
40206
36861
55554
54075
62650
61440
61033
46136
43694
36580
60918
50792
53784
52790
41424
40677
37115
52217
49091
44255
43034
56054
53311
38031
45592
54611
67236
46701
56797
64871
61116
46755
43068
57549
37769
39105
55506
61879
66370
50098
50737
51845
54424
66031
42302
53143
37181
53746
59351
41823
43431
39662
61113
41146
54802
39357
37537
53120
67780
39450
51378
67417
54676
53264
58903
46291
62125
58802
50921
62642
46736
37133
56403
63880
46936
50779
58868
61317
61250
55930
55940
53903
68204
43420
50107
60053
49629
38463
37230
57889
59334
62560
43004
43821
67847
46315
44520
42552
51189
58743
56519
49049
54363
55344
55645
63250
42175
67604
55043
66984
54502
68963
68171
38322
52634
46672
44775
49457
39338
38909
42183
51807
68659
43942
59522
49803
39966
52253
60151
37667
39146
42870
68660
40211
40107
63747
48535
57933
57171
40835
36658
60841
53041
58262
44148
60656
37559
66164
68614
45363
55168
53471
55028
67938
37522
68182
51981
43802
38368
41100
40076
40381
40723
40728
39672
56264
50057
63342
40264
40545
56734
51470
63819
67376
57131
63995
68167
40048
44365
45935
68321
52038
59752
38605
50748
58449
52075
48855
58469
50818
61781
57633
54767
44078
51192
41925
41690
52833
61692
64345
41146
53878
51752
42270
54292
46564
63965
37242
65804
44123
42211
53929
44861
42000
45417
58287
42217
58453
47942
56209
40274
64108
40325
57540
48743
59549
46369
61670
37283
52102
49421
53420
66611
59827
66423
47132
45655
57710
67662
36604
66058
59608
46338
52618
53477
54329
66955
54637
47425
54933
39596
55020
45724
45184
64889
38494
37182
49458
48151
42465
43291
44510
50115
59215
38908
37696
39957
60014
64218
62838
59270
64359
37514
57872
52529
62842
39840
63594
45014
44527
56717
52282
54820
68432
46346
54885
59448
40149
40378
59415
58977
50720
65290
54290
64806
54058
49245
49734
55946
67710
59494
57762
59534
66469
52180
60459
37112
65505
36661
45387
61011
54046
65556
39531
69175
46885
67941
56772
43210
45843
50980
54129
61831
47369
64824
41161
58686
52262
62877
44525
47452
49842
68034
39325
53357
63644
56112
40784
55263
67111
65389
41859
62217
52960
41760
55889
38764
64723
59509
48196
65080
48126
66755
48491
53010
51718
57709
64172
59412
44585
50182
53596
59157
44404
49592
38157
55339
53046
66022
55207
44399
66996
37904
63419
58368
53022
56567
59667
64075
58050
57090
60302
39817
48768
57825
42027
42120
43134
48496
52323
58799
63773
52190
60348
50749
49451
50958
53147
44241
41050
38205
46425
53551
57328
51430
55962
56129
42433
55266
59354
62300
54106
52692
59721
42949
58752
64964
51673
52084
59353
63242
66709
45591
53480
49518
65588
60762
55871
42125
51438
61286
43247
65151
40078
46759
55876
60854
64713
59091
51375
53801
48078
62248
40196
59826
46878
48629
65509
68533
46238
53595
65406
51203
38378
38229
64884
60670
54765
42742
47383
47357
66735
46322
51679
47858
46445
66912
40470
42570
37615
67774
53714
40468
69142
40502
61990
47974
55989
60703
65689
54012
44705
63431
51927
48675
63244
52080
60071
43733
63502
61848
66077
46886
68229
67198
67601
56287
60447
39137
47312
60008
54709
46859
65296
41451
52187
52494
59690
40886
56757
47182
65155
44769
50700
46143
67915
47921
41632
66672
43115
60221
46528
65481
48568
42447
58905
57617
68717
67213
61644
65714
39896
67033
65987
56257
45651
55285
42564
68665
64630
51051
52678
38535
46219
69292
52484
45132
56898
62711
38737
58462
60071
45692
41515
47120
55376
57282
42770
46515
41947
62534
47003
65628
40088
39013
55232
54504
61826
52859
37498
39998
68212
46925
48274
62164
65945
62884
55731
51573
53541
62779
55237
66369
67906
39131
38006
46325
41549
37829
57625
59756
48963
62032
63668
69478
62582
38355
40020
62601
59013
42949
51620
61861
54666
51235
49086
44092
59541
64274
50753
37186
52570
39366
60068
60705
65574
51874
42954
50432
53272
50337
43990
54597
62349
57844
45120
55640
49372
50669
38953
65706
57156
39451
51435
46327
66594
42679
61685
38344
36967
51774
45270
52539
41546
37984
55959
41478
61242
67609
47950
60090
64023
51486
41712
50757
63905
47226
40551
48571
66353
50297
38884
45910
52647
61381
53623
49851
41123
54223
60893
63102
50168
41584
64409
63209
66397
60113
46662
38393
39526
42376
61995
56490
40115
52227
58896
64884
44648
65322
51024
53270
41180
65856
60464
47762
51094
67338
59503
43897
39285
42036
55326
67944
61998
55024
52402
48083
67580
63200
36952
45313
59794
68406
45960
66904
38997
52250
39133
45019
37576
54092
62244
55281
58183
49162
59827
47208
67321
53812
55036
46009
49408
49326
54625
64910
44530
52998
69194
64897
43917
58966
65397
53031
59558
46444
43662
66381
45411
39977
58112
67201
52138
58919
44554
53461
63449
39070
59669
49887
59832
55177
43589
54276
52652
42500
69454
62967
44589
67065
61065
53628
52601
47867
40519
49266
51082
46194
50789
43280
36934
58105
61472
40559
41463
64772
51243
59976
61434
63174
50943
58368
61883
45394
45939
47329
55777
42240
45964
68011
52677
68370
57238
65867
45353
51863
68467
51434
55847
44176
47668
64809
49511
39762
61414
67755
66197
61739
54702
67541
49426
39496
58393
39377
50410
69078
67501
49881
58375
57960
62404
50098
68516
65945
38810
68214
65028
48882
59812
41111
39011
54798
64803
47649
46381
37883
38394
51775
65134
45028
44732
49409
50313
38637
42250
54876
44334
44895
65564
67187
52870
55045
66973
41748
68272
41174
37052
40582
49009
38355
57216
62338
40487
64819
51803
52863
49151
61374
39427
56371
51816
47735
61309
57686
47048
54397
62074
65449
39021
60467
47591
52279
57286
53151
41664
39642
37331
46096
67877
41730
58586
41220
38831
57778
43868
66120
41220
56523
39495
42337
47017
43917
49005
42539
63512
59483
48181
69312
47379
61374
39056
44699
38455
69805
49711
60670
67796
37388
68596
39568
66300
45426
49574
67147
49370
65327
41960
55701
50245
48014
57452
65453
44693
39255
55908
40009
60598
67992
55097
54654
59771
62629
58240
62687
47668
66654
66602
41961
63874
58288
67578
51103
50282
38751
68925
49009
69033
54274
69557
68450
47943
62799
37590
40298
49775
64152
48181
55833
46462
44182
62013
68734
63578
53350
54051
53575
69381
68561
38941
48425
47730
57040
47311
49795
55191
54863
58118
39486
46275
56370
39593
46071
53554
51350
38381
61792
47839
39001
43463
45283
65177
60636
55975
60297
56921
47367
58723
59931
49619
49038
54385
54663
38219
50803
62810
42628
68266
41933
49771
47225
61649
67527
38062
66459
38189
42987
45593
49750
58251
44961
68612
67055
47150
39410
49633
65127
38943
55442
48167
63906
50117
60446
62351
56777
55221
53666
47235
41708
61387
59742
69331
69612
65658
47818
61867
48792
55904
47575
37826
43798
68638
61816
61395
53893
38502
46945
48465
42208
42582
52494
40279
52773
51716
37384
37854
39607
54106
43876
41266
64257
56612
50316
69543
59997
42599
52546
51591
48436
47092
55521
52048
39526
67646
66278
67100
41964
69993
64688
50785
37564
69027
43140
62170
51692
52663
58836
47045
42267
56799
62145
62031
67085
60634
67294
61517
58773
43327
68407
55340
60344
67857
37778
52523
54031
44947
64756
41927
39789
58718
54631
47735
53186
54960
61691
51866
58175
68615
53259
50606
59835
53487
47809
37570
44886
64792
46556
49198
62300
54187
46257
64897
51820
60638
44144
61883
60377
56775
60585
49597
61008
37485
57615
56061
47035
69157
41083
54910
42086
67100
60724
67584
43360
68144
68205
68980
63013
45060
68367
62130
55673
62547
64953
48494
60823
50820
39429
62824
53131
62079
54030
64740
58845
56512
62255
52570
64111
50345
42253
60526
43944
65821
69079
44322
63698
60234
56524
69963
60865
60358
62462
57154
45494
56798
69206
49115
64899
48427
67289
63643
48367
53606
42281
38437
57179
52348
37711
39670
39846
69349
57527
67154
43855
67122
46716
51070
49369
55782
41191
61744
48500
55943
37426
49476
59865
59125
66193
53424
46710
48122
53619
65466
50891
57889
52228
62057
52244
44492
64759
45369
62248
66945
43396
49682
59809
57989
40876
52603
48701
49068
47556
41996
41092
60015
47921
47137
50091
59967
60017
57302
59577
61977
68699
62255
54248
69723
42151
39574
45390
69846
40880
57739
44220
50468
51577
57751
49383
42811
46574
39297
65989
68163
65133
50373
58938
52645
63621
51010
54516
50789
51710
65843
63636
53937
65049
40800
40718
52154
65560
48022
43090
51650
40705
57684
51244
61046
65184
51911
40808
43391
39371
59896
61499
43860
47594
70213
61918
64082
67510
54798
67452
56846
39232
60592
56910
38122
41269
46263
46853
67558
41825
42575
56936
61625
53875
51708
39230
42529
64256
67467
67438
66167
40906
57673
49765
39046
43841
61298
47800
43677
55882
45036
39178
38883
50240
65077
42545
46059
42040
51099
65172
48264
51082
53163
38103
57827
50573
39147
51131
38090
58529
50636
69439
69451
53363
67034
66828
52098
66940
58166
52239
56495
38347
66630
39784
56971
43781
46507
61571
61149
59818
53363
44164
58696
39321
53392
41193
48487
47063
44937
53098
59164
54668
55152
57636
61732
59470
49684
39159
49647
61346
39031
50477
53935
37824
59011
62556
41136
41367
46840
61837
51431
67601
43945
52125
65997
47768
58856
60388
59246
40153
54079
65557
52668
56264
45665
47973
68906
55268
58463
45808
64886
66748
56863
55640
70342
57778
52747
56751
53495
61439
51718
61847
67890
51703
39332
47783
38336
49038
61594
62225
67615
39964
44403
64898
64853
63837
61573
61514
68740
50108
40740
56253
66495
54225
42773
53209
59164
49448
38469
58665
58890
53828
55995
52456
47845
44515
48844
44138
43208
45444
62862
51128
68515
69927
52111
49019
44685
42068
53190
58907
56411
66654
67785
61479
56945
57321
68161
66552
56792
42922
65179
60561
55953
63598
63745
62410
44329
58974
41865
42926
50830
68993
40364
69409
41505
68482
40697
70086
40460
50868
45578
38687
44502
42579
39864
41206
39733
40973
49803
58620
51491
48832
43636
43441
44339
67206
55487
60035
62246
55791
46147
67386
65209
50317
46556
66195
49090
52918
64795
37931
68731
48773
40251
70047
63006
59938
46679
62194
52146
65347
44763
63023
48932
58355
41273
42575
57497
38035
53725
51548
58371
41758
49506
63959
58610
48049
44806
61272
40110
53834
40795
47732
48770
56783
47936
63459
61018
50259
39696
48866
66961
56470
53785
52951
39428
43210
52816
49204
64363
44701
57410
48285
39657
69747
65358
66125
69857
52211
40466
46774
46348
49606
41763
52327
64712
60059
55809
65587
37811
56687
61514
45456
57977
68363
54061
39485
63466
53966
65826
43304
67664
54444
41944
66702
63231
42103
67183
63332
40493
49757
48104
52726
51460
64691
68058
58830
37878
40689
60262
62679
42833
70141
49260
52162
65555
53676
64767
38825
47871
56198
60695
59122
38384
64201
57478
62839
39790
38321
54062
66531
44159
57335
58736
48735
56511
38551
47336
63087
54451
43223
66903
46102
44635
62085
63968
57921
65542
60288
48760
39523
67946
61562
43416
54108
46836
67835
65076
63391
61277
52905
50673
42644
57214
55752
39827
42299
47205
55037
63924
49683
70568
43607
57788
45114
61945
50063
61197
40405
67579
67471
43646
68018
52565
62258
45579
39980
66052
56139
67787
67407
40437
60904
41762
45629
57043
55512
66359
46032
59422
47466
63912
57473
43389
47480
56957
61321
65365
64932
54875
64326
49562
51426
63482
57567
46309
63799
58841
49963
70087
49600
45105
46287
38494
50677
70439
52647
54821
64047
58693
44904
48144
60776
51755
48515
62169
57410
64898
68684
42900
52555
51762
52059
55946
50816
66005
44850
45636
52240
67691
40481
66790
65634
51279
42087
68543
56664
41578
62362
62749
52950
44710
61769
51302
54910
57509
39135
53348
40126
58548
46282
65505
70413
51450
45789
66676
68465
50933
38899
64410
59717
49448
54998
65032
53049
51469
69215
62784
61082
49489
62174
61283
56276
61504
59067
58694
68661
38527
67166
42695
57587
56825
43853
57698
58225
46363
43668
62719
38590
59972
53866
68366
66142
39799
60177
41942
55886
52820
48894
69130
59458
50246
60986
64670
39473
57085
69896
44760
55827
43295
60872
57002
70378
55098
50715
59711
67327
54526
65352
58836
56174
45737
43487
40649
64740
67266
44188
41208
49576
38922
38541
54597
60632
58288
56439
55414
63222
54212
66935
66886
49059
47598
68325
58548
68777
57952
61309
63649
64063
54025
53697
70810
49289
68363
64921
47347
62047
54896
49469
42005
39247
68120
67924
69144
53989
48118
67678
49813
54057
52093
60751
68789
61546
52820
60796
43406
39994
46417
42427
46256
60858
48549
38598
49914
41240
66132
49377
40883
45141
49641
41661
57302
59724
44135
40859
49068
42224
52610
69812
65184
66517
59151
67033
44368
54258
53178
63831
41440
66469
43511
64285
67219
50679
67387
38689
46748
52258
52075
64255
56625
47184
58517
40675
68322
44454
43742
62890
46377
41345
64699
59460
54338
53759
60260
41053
70460
67010
68486
58940
50769
63728
48696
38379
39795
39806
67121
61336
47399
66735
48440
51003
49046
49111
48603
55161
57313
54885
54628
48072
64950
47904
70153
54741
69409
64177
49507
41507
44708
54626
45858
49140
70537
42533
70654
45164
58487
47832
62705
69876
38980
65991
53923
54493
55562
45171
45350
49733
40317
51090
40931
46655
60539
38998
47572
62510
65253
44786
62964
66674
45998
50779
56308
58951
68145
43339
61744
39145
38600
42124
61921
49149
42394
61043
43668
59180
65460
42923
67035
43281
67164
55603
41538
48469
39073
70570
66692
45592
63287
70603
47615
54419
39554
69684
65382
68860
44785
70763
49078
45482
43917
68898
65387
71034
46802
59834
67571
54641
52669
63239
59235
43427
57638
55123
39017
48467
56656
48037
59009
53851
53183
49731
57964
46031
40777
40565
64223
48093
68208
60812
68984
61687
57327
56611
66549
65077
42387
67237
53672
68340
41292
41999
58662
46532
63620
66039
57920
46721
55727
53966
47156
60351
58404
51042
59428
55147
49707
69798
69574
52912
43351
44726
68702
57624
46358
45334
51689
47860
53126
52282
70299
67325
40074
59468
62092
70459
39710
68905
66479
48422
61671
53165
46595
59660
70670
42032
59405
67762
51023
47696
58245
62782
40013
50673
70224
41044
61481
55683
65454
57472
38482
46468
63925
56532
42399
45381
59134
56274
39835
41200
42142
63884
51744
56522
65623
67849
49959
52662
41744
42219
46814
41723
65411
45903
63483
70982
39222
57589
39504
56051
47020
55201
57248
45448
55772
46016
59058
41090
64994
64847
53411
55637
69877
43001
53376
55470
39833
56959
55573
44283
65045
40285
56575
67117
53544
57515
54537
62140
48888
59713
65717
60908
59467
56606
70936
41808
43513
50955
52715
68492
54946
47483
70880
50782
47260
39094
45874
54752
61487
53302
49536
40711
66053
63313
51675
54128
43484
43289
53278
43100
50558
70529
46205
65273
60403
65985
42081
57827
66805
58875
68980
64490
62628
42526
50935
60438
44923
45067
58716
39656
51843
39158
60433
62691
56262
52239
53658
44619
48903
68706
68066
62509
70320
52732
68307
44703
65804
43600
65316
47177
43446
62425
39794
44836
48978
44288
51603
49794
44410
58943
40487
41551
56059
51079
52335
62358
56386
51423
68707
60998
43537
56911
42750
67639
45175
39676
40157
53608
51710
69524
39688
58763
64294
59372
45584
38595
66066
68584
66394
46508
69250
51100
55482
39580
46593
48816
55875
54312
63584
44809
54878
40682
59490
50853
53274
68226
52409
69831
51139
61403
52529
48725
61878
40112
65580
52606
53107
55374
60494
54431
57076
42395
53881
62568
54334
58967
54268
46395
69941
50082
51463
54228
53172
65470
56163
49455
45533
70935
47455
55718
44206
50816
62734
38747
65749
66752
58287
50133
46534
52557
69997
60654
51978
58967
40265
41196
70618
39944
69972
46574
61676
58123
68385
41098
56461
66635
51322
40372
64752
46589
60498
46049
45254
50656
69627
53101
51726
47299
62617
65082
60207
66377
59607
69275
47684
49129
46808
71024
57015
67128
44657
40850
64785
51051
40853
70257
42256
54295
55568
65531
58875
61244
65400
61888
64818
70274
53345
61268
54025
51138
42449
50165
47574
48072
52724
51054
41801
61016
68368
44603
49148
41838
53178
42222
48459
63946
68427
47826
71014
51884
39566
57293
42404
46813
45243
63883
65307
66798
52393
54232
42349
46276
69183
61518
45028
60501
65580
63793
65730
41388
43479
56215
67282
42547
64921
52428
48451
63281
63275
48884
56758
63378
65114
67826
63638
63207
57858
50569
59304
43437
65337
44481
52963
63186
59595
62093
40833
48757
41703
55722
53590
65006
50967
41418
50785
62734
42101
61938
68769
45223
45085
55329
61993
40527
55774
39730
40823
68962
39221
58371
44034
49478
50811
66007
57618
63731
70749
52729
40660
69554
48525
62115
38830
39716
47799
39197
54736
43655
70839
49961
48908
68405
42761
54175
68327
46701
59008
68181
57072
52310
65595
63297
66896
49217
58582
43234
61859
39471
70621
39387
67590
61843
48006
41442
55921
66905
65695
60888
53320
70950
66245
49977
60460
57314
61655
70327
42007
60276
49578
40482
65448
63948
58622
46475
61627
53031
65713
53161
39485
44430
69171
65916
63807
43424
60474
39215
42056
48274
47287
57411
70896
46964
67336
51434
44970
64438
50799
68273
64994
40170
60611
62050
52808
53195
47461
59689
44907
51839
42102
63221
63625
64025
52807
50209
54437
45410
66321
56916
66523
46297
42727
50342
50929
51192
40424
65284
43310
40889
66745
50389
40047
56921
52531
63197
39799
64604
70488
61538
50823
49873
48780
62350
44590
47831
49922
46357
49251
46688
71540
51992
68561
54837
45847
66376
52594
45371
42958
58446
64607
65780
44189
56939
51175
63304
44129
61275
48094
41350
44223
48512
65335
64678
41307
60988
57558
40657
65354
48031
42655
39459
42185
68930
53971
64687
59695
39026
54172
70083
59680
52113
53478
51310
58116
67770
68721
58176
47031
62372
67620
54609
58242
54985
59045
61572
66379
58311
47654
51469
47624
54022
46466
62001
68218
42651
62344
63565
63767
70764
51350
48154
68168
56213
53867
70447
61652
67851
47670
53704
65692
61311
56562
41413
47498
54918
52726
51958
65220
42230
59336
53397
52773
68243
57139
67604
68589
60651
68761
68890
46775
39806
57226
46792
71596
69410
45204
62016
49911
47270
58717
42600
64632
41654
39664
66795
54461
60158
51797
60545
70190
54931
39780
49265
47751
66958
55770
55636
53388
68090
49325
62235
39416
58864
69533
48211
65974
46336
40716
60072
59987
66771
58895
63656
66740
41231
42693
61642
65284
54907
46312
59823
40945
61796
68257
71591
41496
64319
40865
71543
58301
64399
46701
54874
48832
49161
70649
47941
40140
61430
54649
62831
39890
61146
55412
70673
54966
53843
59674
52074
42568
61251
43735
68359
61045
49713
61224
51521
52159
46829
61102
43015
46314
70515
71809
55006
58616
68114
60358
54821
41304
46798
69508
65438
45147
68610
40115
63530
70631
62026
52886
61140
56431
40863
68939
52497
43042
59844
67233
48198
41571
71650
51497
42123
71546
63343
71056
67759
61577
47187
55851
58236
43969
54350
68820
59964
42197
66964
55029
55420
49583
69819
51170
43279
55139
58839
65900
57430
56161
56548
70323
52159
46318
69988
62779
55948
49877
41288
57410
62422
59737
54036
58961
60881
48239
59199
69906
68177
39466
71896
61281
40077
51575
70000
51621
48163
61706
54323
61537
43357
64152
58456
55558
50867
46663
43708
64780
52113
53859
57033
44864
70746
64338
63133
56160
45996
47050
57960
58341
43238
54593
71446
70176
57319
63653
44079
52360
56857
42830
69883
67411
49327
56369
40169
41795
61482
64854
65329
44739
44322
50572
53689
48434
55875
63067
54070
51327
42902
58938
68755
53494
66305
48898
58774
44889
61970
65699
60609
52531
47352
39957
54902
46953
62162
47762
63327
48914
65325
66819
48653
40072
59591
65464
61407
51391
43417
52827
44326
65750
61461
62503
65670
42988
51629
58453
64928
64309
54932
63191
45805
52301
60104
70985
62189
46540
49232
46117
47234
65050
40642
60470
43670
40069
39945
51279
66308
70800
55909
39740
56502
39822
59315
61945
44299
48240
41455
63010
60539
60892
50423
54443
45693
52863
66962
64721
51368
64419
56752
52048
63769
46596
60916
62935
39958
51423
71791
51897
43248
59213
47279
71909
52782
62415
40184
54296
54503
58922
42193
51537
54128
50037
43202
63366
62264
56432
69469
57493
52719
50711
45947
59005
42478
49271
65480
67790
64979
65473
58242
71262
54123
68509
66685
42814
66006
43200
53867
62188
69349
65729
57178
54986
59335
64552
41342
41167
53477
66249
66097
62077
68874
71248
56888
53267
65479
64284
56136
45059
53014
58193
46792
40614
51261
53288
61913
51759
68597
40330
65172
68318
50636
60382
53906
47990
62152
56351
66226
62960
64333
53809
52246
67697
42048
45429
44655
46714
39789
51099
64379
39518
41766
55735
65484
47866
41261
67479
43210
43424
70869
63828
52219
48212
47203
68392
62338
47163
53690
60287
54246
65616
63032
57169
53013
40025
50651
41134
43177
44058
57768
68507
53097
39624
41293
68892
57363
42688
52229
67730
50521
70009
55484
42823
71977
68535
63860
50760
43825
45570
62951
63091
53411
44375
72045
49872
57653
52253
47137
45349
66925
42842
69439
45252
47643
43047
66769
60328
44327
65890
68235
44480
55180
61858
42995
54923
63653
57712
61381
67813
54952
45492
58517
68897
59504
52845
69814
72023
52351
55717
54619
62463
45379
66213
46332
42175
70296
56677
40187
42882
61583
52806
62088
54730
58221
56835
59074
64071
45303
68069
54814
49832
50925
58423
46861
66481
48853
71930
56281
66446
52985
43738
68560
48743
52403
64608
47013
55604
41960
63848
52499
46803
59347
62678
60867
58199
57604
69253
68976
51620
48296
46464
47945
59193
49418
72309
39575
62028
43866
42598
52895
42524
39598
51618
56778
43395
44102
46836
53251
50122
44308
57114
68705
54210
66683
49272
47622
48400
48216
57102
43079
49097
51775
63656
66061
60991
65031
51540
53370
46362
47496
62489
69840
43434
54691
58342
57743
70267
55427
47305
68318
56874
57635
71009
58924
64632
60432
57494
59671
52637
54641
53127
55181
39903
48196
52164
57649
54114
43754
68030
44544
60482
43238
58236
40500
47839
72162
52111
49512
72312
69106
60487
51454
42492
59165
50983
63934
62236
63514
59543
57535
66469
65623
66521
53131
57613
43328
68414
58238
71243
59581
71834
40047
64492
60668
47605
50835
68196
62834
63107
48029
42658
48412
40919
48938
40167
55819
50003
64093
48599
46623
53219
56006
53713
66835
50155
55433
54908
56249
63357
59324
47778
52359
54992
71952
68674
44371
41197
44468
52448
59995
65196
41590
57376
68232
67039
63020
51347
51444
64717
44882
42705
59305
61922
58612
44744
40876
64420
52943
67411
53818
46313
41139
51215
57169
51527
46379
67946
50546
42445
52064
47868
61094
41456
56379
46107
52927
46280
51914
45737
46816
68221
62437
48177
66111
69116
57617
70962
65578
47854
41636
49851
48968
52202
70954
51768
40482
71913
71176
41868
50401
47611
60255
69984
60505
49721
58163
54202
71239
42747
60877
59601
72407
42827
46941
53280
44906
51097
66788
66489
51861
46512
55377
39900
67949
43240
40938
53448
64002
70301
62702
52945
61225
45793
44409
69811
49535
58734
50599
46118
41386
47838
58364
64690
57314
45599
64772
63685
52401
42529
55862
64771
71414
50129
67614
59869
52016
40011
61372
61285
55289
42827
40743
50016
48081
51685
66933
64925
49181
46455
42463
69254
58735
45787
67105
66549
58632
44513
56352
69705
60316
70908
48847
67512
61781
57659
56915
51175
54042
55931
67430
48567
69904
60380
62969
64866
54881
40049
47901
41160
44605
65596
47651
57347
68127
46425
65794
71745
64850
49529
65530
46291
53683
58258
58487
44673
55736
44501
72504
70945
41905
64481
48560
55144
62030
71990
61101
48383
40546
44012
59959
50905
50662
47013
52411
59845
60481
52416
54633
55103
61383
47055
42970
51340
63615
50507
53494
65542
50217
60807
70421
62644
62335
64739
48484
56349
48316
68674
70283
67166
42843
56766
66188
49275
46369
61850
48110
45299
40029
59255
55324
58007
63343
65483
42760
61851
68999
53648
56851
69358
71855
67641
44593
52679
44300
48618
66888
61313
42336
50664
65242
41384
47316
64335
51172
57940
40437
59395
64006
65205
57084
55272
45539
57328
50002
44118
58571
72233
62035
66503
47512
61921
45907
68051
59605
52099
61150
66399
59430
47417
54596
60177
58595
72452
52821
45575
53767
66828
71274
63688
68937
57397
44197
54394
57224
63730
63097
62550
56428
61534
48236
47962
58699
50057
58395
41533
54089
56591
68479
62888
68804
58608
59760
50339
68079
49819
71527
70478
68796
66892
43144
42449
69632
42648
45536
63381
45522
56135
42987
45749
40243
58977
46425
48047
46837
41611
61201
42336
70101
46484
67959
41263
60907
41548
62186
49032
51012
44181
63377
70796
47053
50108
53848
70918
45170
59145
53045
49057
52616
47252
58032
58969
51816
45659
55970
44080
55389
45458
68669
68386
56513
52282
41804
63066
55906
42229
63164
60582
68139
45337
67164
69417
59136
42243
67041
69712
45289
64174
71981
69383
43891
50820
42449
45612
72531
52851
56784
71747
51021
71492
59302
61292
65620
56360
51080
51603
62707
42132
60910
65767
54251
60495
69455
49293
66078
70090
43307
66965
59307
65199
55375
44077
71771
48828
58453
56596
56124
63698
42090
61266
54667
65097
41300
70183
56535
58503
71859
54081
46180
56529
50566
54577
47566
48736
70130
51744
50414
63160
71231
67262
48897
54325
67876
49532
46343
57063
66884
53755
59754
45984
51192
66756
43232
70986
52559
55097
59026
43134
60755
45004
58238
68947
56974
58990
58650
52084
49613
45386
48954
50294
72484
51636
46387
41064
56370
56668
63041
59563
58278
40904
47398
50436
71170
69633
47892
69359
62368
50828
42445
44854
53234
57243
41225
63939
69133
54661
70424
64434
67177
57204
54472
61355
63970
43101
56457
52335
46595
62006
42191
41392
52868
63843
53688
46886
69649
44145
55791
41439
69710
68614
46800
50135
65303
50968
57293
59848
72972
59230
70928
64323
64333
41476
48481
61696
59522
41123
56139
66931
44831
54896
56698
54175
67814
46516
52840
55343
60333
55676
42809
67779
70497
63377
51683
62856
60747
44714
59025
43275
51346
66785
53322
47695
61441
43620
66765
50461
69899
54381
60352
48283
70668
50292
69898
52256
51666
53155
56958
47687
70236
64138
71865
66114
57569
64788
41805
71537
49429
49849
53279
67379
49575
47862
48653
60669
59406
69114
68308
60585
70021
68003
56369
42768
58708
55976
66631
56538
48210
58904
50497
45973
41384
55043
63544
53509
53463
46198
72535
49339
54525
70573
68413
55273
44372
47749
60322
68469
72443
50736
66366
60492
64505
43564
69350
48633
55167
72566
53241
56182
65389
48123
55802
56898
60184
72271
58238
48051
44874
55713
40521
52366
46987
71151
55988
62165
42143
55414
64082
53728
62544
45165
62930
52399
54894
50162
64039
48767
54035
60741
57575
41371
42539
47156
67569
71797
62516
54230
52307
68853
48195
52348
44139
55825
43848
41445
54604
45982
46226
69041
40802
49254
70550
69144
48730
72314
72428
67804
43068
43466
62618
72316
63450
68850
46997
58795
52846
66647
63109
63232
63615
70515
43977
69871
55812
52333
42683
62456
58828
63981
56885
63262
42013
72494
52308
66715
68764
58965
46971
52946
46956
50433
68763
53637
43418
65315
44722
62280
49337
67600
57234
56118
65993
41428
42468
52962
53086
51913
54380
44177
51966
43369
71311
54694
58826
60001
42514
73053
58464
50406
69156
69564
55809
72012
40863
42183
57071
56789
64139
46068
67097
52679
53476
48094
54778
69313
50844
53821
51391
49230
70372
53270
71592
43451
50856
69167
54704
64038
56408
50630
73072
52952
62702
59778
54849
62421
58925
68266
54433
70320
65062
40597
55768
50084
40961
47202
46811
46305
73210
68329
71280
56356
62634
50928
45715
59018
52104
43427
63768
55974
57007
53054
58259
41169
46562
73229
67189
58817
52429
56726
72567
68446
69773
52757
68412
72656
54899
54312
47665
62173
45061
68812
72889
70002
49222
56712
54919
53119
63032
54504
59722
57352
53406
61229
46736
56186
69382
70467
55524
50235
62471
56307
71738
47492
64712
65882
64910
52339
45505
63130
51655
43868
62662
69583
54241
71521
61505
50245
70219
55362
68543
57576
54158
41590
68014
48891
59952
41850
45668
54029
53208
43113
45156
43049
66482
70349
66013
72526
43029
69556
41844
60190
41828
50439
55363
61402
51250
59672
45858
69518
51369
63610
50469
49801
63788
65045
71014
48144
42555
41337
50692
68436
65943
61299
68203
51361
60071
69854
53974
41687
71195
58300
53523
57630
55503
43654
47750
44246
72178
50624
60273
47053
45159
43983
53107
70325
44907
70415
45902
51157
59001
66081
58349
69118
71786
47746
48805
42945
44513
45410
71355
49887
59110
68275
70694
60417
53201
51840
61335
60073
64874
45184
44983
72041
54350
61931
52143
69203
57237
50572
55022
42928
64177
63000
72230
53493
53913
61118
48536
70642
66088
62975
59538
51789
52671
68288
64054
66351
49714
71581
49020
61757
47842
61569
51835
62666
70438
52851
52964
71242
67312
48563
42959
66826
67245
45574
60090
60959
66156
46414
43982
49053
61507
58461
55141
44041
70126
44555
50378
66064
48570
67718
58943
44152
44706
69866
47685
61016
40887
51474
57879
44932
46789
59309
65912
60748
66099
61076
52142
41830
69163
64347
57807
49448
54523
67109
58939
65274
69307
66237
59754
43020
42032
71651
70632
44100
51441
57572
45469
69243
65736
60782
66130
66280
70747
62369
62321
53724
47372
59497
42764
53936
61469
61964
60449
70396
57624
59647
68637
65034
45934
56062
70046
71819
43870
50267
60541
42120
69144
62359
71436
49563
69923
52015
41116
56670
55548
54712
49475
67620
51968
57390
56028
66023
46731
69258
68430
70530
72034
73362
46098
67616
66382
52469
72431
56053
56586
69783
67592
60716
71263
41002
66841
55328
65422
62974
41470
45006
53742
50714
57973
51595
43990
72331
47396
56050
66493
68092
46046
66849
54944
48263
48418
40997
71077
45771
71396
55986
71421
66367
62096
66071
69134
65989
51789
67186
52946
66947
57215
69408
57466
49390
66191
45944
41816
57383
67566
43961
69115
57739
69207
69184
50588
56454
64085
60671
71097
43687
51974
59178
68351
42746
44062
66355
46445
63378
59694
58617
54711
71013
42535
46141
63976
67165
65818
51029
52556
64939
65857
58916
73613
54879
63299
47433
59164
72757
45748
47511
49874
71346
45275
46021
48856
68208
43193
46183
57540
42167
71750
61469
48900
50508
46846
64523
42880
72334
61852
60041
72059
50110
54054
40987
71354
60831
65321
62627
69609
73023
41286
62677
61498
72980
62957
55276
68687
49226
53353
64923
63578
61532
49693
67655
67971
47330
50957
59251
67210
50602
72608
59004
52141
67337
73636
70534
58828
61555
60050
70326
59595
66890
62739
45474
66872
42996
64452
52997
41261
57136
65334
60088
63608
66986
66874
61917
67578
71629
65371
72541
51277
70616
64171
59542
64426
41012
64707
73293
70409
60421
45573
51690
61065
65023
53540
42724
64787
58746
55271
63610
65338
65993
66857
43940
61798
54216
46117
54601
57650
69045
64752
57522
45586
54593
48711
66111
70969
60390
62603
49752
47290
45434
66058
46247
61933
46341
52352
44932
59156
51152
54238
71601
64574
50878
42569
70728
67436
69087
54630
48881
69619
51779
53461
42072
72993
73228
51707
43231
55331
51911
66821
42384
66854
54781
47913
53589
71613
56324
61999
51819
59011
66843
60721
54292
49665
53431
72351
72844
62162
43799
41861
73535
58116
65822
65553
63289
63170
50786
46416
46558
55344
41345
73784
70107
47767
45748
61931
66140
55490
43174
49466
72320
45736
71558
54632
47369
52811
50778
69169
57433
65503
59031
68875
51866
64815
59887
66476
69180
49213
60011
52172
59044
64808
55481
44076
62754
44883
58567
61143
69156
65988
54417
44200
59050
71370
48439
61964
46586
62179
53842
41225
73621
69340
49032
46208
63849
54586
49246
51375
49736
69337
59982
68857
56473
66259
56602
66282
57678
52643
52575
44662
73494
45963
73069
72577
72147
62003
63574
56485
73294
54674
41797
59183
48681
70673
63761
61546
51222
46574
50194
45089
69703
68575
59956
44127
72998
63737
73545
62073
68677
70607
70052
57678
50072
58078
50403
59598
49890
47145
69388
58041
43373
61472
60380
59561
50174
71622
72283
52051
46856
48659
47284
69386
71968
62615
53828
70021
70065
50017
70641
48353
53233
70687
72381
60393
60947
55431
69786
58262
70847
61429
68481
67026
62143
69717
58046
41345
56571
46659
61070
66498
43687
57457
58859
44658
41403
72265
52903
55283
67491
72148
46008
71723
43576
62683
71123
59087
62704
45388
51772
52961
58961
46302
48092
64375
63916
55288
49812
65983
55559
73680
66769
68672
60251
58320
71520
52066
70400
57917
53124
53041
45157
67610
64326
44638
48388
61514
62477
73350
70293
56822
49006
57783
45698
46638
45637
44337
41372
48339
51717
60777
44044
71860
45132
68436
42380
58103
72891
71393
63959
50619
67844
64200
74077
60923
60228
73090
52796
54453
60052
70552
58732
41804
49626
50977
71737
46892
50406
47238
45559
67756
48058
48265
60913
63800
67624
56198
59810
52399
51619
46584
67368
53770
62287
70206
54261
65343
67674
63392
51144
66660
62095
64141
61403
72216
42792
73254
55902
69407
69092
61185
54821
55628
56922
47910
55966
44452
59277
68446
44037
58304
62912
49582
69595
43123
51852
65822
42388
50093
56111
49854
46992
62879
51495
48107
71756
44832
51456
63951
57306
43344
60266
54823
73102
73851
64654
43337
53755
46656
60834
56677
50461
48882
64699
50955
68824
65086
69347
59117
55201
71438
61548
63719
53116
45742
61316
62524
43302
41773
66825
57635
45971
66823
65438
42882
64411
41984
58622
47865
55280
42835
64912
51234
61779
51468
48700
50967
72455
72883
66686
71477
69510
43306
55480
67616
58740
55768
43725
62471
53457
68360
48363
53034
66674
46475
45224
53401
51122
64933
59985
71742
70757
43303
48766
63005
53517
49368
73194
46811
64337
57625
45954
72061
54954
64969
43196
53875
62304
73063
66602
49109
74165
53110
54863
45804
42335
57894
43185
62196
48444
72496
58159
56608
54082
63490
72597
50655
59573
47388
66414
65374
70300
48314
59418
43342
72309
60595
63776
44519
71464
50081
51397
69677
70202
44354
47837
61298
68931
50718
54753
58396
64418
48746
43586
72104
66671
58413
50173
51695
73905
71841
55920
64936
59857
46300
45675
46639
44111
74159
59019
58501
70324
42703
68035
53655
64712
46386
55356
56259
55044
45244
59999
44440
67146
64795
73264
53725
48084
53744
43741
51413
50539
72239
70294
66242
44505
58056
59040
58280
49568
72839
70053
46163
52204
46392
72783
42139
73671
52240
73749
49895
49548
66888
56404
68848
50334
49419
74145
64968
45401
47506
67422
48410
67401
52366
73611
54195
44954
62406
72927
67905
62416
45313
73495
53083
52409
61734
72079
56770
73119
43682
67599
58343
44993
47882
58855
62381
66053
51201
72510
67951
49383
42845
54439
54597
64181
70277
63733
43395
58366
43293
45393
45699
49224
67302
46985
56229
49921
61663
57003
66963
64696
56753
68051
61898
43149
56649
66881
67414
60902
41927
62894
54492
60004
48023
53728
62430
71702
41693
72317
45371
58348
55319
50205
73461
67694
72190
67490
62263
65709
57004
68812
55447
42874
50692
41736
70552
54999
68431
64649
74099
72619
47651
73626
46103
53690
43657
66099
44910
48083
67678
66506
68578
60491
59898
47467
49696
70059
47632
49163
42011
64422
63701
67866
51028
60494
71781
54615
58458
67975
63586
53736
53132
66235
50398
68522
61222
48847
48251
44230
53884
42582
74192
47237
52864
56837
56335
47461
50058
66919
68325
71020
61529
52690
70050
64700
63061
64922
56730
42600
62230
45956
60363
53126
54058
65150
53696
45189
49683
73101
52661
56513
56208
64518
74235
49237
66078
48641
49054
45104
65213
61707
66630
49260
52727
46363
69467
54491
48671
61896
62060
73698
49879
60344
49362
66442
74196
52828
49808
67796
56550
64986
52862
57677
64818
50507
69543
42723
41922
46375
47599
52727
66369
50685
61945
64947
42751
70504
60487
49822
43836
49982
67491
53101
51874
60682
59070
49181
58643
71101
52504
70462
58277
70560
49951
52626
73195
61069
50587
64470
42103
69727
66633
67296
70812
55719
62406
69098
55673
61089
46767
47918
65074
53350
74247
50867
62849
71266
57561
72550
64110
56329
64286
53868
61018
46790
50144
63671
55362
51252
62112
53975
59714
49297
60406
70419
43608
58736
64887
46521
46955
61613
69851
63410
43916
56230
72288
72537
74363
60072
50793
61326
62317
68776
43627
52485
67852
58164
64777
64996
64192
67241
72062
50062
52013
55973
53820
61113
61437
67263
54994
48583
67295
59254
45331
62803
56271
68456
73077
59146
42137
69829
49847
55996
71064
63234
68807
69042
46020
47314
44770
48195
67564
49746
69885
59810
71487
71555
44132
55802
50449
48894
72609
62141
66012
50403
57759
62777
60293
59923
44047
51052
49889
54175
70923
48921
55928
52864
43001
74523
57993
64392
44467
55034
46670
63384
66533
58556
69248
54292
66486
55549
48414
62356
48042
42306
54891
73436
65734
64651
60214
58895
72438
56871
47197
74271
69805
49868
61332
43656
54731
73703
64867
70462
57795
46385
61550
67299
61693
55427
58873
69950
62841
46059
73643
60905
64182
43519
42642
44873
65746
54385
73576
53699
70386
53476
46101
69421
72932
53246
46708
67203
50179
72383
57434
68572
51035
66065
54485
46236
43790
60576
50865
62442
45815
63211
59457
56165
61580
55708
67676
54290
59401
68116
65701
58265
69835
51531
55567
53682
46329
70871
50337
49626
62570
44618
56183
70986
61123
44225
46602
43305
55520
52410
52657
50433
65910
61990
50791
52592
67830
69824
67022
69408
53428
61084
47988
46584
58696
62723
48725
50324
59444
66430
58274
73715
48328
63793
45761
66416
64579
59498
72341
61684
62779
43130
68607
61801
47679
47556
73125
47474
66490
45075
72946
67161
59674
71473
45150
51017
46386
66997
61167
59069
55773
53788
69887
51256
50917
73243
73281
52791
43043
44084
48383
64611
52967
45960
67237
68108
51866
42476
66947
63699
62625
72766
49103
66470
62341
56570
62441
63986
63825
45320
59875
56083
49468
64216
65089
50704
69768
50097
51709
70021
48810
45894
68559
73696
67755
42379
46763
50128
46030
53958
51594
51451
50035
48617
54381
62704
50747
56607
52895
70748
65133
45221
74299
59520
59801
48091
69871
67810
60283
70811
54783
68931
73761
64713
43405
70610
72016
47659
67863
63391
68389
73851
59713
52050
44024
65979
46293
60445
52101
63689
48392
49391
58702
49715
65279
63979
45627
71500
58001
58392
64900
49024
54863
42330
49360
52196
60609
62625
52127
45329
57075
74336
63973
45875
71728
66881
48631
55389
44814
73495
65963
54560
61355
69139
74427
42843
56117
73276
69227
54100
49328
69401
49260
63240
54003
57776
43263
42944
57332
49845
48734
52709
68934
58619
48471
62229
48608
57390
56634
46710
66848
59332
64245
56139
51984
60977
65406
42437
67047
67674
66929
64027
44243
42317
66043
61917
51189
60975
62710
56197
49581
57973
58453
55375
56601
66648
42691
68682
62936
43394
49543
70831
60692
50190
56747
47218
59327
47023
71773
67352
49692
69423
45717
55752
56450
42524
58360
60068
42333
72382
54525
63066
66677
72779
66638
72693
68467
59742
72561
61178
69537
70310
63143
61360
69873
54747
58388
56767
70209
74999
56865
71932
50909
44450
50463
66692
47429
62702
56365
73736
53041
56132
68955
52071
52947
72863
47375
59522
51548
73975
70824
53068
69313
45313
56418
51232
69311
58133
56441
65624
51997
54383
71058
44315
48945
66203
65622
53366
57509
55595
46176
54446
73083
51115
63065
61909
64335
62423
61793
70044
48092
56331
73649
75112
43714
65018
42623
74408
63623
54691
43298
72037
50907
51329
55159
71962
51744
53506
48003
55239
74793
65083
68186
53057
56386
72666
64575
50380
71793
71260
61452
61163
64508
61312
56789
44407
53035
55035
56520
67567
54351
47981
49239
58895
60931
59284
69786
46756
64178
65471
57838
63646
67930
62342
53219
55911
52111
47033
73557
58227
59586
56470
52184
56345
71363
54335
66650
59297
72581
64875
56067
66718
72738
50779
44128
59262
56606
64528
65985
58207
55280
72123
62175
54564
51646
44149
51906
50376
73577
73520
62434
45299
58057
66285
61325
47307
68922
42800
56456
71693
58199
71345
53497
43356
48645
52309
68484
58073
58548
46172
49077
65779
56545
52700
65950
54145
53983
65646
70849
57614
65496
64039
74288
54387
45327
43466
72178
59564
54375
43323
50089
50916
44585
44087
49778
68306
72706
51011
69645
57672
67915
74466
45886
62729
63629
61195
46450
73180
50757
43738
72614
67038
67812
70790
59013
47388
45594
54675
56784
54113
54612
48969
43779
49229
46980
43876
67382
49575
68640
54541
65601
45044
66413
48649
71971
43337
69117
62513
51621
74333
63862
52002
74042
69090
51862
56885
69930
69142
63604
61106
74223
58517
60681
62016
71647
70769
61166
58784
51980
60036
55399
47003
46697
57349
49057
57401
66094
68442
62520
63540
68989
70445
62972
58540
47941
55234
51445
60188
67175
50824
51877
49549
74007
68590
60556
61194
74629
71543
63474
69715
69053
75281
48864
54486
73932
50851
56944
51162
54053
68837
63046
47614
58435
58996
63839
57058
54159
50726
64522
62244
48771
72090
74547
65166
59920
48404
71911
67213
64317
57736
43541
50405
74514
71925
61842
46756
49588
64757
46176
71508
50385
74641
54064
72821
50494
54873
62757
66859
42975
49077
53211
53811
50632
66166
45224
47643
57249
61360
43810
44467
57423
52940
69857
65727
45777
60377
71302
68334
44903
57379
51707
54544
58362
51463
48637
75395
48056
57605
69336
67310
51711
44823
74866
67634
48252
49217
54667
60574
47252
73578
53315
64867
43010
65386
60381
75079
47298
52068
51138
74653
70702
69974
56265
60276
69992
64238
56757
66319
59127
51360
73728
63381
73653
66293
52695
47370
55016
54822
43109
62078
65455
52201
43348
45700
48032
55179
44689
63462
66735
59455
70480
63127
44625
62902
55889
43241
66018
47855
52577
65792
64068
70481
46627
52871
58058
44535
70672
44193
56660
68427
62397
68643
70587
63702
52060
44544
71791
65366
65670
74245
47710
63249
64312
73158
53272
46698
59931
49112
48689
69298
72712
70464
48359
68416
70347
59180
73989
75460
45863
52961
44040
60120
46619
56821
42879
44504
48996
62654
53176
58100
48451
45322
53656
45187
62848
55056
57291
49306
58287
50855
74526
65502
52402
53430
68136
48790
43903
65772
48176
59397
56100
44977
45899
50166
74248
61532
49605
63128
66163
44966
67266
45708
62544
71262
71205
53565
60466
66655
55217
50544
54166
47040
57710
72732
54888
62538
53583
65403
43464
48943
59921
61537
45069
66296
63334
43469
73226
44992
48467
58045
66961
43936
63191
57927
59702
75626
42957
72166
48469
43930
50707
47634
64087
61833
65004
62739
74800
56548
71075
58390
60204
43357
46194
49793
51692
73888
69793
62340
50347
60553
51442
67056
44487
55700
60733
43597
70524
73109
64088
53031
47858
63145
52537
55208
52346
46700
53599
73836
70932
68972
61038
50832
65846
43742
63769
58636
46280
66704
43844
48195
58483
56095
59242
63449
54299
52842
52029
67269
73386
71238
54669
47527
43792
45940
74603
72539
62088
44240
67726
47054
64540
44234
67318
50448
45419
70426
59854
58027
61610
52912
67479
58164
65513
70634
61315
54303
50583
49930
67103
47063
59977
70375
54581
75279
51127
54243
70385
50770
51463
57116
74818
55522
73807
67047
73347
49599
62805
71034
68699
51718
61849
49896
63970
68476
52629
70483
68613
47723
49987
70748
75563
49581
68064
63711
59673
58630
48880
60894
64018
56759
57474
48058
63811
75087
48309
67497
67679
58053
64123
51556
47751
44484
73629
51488
60012
72774
47103
47552
48055
52836
66086
49993
52137
60524
50423
70038
54526
52021
45761
47949
51992
43695
64894
70929
45145
49854
65622
50425
43985
70217
74341
43585
74265
74894
54974
60736
54654
49336
56752
52122
53602
47027
43848
62647
74976
50239
71446
68212
45231
45379
47412
72216
68681
47716
71813
74121
50764
56023
69179
62656
66592
65139
66204
71546
50394
51467
59141
57136
52064
59386
69935
61770
62414
74239
56241
61840
63513
72012
44998
62689
59379
62425
56401
68647
55278
56830
56862
64394
68579
72513
64875
61924
73877
72045
58535
54389
63634
47588
70777
62169
61530
50485
55556
46902
73155
48369
74858
75450
73372
65467
62094
50757
47761
62367
72223
46946
56398
43685
44754
74108
75240
46501
55534
47951
74872
72028
50702
67740
59145
72128
71458
73761
64692
53137
61368
69064
73225
48177
68218
75039
66993
53173
63223
55304
48210
70972
58534
58802
56243
63871
73511
62919
68897
57258
73677
62439
50961
63595
55386
48982
69126
69448
72457
66289
48309
49717
50130
51559
71527
55142
67305
74149
44704
75106
67720
59282
54526
49497
74222
66813
44131
59319
63400
48851
69207
54009
50447
58006
54183
62655
65810
59402
48978
50467
49205
56114
69798
72778
63450
74362
65703
51768
67263
62774
44720
57577
75465
71243
49245
58525
44032
75564
47271
54899
46298
75529
51793
52537
44988
62019
43396
69763
55742
54818
73910
59898
72367
68810
60624
73975
57945
46443
74895
54353
60165
72889
44842
75379
66882
59804
69174
61361
53475
66088
65223
60124
67399
48335
46553
69651
47837
45525
48110
70109
45030
49413
44024
45173
45693
73635
55672
55141
69077
66209
74216
47446
67779
47381
60759
56871
68476
51947
74323
55100
53919
61399
69899
69145
54134
62094
72117
57647
46457
54326
70190
66293
66835
50203
44768
53051
66473
49059
62185
68284
47321
61060
60282
49394
76031
69428
47740
46126
54526
67490
46202
70631
59197
60963
71099
60754
45551
73391
70318
68148
58008
45133
51084
45557
69324
57036
52024
65781
65082
48308
59754
51747
54762
49532
51212
46795
67779
67581
64484
71855
45392
53543
53364
74330
47300
73459
50974
63921
61243
64408
70028
55499
63810
49410
68431
45314
46746
62592
63174
66634
67129
68285
65858
59586
68498
75761
53863
60041
55574
45144
43734
49107
74747
48356
54793
66364
58684
51247
62333
59484
68577
75699
56087
73371
74880
75069
73921
54854
72196
52383
64340
72675
62381
49573
70330
64962
46168
45643
63828
45013
48897
47405
54425
74177
58502
50239
63744
47925
65197
54206
64800
45691
48233
75111
67606
45389
66393
73702
57128
48105
68242
70289
63144
69224
70302
73046
68122
58443
57028
54514
65433
56919
54154
63332
72310
64163
56953
50338
49443
53999
68384
53130
55887
70967
59740
56091
66899
60040
75990
71653
45517
49171
69068
54718
55946
75392
74517
64951
59306
48004
52575
59471
64510
53686
74684
58342
45493
51870
45405
65396
68152
55055
66716
60794
70994
70071
44864
70457
70548
75765
72701
71715
71672
66794
56635
67983
60612
45779
55577
59056
49073
59030
63152
75976
55629
59802
45212
72601
58270
54748
45241
72220
66568
55360
55594
66422
52336
60709
56992
64552
51106
52027
55256
53126
74992
61593
58982
66922
50972
67082
56498
65577
47737
68776
66880
46790
54860
68013
61236
57190
68984
74885
58389
73220
45659
60200
60113
68454
45555
45222
64513
75856
68165
47619
52079
69879
65535
44358
51925
66744
55132
63181
51688
71178
70728
71907
55189
71346
67013
72085
51339
70710
73869
66241
67321
63635
60664
75887
69529
74546
68641
76132
49133
69145
71748
56821
55753
54111
58475
76058
57361
75490
57162
57283
45252
71740
73063
47727
65593
45298
52862
66810
72105
49903
74275
65718
67822
64305
57257
44222
70026
68803
46403
59527
71403
67563
66153
74936
55790
45476
74109
71228
44961
61262
62639
73621
70989
72357
47646
58483
50612
53744
60223
48005
45975
71802
43907
62095
68987
56134
68148
71869
44717
44543
72608
49975
74116
54318
44410
65525
71398
60080
72317
60117
63245
50534
65874
71914
61323
54574
58036
52759
74380
76306
60114
45277
56156
58816
59893
61554
60457
45626
49250
69907
71945
69839
49538
53914
46143
70986
53824
58707
53178
57705
50867
57612
75742
62609
49917
45675
43911
74687
74611
62085
50507
52674
45054
56491
51712
73640
73408
54919
45182
64886
76283
48745
63142
58140
48431
62427
55204
53671
64899
52859
46960
72889
45414
63242
59291
44086
52086
54976
76104
67137
72865
69858
69753
46439
61834
47767
44172
57113
73518
50424
72197
73312
49863
52582
57741
63180
47345
51232
51259
62382
69643
47380
62739
51078
63968
61174
69580
65471
65670
62608
48343
73882
66183
44121
72348
48489
47679
51784
74759
57597
54405
73706
72771
55905
55950
61107
59333
49609
62221
46226
63117
51653
48799
75463
74664
45242
54119
52985
44538
59027
72693
65155
44602
47796
73069
68624
44606
75311
59621
69479
50553
67131
48142
69512
57026
56034
70935
55031
68438
56825
48590
57944
67361
67157
70153
73020
53817
52028
66884
57659
66476
48154
43915
60227
47483
49269
51611
47919
51686
70691
45124
70043
72170
54203
59153
65527
48393
44361
59947
48859
49737
67910
65403
48794
53887
49095
59151
75290
66509
44532
60095
46051
67178
49084
69904
46453
69281
49607
63320
67807
73757
69548
71459
56461
73315
62053
64214
74082
50848
49920
75154
58119
63141
75158
45659
64130
58672
61569
61050
53002
44909
70602
62239
71961
57276
70881
66123
56260
53685
62097
76525
67656
71529
66866
63564
65509
50155
44833
45220
59375
48912
61805
59156
66594
67186
47315
58551
68406
65467
63213
44306
76211
49184
56230
74158
75527
60715
49905
67845
57557
72382
76475
64675
69777
51797
50461
66181
69450
61323
64215
54725
68550
73184
61946
74361
59092
50105
60644
47320
76254
71336
71025
64414
52158
70894
67696
69042
47058
49214
46420
66310
52051
62916
58924
71871
48354
67430
66518
47255
74340
64074
60015
52095
67856
69272
57869
73608
54214
62593
69553
58627
54179
53888
62071
67303
52946
65759
49424
57972
59813
73342
47986
74262
75236
58064
50382
49036
60517
53542
55747
61769
54492
45360
46801
67355
73717
61632
49936
64010
71584
53970
70434
45955
51628
69578
71782
53174
53400
51964
53358
57148
73382
65905
67764
60413
65328
54760
68232
50513
49727
56860
49997
55141
50778
54597
48357
70113
54428
55265
64106
74183
66314
68788
68895
66206
69923
57102
62886
76497
62136
44620
75123
55122
64765
71329
46208
47746
59873
46871
73538
70229
75163
71888
73949
59825
72325
72594
64916
67864
61230
68483
53635
55943
60074
50224
46992
50334
62253
66772
56479
49408
56025
55768
54021
45565
61139
49046
47679
47983
64668
57954
69349
74465
49567
73675
46809
64247
63750
44318
73156
73226
64466
67372
62915
48146
75563
69453
61533
65481
64756
63909
66489
69389
45731
61606
69645
60038
74320
70102
63834
61578
53771
75731
67927
67389
66931
50580
44458
45565
68997
75505
58974
71165
51889
64102
63634
45615
70963
63508
47470
52840
65440
59912
66908
58815
75711
68032
46964
69686
67995
55019
46391
44956
67798
52081
57985
58289
74816
69811
70073
67980
67496
72212
50251
51770
61427
51384
53080
64680
71019
64652
47276
57026
69721
46726
57328
59869
60373
45102
51232
50770
56029
68701
70976
74348
50085
66884
70219
61573
70958
48049
54125
53355
72474
68494
51313
75785
50111
68010
54141
44867
68730
69309
47101
62241
67653
62374
62941
70704
46220
58102
58619
50213
69693
58290
74972
50884
76063
65877
46238
64000
70500
46357
50989
76132
65409
62567
75706
45233
57917
67781
49769
45513
58120
70831
75082
57803
66703
59888
69003
45440
48013
70946
54508
54518
59364
49780
54130
61034
58348
57259
67936
57451
73227
73575
75107
68413
61574
49576
47885
63868
76694
50576
48516
49153
67007
59499
70268
70922
58973
71148
53602
58004
48768
44473
66266
55308
58361
49707
62572
48935
74421
46158
62586
71695
63562
53552
68214
49343
44496
54360
65362
76720
50162
62356
51767
59829
58692
55288
46457
68387
53976
75811
53195
72758
65292
67524
64943
49328
51877
45149
48945
45763
71714
67399
64981
76081
76106
54519
63182
59570
64264
65919
71024
66710
70520
64087
53736
70315
63042
75102
59435
54881
45863
66844
64300
75564
49881
62026
63570
71210
75280
69268
53033
71430
64218
54429
53592
45084
64562
59716
52947
62942
73685
70182
49745
54646
50769
62819
74241
62125
45407
67238
75896
72971
46194
50527
76270
73791
54160
45139
51627
62402
50273
70231
74684
69048
66950
68696
48874
56599
65579
65695
56045
44810
59360
50003
61148
66456
52388
46144
60392
71041
70467
75222
71754
72040
51171
46453
71290
63543
65241
63720
60578
67776
47041
75055
73810
68768
63181
70273
47733
62569
67677
49553
51076
44800
74448
50705
75769
67651
55962
47732
50439
56047
72855
73977
64904
72129
74400
54757
57143
62428
71259
63247
65567
71787
54871
58530
68691
56711
69976
48927
56288
52827
76783
67233
75008
58502
74830
48997
73360
61632
59483
49033
75460
63169
53763
68116
49690
65631
48593
56119
67212
76790
61375
51667
50954
64012
47692
74298
70439
73269
72654
56890
57107
55093
50698
56920
59337
70245
50178
51289
75657
56920
45582
44807
61065
61629
48174
59185
62440
50055
54943
44532
62179
68940
58540
66617
75851
71915
49607
58239
50230
49266
57560
45019
74742
69439
62933
68412
59463
53093
56723
60916
48076
67153
47068
75892
56765
74925
59329
45655
50394
60804
60977
60067
61091
55463
53963
77131
44746
62544
69361
57848
70377
68102
44830
59400
44657
68288
73337
66519
58082
67149
53418
45374
63554
45555
48620
65370
72136
49751
58723
55695
68312
72860
51633
57804
75828
74447
72644
49168
67952
73603
67569
68397
54950
70840
55623
44748
75372
61954
59165
62129
63491
62951
65774
67392
73169
48776
52327
47936
76817
52612
51645
48864
49098
66329
62020
71671
45565
54412
75070
76688
68387
49611
55024
65702
51927
52818
46588
73772
55247
65867
47850
46673
76816
45305
54792
55553
69986
73046
44916
71599
66050
73211
77175
47186
65944
59201
46356
50605
66152
76454
55521
53972
76492
71282
59926
71660
69346
63642
73700
52274
45698
67812
51464
57663
59251
73292
48031
66442
56286
54182
63292
66606
60674
57222
77112
69613
70186
74589
74569
55157
62428
46564
74838
68835
66388
60606
62346
55942
75313
76121
62888
46821
51821
60693
66718
47619
63122
63656
74076
55265
76331
64193
63462
74821
74361
70123
59816
66490
55144
75188
70155
60888
50369
56079
63813
74949
54177
75768
59765
67068
63530
51798
72175
55373
55160
75301
74964
47909
68055
52948
64231
72464
52531
49132
51611
53116
48080
67827
67441
50624
56123
61584
72320
56669
71552
54000
52565
55683
65181
48999
67070
68567
53303
72027
62306
72819
46476
49246
74964
70446
46505
66458
49127
67102
47580
58482
51331
69980
46701
60518
44856
64519
52105
72247
72147
77452
62079
76364
72239
56868
68399
48725
51022
70046
56766
75822
60584
58206
58511
56326
50115
74918
62063
52672
60420
50708
67856
48537
70853
76140
62393
47116
69032
49304
64059
52467
45354
73197
49191
49646
56699
55728
74814
50184
61325
61657
46121
56472
62570
65814
67691
77158
66764
67091
72851
47119
65255
64505
63414
46251
70282
68405
47388
48044
54118
74106
56634
50953
50605
72713
52960
52893
71904
59184
71860
66506
66786
46864
51935
61537
64848
48548
59654
64710
44821
66047
62588
74063
64568
48341
59062
50926
59897
56893
45055
72464
46365
73909
69228
56004
65670
52583
53523
55584
53766
71083
56184
50400
53621
75212
64840
61777
65025
54543
62026
75374
52678
71409
73362
48200
60319
70065
56056
66987
67387
65038
58824
52734
60275
46162
52155
61035
52954
68239
56614
48704
70294
59433
66418
58005
58223
45716
68300
49456
61734
63327
46109
72357
45064
63346
74557
69569
55490
63380
64868
71209
72311
64048
52193
73791
45840
50776
63246
64581
57812
57354
60803
77509
59448
54706
52106
52272
68856
67313
71379
71109
54630
51357
57961
56756
59650
68105
61157
63108
54092
57222
72418
45490
71638
71209
47024
45467
52381
46287
71245
70299
77465
69215
57488
44919
58515
51535
70312
66808
58423
65642
75973
63705
77162
57552
54549
67556
53214
59710
53746
73559
61155
77455
74842
75148
46976
51587
58015
62937
64706
53696
54111
54198
61012
68118
63671
71965
73040
74247
56244
74807
50005
45191
76810
51252
65498
52224
67593
50554
65473
58265
65740
68867
49967
48568
77492
54016
62876
49093
59925
46275
68646
58162
64558
62939
73259
64440
56415
71809
76822
45795
52630
54579
51321
56528
61451
46494
55133
68150
72493
54977
55254
64419
70619
71248
60378
55816
62168
77654
70226
55416
53113
68127
51058
74541
66209
50005
65350
49100
71151
77417
77454
49897
45878
55092
54732
65230
75822
50911
49819
69496
53865
69632
64322
59363
67464
58885
67721
50312
52654
50134
70092
75555
63541
58806
65357
49081
64672
72298
71374
59098
70609
77726
50784
68900
64381
64900
70006
50184
60380
54718
54333
50129
71077
55678
53552
70369
48185
64236
48359
45630
49182
77256
48175
62286
77232
68432
67680
56031
74771
60772
77291
46442
75884
50408
71987
49305
47441
77674
58782
69126
46718
69636
74475
66374
61641
77700
66758
72486
63064
75723
45209
52276
61201
73331
73126
47234
73042
70325
47955
68262
55010
49801
53700
74757
68136
60174
53423
65618
74651
59437
65644
62033
59258
63353
51532
73185
70589
74330
66860
54073
56907
70507
69450
77682
74605
56096
67159
75334
55427
59308
62669
55575
71414
46114
54146
57138
54125
62170
72318
58198
70980
46870
54281
47728
49722
57829
58889
55209
53865
54856
66955
49570
65660
47252
67744
60670
51740
48407
68202
73762
54443
51710
71030
50232
68149
61558
51276
51066
66211
65810
75845
62637
68914
49005
71325
58347
60964
63760
72649
59558
74934
66454
64779
73962
52561
58894
53315
68066
62468
45472
66056
48542
60210
52596
66039
48659
64136
47567
67915
61796
64050
69247
77743
45920
77391
47226
49744
73803
63138
47810
69941
64737
75402
63115
75475
57240
71988
48800
73180
65318
54799
47619
67929
51779
55680
55763
74488
76976
54744
58995
45991
75128
65667
59369
60001
70262
49025
60804
70984
54551
51995
63682
61685
46177
71630
69488
66060
73780
72844
47379
77075
47568
51492
60295
65668
50584
49406
76518
58656
59926
77323
57516
75911
57406
49148
77336
71174
63735
76722
48597
70064
72663
48886
55513
59824
74542
56427
49806
53725
47431
62400
73775
48527
72426
51754
61301
68529
58149
75538
53364
47384
50253
47371
75455
68883
53823
50950
54739
62532
49643
65993
72883
64942
49684
67997
54479
77326
53585
64583
71722
73071
46424
73530
70332
70393
63355
64011
66326
70410
68211
62757
77380
70536
64861
53438
51959
51829
57346
67594
75748
51907
48219
62638
69991
58218
51541
50807
47724
62649
47825
74572
76943
77801
53999
66401
66434
62712
71820
73134
63407
49845
55049
63648
64543
60695
52046
62222
62363
69074
74255
55662
49425
58156
76622
56137
46905
69901
59170
62700
76663
63574
53174
74081
77828
71796
66708
59549
47433
77621
47908
73211
45707
68314
71791
58089
50637
49773
55337
49633
56050
51285
58607
62876
70179
68391
50637
77954
48496
71871
66819
63588
73146
63376
62473
60013
59088
76344
61648
64342
52952
69975
69707
67546
77041
73634
53806
51562
60182
70707
49654
66337
53061
77603
76073
64250
57313
70747
46815
70465
59222
53415
49281
71751
56059
46349
65489
71258
76092
64604
61994
52212
45816
61191
48393
68659
62504
63796
48077
75145
73666
59153
72379
73909
45789
47975
74565
60402
49941
54385
73100
50798
68657
53998
60195
65533
65795
63349
48918
57615
58256
59913
71467
52960
75889
73709
55911
65518
76153
54201
49364
54448
60312
50094
59522
75909
64511
76359
48076
77547
75909
75024
68828
78065
71498
64955
68210
48879
65946
67953
61920
76404
71188
70246
74330
56448
50699
65456
62828
56307
66092
77657
65740
71750
76385
46771
75090
52345
46326
64747
69445
69196
53499
58337
68568
56754
67561
62263
55284
51331
74376
47529
52280
63089
54543
55452
68159
78141
63117
60921
69409
48427
51081
53307
53052
71091
68581
53447
48948
57977
64521
63612
60984
47231
53565
62092
71047
64409
61781
72074
49459
62498
64916
56004
63013
60654
51403
58322
63842
60799
63681
52847
72845
58492
54999
48776
45996
54878
70636
75411
71727
58477
66431
75298
56622
49131
70163
46776
71922
56719
64216
72411
59319
64821
65671
50026
68528
55763
77198
73521
52812
71087
57197
67771
67256
46799
74080
50791
59813
51121
72254
53438
67147
61501
70049
54020
70829
72440
53319
72205
63775
64122
57272
58707
73990
66338
60713
52805
72928
77064
54177
47585
72580
70195
69978
67716
76458
48397
76906
63489
57517
47891
51874
60401
54160
51153
65719
69707
65856
74766
72863
68149
68888
60740
61246
76569
63146
67923
55618
55802
77245
64117
73548
75529
75666
77685
51536
48499
55660
74780
69950
75646
48206
58861
74978
71892
48647
53522
48905
45854
50028
72085
56293
63701
73701
62675
68786
57941
75307
63278
77466
51508
46671
64003
67798
73169
60671
73180
71191
72496
55301
48358
64804
60677
54288
57765
64708
64526
63415
71142
52958
54438
77755
73205
50911
56216
61580
62481
77660
50481
73999
71709
76537
66201
74399
67480
72841
72035
72274
61903
55926
72034
57213
64593
78179
74942
45946
76708
64017
48712
75432
50230
50815
53771
52916
46998
59990
76835
78359
61924
57987
53715
68832
72583
57382
61649
53940
74525
64171
55524
70163
74680
52534
46001
72924
64327
66373
61138
72212
75090
71825
68649
58595
77291
53301
52340
56543
53473
75537
59425
68494
71990
50545
51811
49957
70867
46058
66181
72342
61563
55173
57215
60106
69630
63776
59847
78123
63151
56336
77673
64358
70679
75787
71258
49263
51435
76358
76041
51909
47164
78298
69944
71671
47342
68460
46346
53607
64363
57357
76381
49742
47000
64351
62553
61184
63241
48377
48969
78194
53105
47373
69290
65273
74076
52296
70018
47956
77600
75514
69876
48365
73744
70519
77072
58972
50164
64445
56304
63789
76470
62039
57088
67043
58462
49793
74397
73020
64832
52108
48098
75447
68212
76676
63678
65620
55943
64785
46666
52123
73328
76955
61786
68575
73414
75953
50515
63940
53552
61868
52540
77823
57884
52367
72471
71005
67252
73010
47473
75783
76557
76704
60216
69124
53410
55485
73165
69375
78082
67116
49498
56139
63685
46447
64358
50212
77508
74320
59302
51512
72586
56448
56086
73574
50437
74879
56649
70853
53889
69563
52221
62952
60632
47100
56563
55392
61154
63999
61950
61059
64051
67425
62297
51308
50182
53184
74813
75331
77428
66844
75187
49087
66026
49027
72616
74984
56025
66541
75839
72738
73647
78437
78187
74087
70407
73577
74940
60116
54812
56468
77177
71271
61316
62586
69872
58631
76315
73172
75018
75460
57405
76253
70946
48225
67384
78331
59671
53775
69376
51362
66208
46972
59941
78197
66784
63756
53763
58543
55867
73318
72505
57794
52327
78387
77404
70974
58054
63266
63724
54771
64243
60976
60038
48474
53147
70182
53852
57137
57742
60515
78051
74854
63253
59099
53707
52534
75143
65376
49716
56982
71959
49185
63263
65234
69360
74096
47138
66932
46468
47304
74337
49767
59168
55566
55225
49244
62148
67607
77374
67181
59187
60779
62440
72960
70726
73288
72329
55791
46725
60138
57346
47078
65784
69898
50871
48396
63803
63397
62016
46309
55761
55294
48226
49527
61114
63462
71229
67499
73800
55611
68038
64247
73774
66223
61304
68666
60634
50634
76871
49127
73477
75315
68566
61286
46472
50731
68329
47543
54129
64602
75293
59225
74838
63182
65751
50538
56041
69441
63610
48143
64973
46234
63453
74774
63144
69047
73468
73690
71546
47466
70381
64359
68141
53185
68118
55263
56941
67723
59550
75293
76217
76567
65825
46231
60858
76607
52648
54409
47316
71589
46296
55888
46332
48445
77673
64787
71881
74764
57818
55721
77517
51503
65123
72887
59173
47646
66348
71705
75599
62770
75964
51076
52284
78693
70836
67689
70310
65370
74941
67868
55716
48541
58815
78645
62332
68139
68436
70967
63672
69429
64380
69487
53628
47393
49810
51231
59670
60370
66430
76508
49111
73001
47149
63285
53025
63691
54846
74389
62402
61733
76798
69995
53888
57774
67991
60295
60149
75372
68228
69575
52382
52410
70472
60148
74286
49480
55136
46567
67368
73571
64374
57072
56236
66935
75735
74360
68241
70354
73511
71396
62901
62122
77140
77757
64657
71778
66248
64526
53521
69897
53219
74766
69282
69156
46248
59903
51084
69037
55478
78422
64642
50011
49018
55068
78455
75556
76964
51860
72372
52481
77015
52510
65832
59889
71333
47707
62719
76352
71610
78226
57206
48393
74327
73043
64749
47354
52995
56922
60477
48727
67197
73141
51277
64065
67572
68138
65504
61241
73594
66771
57265
75488
73911
65803
66242
78080
63962
72590
72945
70608
62165
77019
54220
70004
60618
56029
72102
59076
46528
60875
48875
59214
50331
60493
77232
72350
61771
49888
66446
48829
64835
64123
64945
54263
65581
49779
60204
71137
68828
53660
72079
66971
74370
58033
61372
59731
48675
53237
76534
58634
73801
70171
62011
69787
72442
75363
78804
77561
64487
73735
65834
60088
59110
59605
56539
48079
79010
62749
77581
55964
76177
61133
54275
58408
71975
72667
63726
70573
51530
66531
47877
46421
76293
71954
48343
46661
46464
59458
75232
62938
68656
70758
49243
48178
74059
74025
76120
63983
68479
53458
50958
46391
52707
72043
63858
51199
77102
62754
47369
54154
58663
70127
71674
68908
53852
74871
55655
51284
58391
57905
70397
57802
60046
59079
68810
61492
71002
67775
54095
56799
46634
57690
77783
53180
72633
68540
64263
64937
71933
57166
64949
57330
68770
76129
54270
54808
64694
76308
67218
76497
72358
55415
52819
72015
50025
78320
46623
47045
53243
71902
69353
60200
51725
67197
59919
51251
55547
70666
69095
66989
64254
73511
71835
58350
56995
68992
50488
77216
61563
62383
67329
46531
61716
74589
61193
63219
75561
58538
69633
47086
66070
57039
54350
55633
49294
62466
64095
77986
61328
70811
76605
70803
54679
52596
57187
65157
73234
71061
67025
58700
55571
73489
74076
79154
74571
77611
53320
67902
68150
49597
61976
68022
65683
64475
57253
70626
63255
78259
59758
69395
60770
66487
69679
70372
69426
55039
76725
49856
78295
77032
62448
66212
50663
73218
73802
59686
69938
64553
69943
70327
50424
57329
47117
47653
50266
75080
78103
47716
77583
72534
50148
56717
66648
60328
48613
72999
62006
64654
56120
47014
74970
53953
78270
48945
76381
46665
53875
66984
48817
73374
70911
68070
70616
76302
49544
51779
59987
74846
68811
73821
69086
57524
72299
68121
68186
60085
63880
66532
77067
53994
53140
55359
75267
72296
75106
67706
56798
65968
68224
78527
54192
48852
66247
72019
71484
57051
62000
77593
78695
54887
64234
52568
72940
66965
65961
63165
63824
78629
52288
52132
53785
49883
61042
70547
67643
76580
63749
65543
72659
60925
73497
68724
72727
71953
50616
73607
54157
69921
78254
53678
66684
76969
51099
64730
51617
57793
70214
63876
61218
68417
66356
77038
55240
67880
74106
52395
49768
49215
72399
64353
66466
48377
60133
74446
67534
64926
68858
77577
78132
75688
60330
69386
59003
76910
66311
73325
58725
73983
59627
56435
77241
52561
77709
70730
71808
46747
54867
55950
61299
76031
48359
66575
71861
66668
52365
63957
76478
53443
52148
69217
64663
56632
69578
47158
67149
61180
65877
54680
75168
49945
75328
56724
72443
59293
75378
74304
53929
77818
65190
67652
52805
51373
54646
55193
49778
77342
75448
67985
48333
68295
47374
47128
58912
49305
70073
70201
79065
74139
55982
63972
74682
72661
61164
77550
49361
56428
65804
76633
75947
77326
69658
70870
49605
71312
73379
59272
52291
63446
57359
48651
72164
47092
53297
55989
66102
78994
59677
54811
59142
66965
60218
71383
56603
54012
60312
63113
52516
49671
72835
47132
73966
48543
66648
78667
53466
73202
71319
55651
58767
62302
58170
63306
49644
63632
53317
55488
51520
61421
70047
78053
79294
61488
54048
60411
78635
58453
51435
52846
70106
49847
72190
66833
75226
49013
55559
68267
75374
65049
65401
67250
74173
67196
73440
67926
55499
65764
48242
51394
71592
64880
68326
50078
56808
51894
63113
60632
60242
73642
46990
50340
66781
72898
56997
66241
67032
59479
69584
79358
69992
59983
57202
64766
63543
60153
66985
48184
75371
71992
56286
62785
77269
48100
55451
74574
49259
70253
64924
49397
77561
75969
60456
56115
49171
74352
70562
54707
62286
49422
77403
50253
66736
76250
65706
64974
50276
77468
69183
52215
71346
73172
47540
56520
77871
56848
66149
55550
57905
55454
54402
50138
68486
63331
73570
67620
65894
47627
75290
54896
66725
75363
48719
47264
71469
71682
61768
65194
50604
78639
78663
59547
47498
65279
75034
78300
75550
60094
70637
57780
60449
49808
76642
66831
62051
55128
69092
79230
76476
56793
51000
70014
78918
51484
52564
68093
66505
74769
66421
76058
73591
77432
62316
79405
49882
49410
78136
56071
65290
48308
72922
77435
76579
67981
63077
51229
47350
59496
63573
49481
49663
72740
60449
51047
57496
77313
60692
74606
76139
53581
52568
55975
55597
76353
53588
52404
68234
64550
79160
62160
67675
66235
78037
74840
69663
64219
60851
66699
71849
73307
74589
64910
61718
71474
52736
60594
52226
77276
78644
58362
68348
79616
76058
74968
56886
66640
54183
47160
68737
56496
52287
51135
63353
49051
59270
72789
77821
63427
68979
58849
77539
49400
55206
77907
67049
66891
59899
76264
72942
62835
47455
73385
53090
65648
79074
52534
65019
61038
66830
63681
59561
74475
54647
56413
58573
51740
56468
58233
50086
62861
71117
52135
64779
60425
57813
70563
62048
78009
65850
56208
56771
66959
73019
72324
49542
60646
53977
52551
60386
61026
62513
66136
58089
74526
62472
59185
52413
52486
77736
47820
75776
64897
68331
51558
59531
69460
70293
54659
52323
63427
71910
70194
64744
78584
65648
70290
53328
53161
76071
53909
48980
56822
78775
48388
58153
50576
69402
53956
69554
50976
66665
55127
56820
77031
79090
75429
47818
61089
48780
71677
52698
52400
64039
70231
52423
75382
67751
79324
69289
69635
74227
48808
62394
60144
55880
66766
62801
67210
53716
48540
61973
68404
66176
57889
68202
79110
73741
57069
74032
74170
48738
61720
54445
79305
78372
54406
66503
56529
57224
75624
78711
76090
60261
75526
59514
71449
66190
76221
51530
63060
76638
64067
72780
49160
54676
63539
63051
56103
72801
74181
77093
70758
61120
60124
58052
52566
70150
66887
48208
75472
78522
65088
72099
76439
63398
54585
57598
79929
52014
61401
78586
47414
52961
69441
72385
57444
77134
76435
69245
63634
48665
53941
54289
67180
77902
66386
73224
49567
77556
66850
62666
76093
78822
50540
49174
79714
64734
50889
66732
63512
54995
69418
76362
67448
78725
79644
56794
47890
48470
65099
58346
64143
56667
67909
61276
68501
59315
76929
53343
54507
57879
59552
69534
56542
71859
64498
51639
67299
62772
77116
57070
54397
52259
78777
52003
77153
70769
57438
47617
62169
48467
60514
76665
57958
71248
69886
48238
68521
64919
52338
59314
56707
51351
63560
54066
69244
72394
70876
64877
58465
73425
60956
57131
73521
54726
64909
54635
68411
61646
77199
59293
65152
59629
57825
48657
50526
51487
59751
56496
49776
56996
48427
62954
50608
50075
77987
59887
57054
63442
63282
50722
77606
64477
74480
55498
65021
74341
65710
77067
70988
68547
62773
66326
75984
65485
49103
71836
52416
72176
50697
54664
49073
64384
52406
78061
68536
63563
49719
57917
49870
61812
65018
78525
55928
53887
72001
66357
60071
58536
50469
55788
54236
60537
49626
68819
69777
50587
56116
56321
79317
61677
69226
69727
59190
51411
48411
62117
49635
53201
70030
77445
66322
52568
63550
63013
60832
77023
53910
63955
78583
54070
50937
67573
58165
56855
53765
59710
75915
66047
64793
52520
53730
64059
56852
55966
61637
48966
50272
80120
69243
63314
79664
75053
48243
54565
76037
59204
66534
55590
66679
48140
63671
75960
63026
67341
62366
61382
71743
57534
79749
65695
57989
54521
67122
75269
66703
58795
59431
56192
68751
75216
76742
57337
65443
65695
57273
54915
51032
65793
52369
59772
71789
77128
78253
74709
79577
51998
51550
62638
47886
73659
55368
69926
48256
65628
52236
75889
66913
50928
77092
73259
78767
65300
59406
48875
60273
57153
78252
74524
65086
57924
68331
78856
76798
70895
75683
67382
57589
60431
48318
66550
70909
79518
63901
67386
77842
65593
78007
63911
71700
63444
62339
68588
52169
77484
75161
68947
77602
50045
51988
69781
60607
52725
71226
54003
69812
73321
63583
72066
49294
75208
47622
63687
78993
72141
56906
47747
54852
76152
54652
54736
75824
54718
49934
77165
56036
49792
55983
67671
78652
70586
71864
63641
75235
76541
55751
74852
52247
55583
71081
75106
71084
55345
49534
62024
56404
74161
72983
67243
48157
62721
61347
48404
54587
74264
63371
69462
56072
60536
70042
78111
70729
72287
56161
80078
78003
66626
54490
51844
71598
79991
50507
63870
70744
67378
59245
54178
66253
68274
73934
52055
58022
65468
51316
62362
62143
66121
49347
49743
47678
66172
59553
52436
74448
67030
75735
78556
67638
67757
72378
76667
57601
70618
73996
59517
58521
55987
54301
50172
53892
62777
75829
60466
48869
68242
48438
65931
67651
65465
74366
56062
55948
65140
70155
58526
58202
59526
59106
52332
72564
68390
53937
61808
51608
75441
71347
51464
74360
73372
50132
77439
76290
58796
50710
53473
80356
64105
48947
78606
53584
67536
62596
61966
70140
65096
54305
50596
69230
80087
54602
61222
52598
66198
79877
68235
75516
69730
59401
62918
56827
49877
67291
49747
72654
50292
57655
58639
77995
55338
54193
71756
48493
60406
58012
74789
76438
50144
67883
65807
69780
53553
66518
67761
62787
68067
72191
76022
66228
54359
76502
52576
72493
56134
65914
62111
61040
56826
78945
71778
62528
53438
70649
66925
61474
57747
60559
70123
57953
79140
73585
60422
68180
61436
55119
68278
56803
57335
56295
49878
72264
55798
51426
78461
53779
73687
76792
63115
72817
58021
52827
56962
51629
79115
77139
70296
49399
66063
58917
57354
60261
56317
71994
73650
53303
79776
67709
60124
50783
59320
62725
70230
57153
60585
65524
68550
61111
60529
70303
51520
54360
59100
70127
77592
59898
63995
57607
72693
47989
51922
63270
79655
60330
58961
68815
63803
60100
77446
74792
74444
57790
75792
61601
71068
63270
48087
57813
50147
53536
49402
54709
76262
63661
58121
79331
67020
66093
79989
66652
49581
73507
73028
72538
50157
64825
75273
74873
72136
71300
48916
68376
77869
55048
52198
60930
69328
47999
56040
54350
51579
52566
49500
76163
72612
73721
78739
50432
57925
78672
77152
65691
59368
57225
48846
74377
79617
77337
69902
73342
59009
50173
79795
61972
70824
49478
74274
73841
66587
80340
49475
69924
69430
76642
79229
54865
58787
70851
71906
73230
51244
70250
80294
54028
79565
74800
55510
77946
50446
65618
49478
52518
67728
71609
51916
57830
54757
77695
73131
53046
49060
78766
51794
75298
68541
75595
67911
79975
70411
54675
79710
62421
48936
75908
57902
68855
72325
51359
63685
48374
75450
59885
62619
71355
60698
59968
69317
79700
64907
74939
54635
54681
53141
73364
79228
62735
80312
61721
52384
49164
62211
70897
71535
52508
53986
62117
53216
54180
49976
56415
69636
70597
71853
54513
68852
62851
50506
51224
65032
74535
72003
71682
66633
74465
67091
74767
75305
78770
71630
77013
78706
61833
71859
80230
75133
66733
70401
57813
53156
57434
75021
74486
62457
54447
56208
73574
69689
63432
67141
61899
63227
76327
80564
62557
67885
80472
63816
74150
74689
60372
75944
62085
71076
58663
56132
56697
78320
51534
70446
56092
53858
65635
63532
70638
56846
62332
78859
72532
75857
49104
59702
56289
48136
75035
63367
71891
59135
78660
66396
76001
72109
64317
62190
52788
61214
50988
54750
53171
61744
73160
60177
79747
60674
70917
80062
56014
60330
79859
60101
69316
74534
66531
60227
77536
62357
49357
59747
55405
50344
80110
49783
65352
55123
70581
65863
49127
57288
55264
59304
70298
64421
55523
79441
50193
55404
70537
75499
55071
73269
48605
52327
78781
62111
69195
52628
51026
75788
65027
77297
64050
60686
68254
71872
73316
69660
80644
57947
80808
76682
60301
78795
56504
52664
75110
70807
49615
61833
66871
50906
72808
56086
62722
76184
79944
76964
48463
70994
79294
51156
78214
59096
80170
53018
64412
76895
78780
56176
51953
75987
76158
80460
60025
74095
71829
51151
66075
76170
58820
80191
67414
57524
62001
60343
74026
55041
48748
68381
66358
68517
48813
75093
66590
80321
50269
64948
62255
59261
73944
79032
61766
60247
58738
71670
53485
56251
58552
77395
49608
72915
55544
54391
52016
65696
54275
64895
55837
77130
56369
60402
58953
48564
55974
63223
62098
53332
48852
77765
60576
63554
64321
64346
77769
50318
49034
62576
77617
53719
70569
76205
68406
72217
79987
68634
71179
63175
61796
74198
68514
67866
72607
53516
65744
64680
79409
55074
52652
55352
49046
49203
63288
53461
68734
62144
56387
54049
64465
74658
76173
79596
76784
50755
55597
53509
70974
52494
49456
55120
77279
52772
62851
51993
64191
57425
65811
56744
78294
50238
80434
66326
53675
77288
79421
75615
53783
49744
73851
80311
53836
73077
63561
66082
59413
62591
64116
62783
62560
75837
80359
64100
73977
56273
76678
55280
60312
58282
76121
80349
57886
73907
78061
67221
62492
72650
57591
62983
64917
62836
64059
73465
61189
64975
59308
61088
79521
67784
70101
48750
52961
53901
65911
64555
71228
67654
71028
71751
54322
51456
53227
77423
69520
78569
65189
72798
72176
53443
49840
64246
62591
64403
80713
77199
61955
66713
55296
64399
80412
80773
71190
59450
70089
74984
77098
48332
68911
62697
61204
63685
69270
74297
57106
72837
79541
75081
50210
66072
76335
79802
80558
79955
53341
75797
67950
70688
61262
71100
48523
60438
51468
76064
53760
78413
73249
72757
58950
57456
80218
75555
51248
59923
59595
75071
54548
76103
67603
67129
63019
63852
65506
57238
80954
62535
57016
78433
56946
66901
61167
80158
73877
51038
60923
53760
58459
57420
51441
55644
59924
53054
66118
67676
66702
57561
74969
76792
50233
48606
59444
51234
56713
51202
59919
64321
52892
80122
74006
79329
67613
79829
60653
72361
73064
55438
59248
72333
49135
80354
56127
74053
68060
79199
66426
58877
56312
54718
63689
78926
53963
67442
61344
49517
71429
79745
76737
57762
68892
54419
52482
78332
75831
58952
55632
68164
58443
77519
75764
52015
76675
68277
70165
56535
76518
66298
68734
61804
55860
50538
69282
57383
80656
63274
60125
76928
70500
71058
64509
69025
75522
55610
52225
68122
78983
53080
71713
64470
80261
73033
54798
69710
49633
74349
73338
71932
50809
60472
73947
49171
57098
77958
66668
62829
52050
49711
55925
75717
71537
78812
67021
73254
57237
72985
80797
66979
63190
79275
65894
67401
62815
80675
52294
64082
61903
54451
75127
67227
59871
59713
63512
52057
73284
72634
60464
56839
58839
57769
62192
79267
80883
59400
59448
54809
69150
80469
60765
53248
68844
57321
57642
59524
66593
58246
71972
64931
65046
63791
49170
64157
79454
79420
64957
61605
73640
69549
52213
75741
65767
70335
72916
81025
60849
68541
79431
72802
73189
69401
59081
63639
59537
71867
63346
65391
58899
79257
65329
62122
64894
60296
64342
60904
57663
54097
53587
61793
48896
71944
73155
66775
75468
54937
62635
67273
60788
64676
63232
64490
69170
81291
57706
62161
53133
77513
63560
53234
77692
70789
62708
71117
56014
68454
55368
64869
78793
66730
50785
62196
76818
51314
53154
51933
62925
62048
51964
49890
53252
72804
75117
74647
62029
76755
51911
71190
56231
62650
68531
66037
67750
75633
74997
67445
54480
81011
52210
59900
68422
53868
58479
65222
60071
78484
50075
62423
73777
61244
74832
66356
65065
53414
77974
58962
61821
66586
50281
73167
64169
49462
52668
57696
77271
55686
60861
52235
65098
58965
48987
71830
55548
67778
59141
66111
53894
61462
53173
73133
60481
72276
80174
81447
79019
66322
64386
80644
50956
78984
74710
76130
61017
61159
52841
56859
61272
55788
57811
52213
81413
62644
69515
70169
74293
79826
81324
52935
69497
73119
81401
68167
78917
66769
63006
52771
66641
74063
56633
81043
49728
61252
62104
80953
52352
56434
70084
68622
78193
72650
51135
54173
52937
55097
69003
66415
65591
78788
68587
72134
74054
56279
52334
73614
59013
66522
64424
61840
53733
72966
73923
76265
50786
76407
60983
81338
65253
60546
69589
74530
60521
54856
72202
70505
48989
65931
65122
81278
73802
70849
76107
64676
56246
53095
77084
59240
66888
77976
73301
51926
54829
60382
66856
58860
51897
73800
67641
63823
50002
67005
79011
65341
76938
66703
67387
73667
62091
60243
72472
79152
50104
79601
74067
62665
59025
73975
67083
69566
75479
59443
59052
57437
73201
67456
81265
63366
55951
52960
58920
73311
76685
70347
57398
73800
70170
58823
61914
61714
73497
69689
69814
66411
49095
80507
78731
58269
81311
64814
61764
60025
62843
52178
69942
72845
68091
60820
61606
67998
70954
63590
57739
49234
73055
66133
59030
76332
53602
64791
61552
58301
53200
61412
65603
58649
64961
66440
54139
69257
77991
70837
64718
60799
77690
49309
69241
52687
53010
73664
80333
60187
77268
74499
67563
54927
53904
50947
69580
58575
78506
70056
52612
79918
58232
69117
65223
80673
64236
80447
75948
73459
58227
72756
76465
78522
75548
61373
66303
75401
62973
74671
75760
69351
60371
71903
72399
81024
55528
55164
71647
80923
70202
77474
67486
70348
68825
61995
70986
68203
51345
51913
69285
74308
52681
52306
61686
63504
49835
50778
51024
81189
56197
66311
81430
68585
76399
59425
69567
78220
70191
77417
77527
49143
57433
74540
53574
64511
53947
75799
49365
64479
68599
58701
70894
68069
80754
57783
80291
73579
64621
62875
59379
68617
77938
52081
62280
72969
55538
58098
69699
55579
78892
51825
63676
74826
74064
66158
69893
57391
69605
49001
62063
56421
65128
65012
65296
76605
52278
72972
58051
77490
58028
62121
75119
61855
63884
69268
78477
74031
64162
73593
63972
80533
51368
77373
69015
49406
60776
74641
57698
69572
62240
52168
69409
72933
60714
52453
50322
49075
62428
49913
81499
53197
71598
63148
62543
77901
69530
57881
56045
72515
75465
63455
56873
49507
77163
57460
63856
70138
61671
74173
69862
81703
65332
58588
61426
53831
80262
52810
69884
58545
64046
72741
70261
53412
53691
65227
64792
61053
73574
57255
81776
78381
67757
68171
66203
81131
70717
60351
80973
79654
60437
56345
74264
67262
68329
75342
57834
79219
55492
49736
50135
72606
64242
62777
71960
74527
56093
52270
72788
79510
76214
74983
75551
78038
57239
80102
57537
57494
66278
57030
51768
62570
78652
62926
52096
58098
49414
77766
75281
74577
54316
77065
61610
51681
58865
73436
65613
56614
70171
58366
57994
63232
66387
54145
52481
67108
65230
76247
75299
50124
54061
52272
68408
78254
77474
54788
63398
78891
73813
74987
61808
72906
51462
54965
57085
80100
65267
60855
59931
80033
59644
69475
70723
66083
54533
69916
57375
50432
52636
51016
78921
57846
78555
51878
56150
64218
55952
75745
50451
81618
64412
77158
60686
50884
59545
52083
68184
71182
56768
80497
60554
70520
58889
56196
76294
69222
72595
67424
66431
74835
51015
81758
73916
72314
74681
62671
68248
65494
51022
55952
67150
76621
63908
62687
79347
59945
63534
56172
74308
62151
60959
57779
70050
61331
74634
72074
53339
79412
75719
58358
52779
65283
64280
66627
79107
78018
64396
59732
56584
70795
71972
74039
49631
67078
70965
76540
56616
62431
53517
72392
68168
50295
61401
50213
55148
62170
53191
56988
59339
63474
73319
55430
52011
54266
68695
52255
61094
52276
58399
51932
68270
78047
67674
62207
78415
81764
72983
66408
59316
62672
57470
57774
55789
58502
63159
50798
77807
59190
77063
66531
66780
79369
63548
72375
63877
50718
78412
69913
65326
63546
56121
81936
81809
61627
57655
68367
50725
76750
78865
79305
52895
74210
75721
52294
56505
69725
60031
53559
65843
80525
70035
75399
61464
79585
66062
58418
52291
72793
79934
69978
52257
74811
78497
62360
72633
70664
66565
59536
73705
66478
53484
64968
65266
54271
80949
80570
70199
59746
67321
53543
75073
65224
59316
75695
75271
74978
56485
62111
76396
49554
64887
53002
61194
74655
69664
70683
78638
65196
58634
52905
71203
58219
81520
72460
55732
67598
50956
53551
77292
62718
56303
79591
59936
59856
77232
76931
55088
69237
64712
67493
61193
50352
62781
69712
79214
77261
60798
54337
69113
80017
68750
50307
78684
52077
72549
53566
78829
57078
66964
63440
71522
72858
52519
63262
70104
54667
62927
73260
59419
58880
76609
59628
59681
55453
75481
57172
73943
56879
71811
60083
75809
60829
71387
70981
79387
73756
55955
59397
54950
73121
51477
56002
59936
77212
70250
68213
53874
81891
58971
76242
61776
66028
66774
57373
56252
54336
77203
68159
59084
78892
78582
70169
61870
60858
78904
53272
69865
76256
49858
76554
65253
77046
63193
59952
62894
55661
79744
60820
54773
51903
80282
82076
81752
72866
64080
80608
64995
78465
80050
74553
61654
70444
78497
67866
52904
77007
76012
51236
59981
70945
61113
59892
56757
72157
67623
55872
81301
79222
72753
74018
80489
80903
81366
71603
53946
54408
53366
51932
64156
70216
68480
65641
56444
49815
57674
70239
71448
49859
52544
70800
72911
62023
52545
63596
71707
70974
68166
74522
63836
80670
62533
76232
70103
64930
54613
75839
57342
76808
73746
58810
61682
79485
64835
80888
64326
60886
56506
62608
71430
60288
68988
69765
79607
79290
74018
77338
50977
62465
73343
65767
70795
51148
51075
69677
57926
73082
63071
77671
53164
67977
54762
58657
62442
67080
63812
78861
53948
74831
71353
64084
69240
67309
59880
56106
64334
79842
65828
59045
63438
77583
64026
62415
77482
72938
61876
57594
75198
52598
76606
77395
81485
79731
78536
75450
68238
68561
65227
68305
72807
55659
54543
62035
78200
71922
63179
55208
57435
79143
55311
65974
76586
58190
58975
81913
72514
57311
74400
77014
51783
58238
70201
59948
64617
58413
52082
68653
77797
63169
74015
75372
50638
58514
78211
77622
75789
51575
56431
77094
69799
52722
58538
58100
54846
53671
82069
60814
57819
72211
56847
67690
78314
55674
56727
60442
69254
74273
67760
64289
54007
72126
67466
78085
61561
65837
72158
67493
69183
58468
55066
50893
60088
67241
80318
61960
57873
57091
64006
51381
81403
80110
64457
68701
78510
52562
54177
65860
77102
59318
75596
56638
54989
60337
60754
71876
61937
52898
53224
54855
62487
55713
79637
54212
65816
51126
81427
72345
76715
70728
71672
57751
73516
69080
75670
54616
71324
65775
52895
80595
50408
69460
79885
73773
70254
67459
74176
69587
54205
53339
59753
63941
56732
81175
57512
50997
72271
56703
76913
52304
66581
73311
78772
68700
76021
52793
57661
66563
72634
55863
81113
60910
63037
55139
73658
79254
53474
76826
67612
68695
54117
60862
53289
54471
49879
50860
52250
55365
78051
63598
70560
64213
77910
52785
64130
57643
78559
70521
64647
81157
62482
58131
73878
78782
71091
57932
71452
70432
53554
80992
71598
51323
57970
62005
82416
52723
69582
53833
66997
66078
62302
77033
54887
73167
59766
71845
77226
80940
51312
56064
74044
76039
50604
51564
69663
59755
76756
79477
76539
78452
50789
81724
56254
82532
75371
68903
53381
53236
74892
57303
77247
66536
50247
62298
76687
78054
56446
71330
74355
81288
76082
67126
52004
62640
76431
57128
79293
77852
62760
81479
80926
69946
55171
57237
62355
80957
63704
53756
57777
51568
54550
70460
63617
57546
80423
75816
73185
78787
76405
66834
82470
51559
51373
55940
51718
53417
78019
72241
53174
60665
57910
51242
65359
78105
73621
60501
70262
80940
59202
79900
77628
77072
59766
78946
77379
57325
73605
68539
68643
76302
59491
50396
68107
67568
52839
65872
82348
61849
55888
70765
77906
51499
71558
67207
64852
71609
77218
55395
65455
68697
78639
72430
50926
61819
73138
77615
76621
68729
62185
82555
76061
72559
73553
56040
68458
58700
71146
67588
76252
69673
73022
68550
81371
78298
60832
69572
70390
52931
66738
80551
71302
80621
53802
80348
68238
69978
74197
70541
57318
79253
59100
54480
64409
70540
52294
61470
60299
70050
77502
57350
52831
59649
58262
57890
62103
55341
61709
56907
61693
58335
72653
52745
50754
72208
60856
79949
77798
68436
72164
71011
53335
61033
57828
77602
56925
74256
57418
53606
58293
65819
56425
57024
52989
81096
68448
73067
56528
78157
57940
53378
72753
59572
56828
61809
70189
81897
58211
73130
82108
57874
73193
68761
70889
69150
65163
74201
65586
55969
82021
61352
82226
60383
71285
81304
73597
53286
59042
59272
73420
63074
79357
75987
60762
62187
76358
75719
70029
67233
50354
54617
72409
72763
80363
62742
55778
77788
68441
57693
58336
54503
50592
57292
58696
52757
67690
72184
67497
60357
80742
69217
61139
74899
70801
69029
69951
72747
54196
71667
61355
68704
55085
77507
61445
50296
60915
61124
57226
78538
68309
67094
57391
76940
81154
55994
50496
59366
70094
62791
74567
56394
82867
66526
71471
64776
55958
67935
67753
66077
74060
68829
60367
78668
70749
56656
50695
59761
77320
81290
64043
80401
78727
68717
73703
65845
59284
81242
60002
81273
50731
79084
57888
62048
77202
56807
63015
66794
71831
68203
75872
50793
52761
62830
55617
74128
76233
63593
63145
73165
57906
51536
70155
77017
61431
54472
74191
63117
64092
67733
61941
71415
60680
74321
67580
66221
72458
54884
65026
66913
70425
58160
71980
69302
67872
58508
73544
82258
63738
64372
77745
63540
59001
73214
74611
79432
57006
74640
80048
78905
73316
57681
68931
65671
66030
60125
76962
58841
74275
52029
79113
68500
82598
51734
55253
66732
62827
69920
80174
82107
71542
50650
62184
70480
68326
60285
81579
50569
53811
74030
68434
58852
61620
69751
65938
51794
78948
73720
80860
63629
52453
81498
79236
59564
54213
55685
79138
54773
76289
54803
79417
70130
52935
72452
71190
69063
70528
66995
67579
69058
53518
55816
70781
80692
66130
66288
75819
67711
59378
79626
62832
72561
72025
54692
77243
78288
75519
69605
54748
78902
78314
78411
80306
60191
72821
74329
82691
68161
79952
58505
79787
67100
71112
81544
74489
59345
55368
51618
61014
70455
78880
67963
60711
78636
63878
56065
57333
81961
53466
53150
78539
54554
68655
51378
64224
50796
78342
59200
63350
77671
75100
74728
72194
59838
69352
74517
55693
74596
60318
72055
54618
67234
58487
54452
68297
75879
54132
80986
74363
78047
72161
57113
71863
62022
76759
57391
50445
57855
62724
55587
66873
75744
64174
66486
69450
79825
57078
81943
77571
76181
76122
52054
62081
82663
63614
80411
68126
59337
65836
68504
57238
58649
65177
59580
75880
51557
63466
58281
63359
81920
65270
52073
70162
74325
52302
59356
68553
78716
56443
78325
60961
80395
62086
56358
61201
60463
74686
81689
64238
57851
53429
65185
71052
66047
77708
64240
54950
72733
52080
57866
66943
75416
73061
62842
71626
53614
74306
55363
71623
58344
70141
63769
79280
71791
72745
60625
67667
60065
52669
52503
82176
68516
66583
61279
54949
61626
69953
67614
60472
77846
62834
69177
63061
73711
53720
62141
58409
60370
63636
65746
53134
70716
81415
63978
63607
68712
61260
82494
69519
60006
70149
78203
70685
56685
53595
56248
51499
56946
80960
59052
67047
52985
80119
81694
58697
64044
53719
82588
71926
76842
81740
78192
58213
54177
54046
64720
64832
57759
76022
50517
59917
56229
81950
73135
65549
54270
57992
58774
75620
80974
64786
53507
70779
50798
52488
61345
65955
51063
67306
51326
76795
53533
55920
56839
71571
62783
63436
77363
57041
59323
64047
66302
69908
62087
56206
75545
58520
61438
54694
53984
81818
81783
54334
58764
56508
59420
56492
81578
69290
56826
69274
52172
59134
73044
74250
73342
83041
69693
67224
73339
68595
62054
67583
76833
70126
75572
72671
50979
62854
79381
81086
68990
62483
57621
63052
75438
63345
68012
67307
61217
58279
55258
80494
63468
59336
55158
57889
77501
54807
65476
69130
82448
51054
55621
60271
71078
69089
79315
60569
56115
80542
77549
73175
74584
80663
56911
52165
64208
53604
66757
57037
59374
60386
70466
69615
56391
73761
51756
55998
61100
52477
58107
53419
61787
75786
63490
78214
79989
80438
73356
60738
74931
69545
59179
62201
50773
73456
79949
61743
76892
76635
79632
60251
78841
75427
78424
51364
60485
54736
82974
81896
57906
81242
72971
83202
59586
71823
77381
56141
78199
57396
75145
61796
51466
74863
61306
76332
52320
81381
78904
79637
59833
72223
66101
75676
66091
75570
72516
53781
65359
74399
71667
80295
78138
53112
54555
71064
51374
55236
57269
56778
82322
56613
53999
65670
53664
64696
56448
75129
77662
51773
56120
74236
83279
67192
52187
66201
75114
70870
63535
52682
53451
62548
72788
58371
75689
81821
63060
73971
71048
63602
62459
74248
52655
74319
62185
54833
76765
61516
50917
80615
68920
68161
64116
60014
79238
77101
64938
57176
70815
76505
79681
69964
65570
68792
76776
52997
79208
56850
77789
63901
79798
57697
54974
66828
57015
79100
71069
57836
76073
76530
52050
78975
75734
55353
74517
64754
70854
73480
66892
70883
60083
80001
68257
75298
69821
65939
75096
65204
61023
69407
62687
58910
64418
52569
63399
55264
74128
77426
69427
51007
65260
76916
68207
53319
58656
74349
76354
64017
74103
82127
54374
60994
59020
74007
59512
51668
59907
81069
60235
60185
68214
51979
64642
57596
70066
52002
51806
57227
59172
80889
63444
56754
50830
51352
76003
81993
52990
60196
76068
79442
65025
52043
57507
76411
60180
56291
68333
60907
55131
64461
58474
65594
58774
73248
82413
71873
69200
81283
83594
54549
74841
73435
76712
78030
64887
75559
53078
76429
70489
51367
64739
80445
78028
52036
74664
64664
65330
62508
61481
79853
67631
53437
64349
73249
65445
75940
66633
61429
59875
56134
59348
58758
61977
76895
51926
65562
66831
82920
76402
76057
66583
58687
83622
82522
74817
74114
72480
68512
52685
67899
55891
65893
69606
74051
73419
71894
64653
73440
83645
64798
65747
77617
77283
78311
68939
52684
80262
81694
74431
61093
60125
51703
71458
65330
60309
81714
75462
66252
51377
62108
75215
52825
53140
55256
58856
75560
82268
79967
74804
51484
53362
68294
70535
71693
72799
53056
54999
65643
73698
71011
65517
52004
83263
69423
58976
59592
70873
54604
60100
63468
78339
82067
64031
68300
72212
64720
58780
61492
55737
80070
57988
66464
76944
71540
83561
51362
80626
83607
54181
54660
59920
56944
76291
53550
62017
61127
77755
67659
77722
56624
67236
56744
57536
63629
57765
72156
51194
58836
52844
56878
57994
51731
51043
81587
76350
54705
74208
51127
70978
70902
76957
62046
51256
76237
70247
52363
77450
53961
54554
55297
60671
58215
62668
58569
57997
70035
71497
60115
76655
81005
82880
75488
55927
69708
67259
65182
56484
76803
70228
61461
80631
76644
77478
69699
77443
80643
69251
56579
80580
71997
56421
58932
82481
75896
70566
70166
51476
63147
63987
65783
55962
56866
52478
54288
82982
74619
63603
56234
72427
79093
59438
61573
81850
61162
51883
64633
54552
67993
55229
63070
56212
70697
61315
54570
59480
73963
75160
81497
76285
67296
68747
62354
77732
56443
54671
82823
75330
69543
71795
66077
65595
81676
55252
52173
80691
80014
71057
71753
79904
82199
68479
57443
55716
67991
56414
56107
56475
62793
53516
71256
73456
70967
62969
60906
51380
64768
77019
75533
68465
54489
67235
78399
60347
52434
63919
55477
51465
54619
51265
55547
71619
82182
76592
79580
65948
78734
70877
82561
57378
66073
73833
72413
83347
59578
65829
77640
67571
80186
67146
66665
66139
59160
67307
82010
65684
70862
51751
82439
67813
67158
81827
83927
63528
72941
72760
59791
74787
81943
77544
59763
63510
55267
66071
73902
81809
81008
72951
68339
70536
81584
63813
79205
73129
77420
65843
70836
75245
65928
76197
67209
73326
65673
64671
66085
74104
72788
75774
80965
71138
53560
58471
82504
60831
80687
51326
53395
78480
81761
56408
59445
54684
61162
65842
59335
62467
67293
65891
76694
67311
78217
56463
63749
78157
60667
74782
80172
73690
80580
64492
83653
77697
64764
70466
54089
52708
74886
76294
75606
51257
70806
63022
82516
64599
57201
64890
73048
73744
82036
79715
70984
70338
63320
68431
81985
60713
59572
65286
78389
82807
75715
76137
62681
52647
52584
81250
79550
59918
82031
82199
62909
77363
54038
83299
75929
63968
55756
78214
76768
82041
73528
63259
62994
64653
55677
82507
55045
65963
66749
64065
83592
73847
83676
75229
67143
53500
82054
67757
72431
55108
61299
68633
57490
71206
67049
51421
81484
66656
56195
83133
81191
63462
56114
79987
67132
80761
70273
61933
68635
74362
83485
75445
58221
69377
77716
51889
69336
73258
84061
81676
82467
61103
83481
60788
57499
79292
76824
74630
80565
71166
71199
82566
52980
60670
73832
71508
70157
68269
69867
61083
66122
67391
75228
80204
68140
76605
77173
54603
63060
73174
51957
52840
66211
52599
68841
76688
82593
83611
80042
72772
59675
60643
61223
72267
78609
51817
69348
54180
63951
59730
63299
61631
77913
60322
69891
68333
53260
54612
81926
59156
63619
81067
74327
84135
83640
54467
82027
61653
75627
67179
70311
73217
75976
68407
65571
73587
69444
81616
80558
53581
78280
72335
72722
70848
57617
69450
59545
71807
56919
78190
72399
66932
75052
60238
72842
58291
68776
76219
69928
52140
66499
79573
70936
79780
60674
79648
71324
67942
56662
64731
76748
71733
82497
75149
68063
56070
78650
79328
65958
66284
62035
75698
75097
72148
57369
73322
64406
63858
59067
79240
58279
77435
73839
73089
69380
72725
81170
64201
78872
62348
60174
80689
56904
54342
83841
54643
65330
75769
72092
75531
75058
69403
56649
58441
64299
61850
57616
52901
62852
67534
64315
75090
53360
61356
72248
66582
82803
74300
78912
74840
69154
56653
55862
78971
82474
54631
61906
80234
61075
82945
56062
77428
69702
75252
66688
55131
60365
81456
78810
63655
78939
77997
66670
59968
74764
51621
57830
79932
59757
83201
66003
83446
69183
76305
73876
75616
80760
69503
66938
74906
65163
56198
70186
72643
62441
54367
57666
79119
64200
70908
79935
72985
54819
80377
53406
80251
57090
56016
80961
68509
76795
74572
59669
79306
53753
74048
67570
54921
74300
72312
56002
77354
68001
65264
77286
82591
62756
52036
65749
62861
57251
61288
74246
82083
60645
69017
82449
68651
79322
75155
82449
54238
76324
65541
82252
69117
76503
60994
77334
67741
82557
78393
56818
78147
73310
74407
61691
64176
77054
57227
66690
54526
67046
76507
63737
60396
65191
80245
53007
73591
69917
69720
57373
60074
63217
82452
62913
76982
73313
73855
66760
67653
56388
79530
69458
52492
65352
73491
62000
73631
75903
68124
74129
54154
68890
67772
71902
76701
66932
61301
66018
62599
68946
58758
55086
77223
72041
62561
67004
78878
58912
76639
53714
74793
74648
76723
66345
58542
74473
77981
72783
69908
59567
59360
74058
79192
84166
77429
78206
69725
61265
66945
63697
53380
64257
54149
80908
65149
68756
83412
66692
68189
61339
58955
77563
77552
82049
80188
57793
73552
78793
63403
77342
78518
58007
80317
57589
66193
82034
75117
83617
77525
73288
62849
58915
81046
57010
60604
63359
82645
81786
67926
72035
55706
56411
68777
68106
65347
52999
76589
59232
59419
69743
63654
80487
60462
65342
58524
53721
67420
77734
56076
77839
73645
59488
56669
69665
67044
61678
75669
83535
58455
70948
79309
65439
69629
66022
81379
74952
61385
57139
61806
58447
60982
52067
72695
75760
76068
72620
61798
63807
54242
67051
73914
72079
65420
71585
65277
53523
81303
73276
56951
80195
53418
58521
58915
67201
57263
59846
64863
70909
57131
62732
73703
81110
74954
76589
77316
78210
55615
67818
68865
61551
80970
59080
76767
66282
61210
59924
81994
71489
80086
67365
53195
79140
63863
63713
55614
69969
81624
53635
78471
83057
77840
67739
61057
59708
82687
76373
57143
58852
61479
68607
67671
58545
55485
76230
71139
81896
70400
70080
76586
58610
69834
65584
73207
62138
54373
69893
61960
71511
59295
76451
75969
61675
84257
67046
80162
62923
82940
63332
82935
75744
58757
56819
55374
71501
66915
55916
56366
63569
70630
79022
60806
53359
74395
70117
53092
65229
56093
57356
79719
74715
55341
72368
69495
76852
70917
52471
65459
66249
59114
62690
54443
77372
79105
76751
71120
56714
57955
79938
57385
75757
73331
60644
55623
66561
69488
63692
52858
80421
68422
68862
54341
54820
53930
64305
64016
56341
66149
78294
58909
83071
77552
80213
60861
66497
56898
71322
64964
73905
54246
79568
59194
73348
58192
84076
58451
81390
81009
75118
59809
55689
59017
78563
71561
57723
56637
55727
57332
80468
66537
64649
78918
66357
58167
69447
53140
67383
58609
78684
61714
56842
66067
64927
72394
65501
71461
84302
75924
53374
53959
80978
54082
58819
62094
57540
62491
68904
82446
63409
72843
54457
69688
59674
54808
72499
69351
62783
73368
60262
53429
68382
62625
75485
55571
59446
67650
82881
62105
58768
58352
74235
81818
71168
74179
80793
80124
72105
65763
78963
69446
84671
61245
68878
74235
75665
56186
64704
65831
73158
58161
79637
77111
72422
78171
73842
67853
67101
73992
79352
78420
67388
63569
76971
78865
81665
53134
68564
83835
54424
63689
83620
71437
64609
64370
71961
79833
56308
63571
76838
52511
61283
68039
83214
68126
54207
62503
66577
67114
72413
80518
63050
71423
68697
60318
65240
75093
63452
80649
56124
77749
64667
80565
83714
61322
59936
84114
66212
54395
73293
66701
82347
84472
66718
58050
82967
64275
72366
77293
73473
67730
73213
69154
63615
58690
83696
59327
80584
52366
79129
75422
66200
67407
61625
84367
52438
62182
75139
82437
75637
65161
64163
64527
59800
70362
76799
74378
79609
71614
84157
62358
53899
68716
80645
80198
66654
58820
64776
80540
71363
75491
73537
80052
77490
59380
66554
52287
66408
81736
62483
79667
80212
82090
61695
65217
58420
67308
59407
57736
62588
64454
76531
65032
70647
53729
53630
81241
79280
58670
59561
54812
56595
62844
70363
64435
57424
61258
64871
69037
76288
79577
53078
56196
81419
76166
62824
53387
67017
84311
61269
72738
75623
83668
66136
76332
60557
56600
62702
65475
64573
78887
79836
53290
60415
81282
73839
56834
60475
81657
71687
64705
70630
65473
58583
83553
69472
84934
61414
55637
79517
82242
76889
78529
52868
72847
66549
63722
63892
63034
60640
84460
72653
75608
68775
58027
79310
83997
68741
78347
64315
64682
66275
76900
75873
66599
71195
62256
56093
81426
81025
75015
62201
72150
81316
59854
81049
74912
55505
69419
60502
76142
79065
84283
76840
71529
64788
60296
82121
74356
53158
77365
68119
53765
57601
54140
58043
62003
63660
82267
74504
72465
76610
58249
84773
82491
62909
59823
71791
68270
73204
79317
68121
83677
64611
69402
71957
57601
70443
60585
75576
73136
71257
60648
59801
60593
84331
52467
53818
80911
54801
62536
81130
65900
65584
59588
58217
60824
56108
81614
56526
65122
58471
55762
76838
58030
75525
69873
74334
58568
52467
68598
71523
52984
82215
60556
81543
65111
83753
71599
72231
71648
76754
78689
53898
70602
62291
76958
62477
70422
75898
55697
55421
78692
78129
68616
81861
54538
85064
75814
56265
67431
72820
70487
54161
69493
58519
69513
65962
81054
55617
54938
61897
65489
76663
68108
57778
63700
78004
84736
84312
60892
85038
69218
77382
57691
64858
65889
83517
80409
79794
70178
77087
78214
59318
61621
78347
64591
84273
72776
65482
57647
62141
53402
74858
78344
80521
59315
80936
56114
55386
66515
82836
64786
59600
71080
54511
82927
79339
70339
54488
61954
59597
61517
53800
53196
67778
79350
72986
63149
60285
81199
55727
76209
64165
61593
69968
77997
62096
73661
67509
59787
65102
80637
55047
66530
54505
68554
71489
72394
80875
81176
70876
73966
70433
83983
55979
53986
52639
71940
70404
74679
64516
65703
66592
55245
84991
83326
76740
82409
74002
59794
81441
54919
76438
63592
68602
67954
72448
61746
70660
76177
58466
74055
82834
77572
73269
66257
76401
77680
63573
62405
75281
60566
57165
55577
83942
78123
79317
66097
64270
61411
83865
57498
77108
55504
55612
59386
65204
55530
63901
76359
81408
79855
63577
66616
78402
84077
75153
60921
63811
56860
81645
82979
64651
65138
77280
72939
82378
65394
64302
64922
72310
67781
72620
66621
63158
76555
64071
55709
57215
65907
58184
65393
56316
70025
79063
52947
83508
56656
63677
80625
53991
56209
84846
76805
53432
84594
78918
67207
58002
69706
54035
78496
80196
73396
67284
79843
69742
68579
61888
82232
62113
54837
65162
72984
67778
67082
84708
69120
63663
74198
72514
65311
71461
75893
80864
61778
61666
67007
62214
78931
61190
79197
59531
81966
72383
67547
75416
82676
82981
81405
71598
79538
69731
61015
75242
70564
78616
59672
57224
62119
55037
69159
83111
78829
63943
84337
74315
65012
81743
76161
73384
75961
65520
83025
55966
59689
71216
56927
85120
53464
77731
67588
79897
62965
75021
75009
59377
55166
73159
70235
68556
53680
66148
56938
57460
79554
66195
83756
66744
57298
78407
62175
73653
84512
66070
71374
80980
70778
71391
65643
65044
61687
83120
79006
70410
57064
78055
72029
67366
82188
57239
56701
56503
74755
77869
70343
69169
84229
68947
77391
56622
84180
54292
58113
70324
58095
79425
68221
70838
85257
72724
69669
62685
71353
84244
70259
56456
62835
84024
77457
64017
68791
58191
76323
54098
67208
76191
61287
74087
69664
84429
69505
72118
69346
82685
81680
84013
74128
78137
65797
57035
82366
80151
62389
73314
72071
54934
62509
81051
57726
70474
68549
60218
56039
59321
56312
58531
80424
84996
64626
74141
71034
80842
65387
72791
76772
78153
69684
83113
71786
56262
57359
67995
83330
70959
54596
72747
79047
56064
77937
53067
61169
52835
72738
80170
77829
65435
55969
63924
74697
67746
67088
84572
83579
80657
71348
80665
81346
58689
74644
82094
81381
62128
69955
63535
53051
60326
74490
82881
67555
71704
74217
74913
69044
84428
69327
63080
62583
70078
70089
61325
85076
58563
72807
68395
62603
62316
61957
81924
67173
80173
68185
75975
60521
67262
66120
65934
63954
68546
69374
73387
71233
74663
75581
82084
53680
59853
55029
59772
62631
55530
61718
71476
57522
63917
70562
67474
54546
58529
78342
59681
60339
72533
72106
73081
57950
64698
74951
61632
66608
55500
69497
60017
83787
59252
74517
72540
62155
75437
76732
68847
57596
58343
60464
79283
78282
62632
66535
71449
65912
57977
64350
59511
63381
69120
60080
62286
82476
68970
61031
66766
53564
84492
56978
71836
58983
74057
64536
73938
85230
68790
67659
69448
85469
71036
64192
66578
78979
71422
84319
83273
63269
70844
63158
58383
55284
75639
55954
78541
70203
83351
55505
61631
59357
60105
64114
85683
74495
58092
72942
78093
57346
80942
76747
54031
78772
74866
71790
77655
65991
79350
66609
53673
71554
63282
53429
62959
57014
70147
68218
71806
81140
67080
57772
56219
62205
55884
75072
58942
69754
70182
62528
73750
53229
59742
72035
61132
61160
72593
83169
55436
54909
80599
71813
77762
75765
55714
80388
76833
65988
68586
57229
70890
69821
66439
68257
57451
82307
84958
58661
60614
75328
59583
62646
79347
58521
56462
71740
77064
81889
55713
66498
70840
70540
74474
77445
67354
53735
57302
59210
67756
56071
59252
66293
85144
81919
83674
55640
69174
83543
67269
66633
74705
81849
62591
70903
77486
68076
61958
78718
68682
84743
69994
56504
60644
81374
65399
78422
78651
74433
65940
69936
65945
75878
68331
57818
71696
57635
77002
55160
59396
71776
58953
69843
65770
72781
71470
53164
80462
53200
72205
80464
81691
71874
84404
56172
56855
65114
62918
54307
82861
68585
68261
62558
65775
84936
61589
77155
66523
61071
58911
70314
58589
62088
55732
56555
77206
57188
67219
74620
64732
59948
55533
81882
76802
71034
56646
69510
55641
74216
81694
67602
64502
58057
72401
53627
58550
84759
75452
55993
53376
83629
63393
72853
61386
78774
58444
65211
67423
69734
85111
70416
69215
78056
83692
72517
60807
70039
64233
68781
82866
72048
75976
67147
54176
57543
75231
60720
65271
53306
53158
74500
62087
76772
80407
68322
59346
57043
73051
53353
73676
72379
83618
75023
64223
73707
69715
59321
53810
82305
75109
60041
63019
63962
70668
84727
63027
74573
62361
69668
71097
76057
74139
66410
70265
83099
55883
63288
73726
72389
77863
61469
80997
85451
75484
58402
82533
55071
62825
66653
56460
81312
78722
83139
81355
64527
63026
71230
82741
76738
73669
67328
58116
83868
59109
81174
68829
72508
55555
65344
57173
78453
56313
81920
54963
56574
62189
57073
55543
72299
84600
70746
82716
66140
53255
80643
56219
64757
55426
60487
85552
57230
72236
74347
70880
82347
64971
54574
62011
73262
68360
83105
57567
70859
62488
58937
72765
57277
66716
75811
75424
53687
63430
65239
61547
61470
63934
61680
66721
64885
55364
70971
57003
67609
75414
79630
85334
53550
55444
70875
67356
73689
71970
60676
54180
54447
57294
85233
61068
53614
68019
54881
67429
67819
63900
61181
66303
84812
66413
69171
57831
74359
75455
73025
61487
53963
56523
73104
74349
54285
64905
67908
82950
54949
65561
74257
55981
76042
72289
74320
58150
70011
66552
66642
84816
61424
57410
54260
85346
80976
70621
81523
69749
79076
67900
54402
78403
53516
75922
78490
73262
85040
67314
66450
54660
56570
69812
69999
68865
60610
78618
55421
82837
58186
84276
53407
79464
55980
86016
57571
54812
85904
75222
78169
74066
74146
55555
85798
67695
63556
84405
54996
81568
57215
74519
71916
72731
78144
61372
60615
62888
73409
85313
75169
68960
60997
66350
56815
65717
82184
65822
68850
55219
62838
67616
72333
72070
63899
66396
58708
68155
74203
54266
61157
62923
55267
70719
74363
76885
79327
71161
59840
70571
57837
73758
66531
61968
81362
77744
53995
54848
81645
81891
70475
82097
66153
56706
78262
61977
61878
67983
78644
66352
68409
77610
58230
76215
74562
78003
81254
85689
78143
86067
82435
55825
64816
63224
78188
55084
82267
73856
55866
55056
70721
60569
62227
78749
77520
72901
78461
71699
58074
65763
71919
62165
54726
71436
74030
78957
54150
58044
84695
65487
85449
81714
78647
77794
56177
78105
77923
54844
85063
64359
74373
71469
74989
64390
61301
67328
71445
69810
56457
60541
84465
70306
80557
68787
67306
72554
71862
58356
73365
75936
61427
61472
72163
55229
65285
61479
68504
82375
83697
81097
71166
80429
56948
73376
63706
62707
69527
83297
80799
55310
62338
83039
83938
64530
65685
79952
67598
73738
81589
64084
56921
70823
71140
66611
67574
58014
60181
59878
82060
77899
65342
68698
80360
76442
83118
59760
80879
62759
73377
77128
65750
58788
81682
59583
74133
69244
71376
69942
75416
56501
68564
77206
69816
85275
59858
54416
61035
64667
82190
57386
53559
71661
75633
64119
79725
61046
69596
59301
81427
76908
76732
78142
77602
65595
68319
71335
81906
77607
60806
59117
70642
56627
64699
75712
55196
68674
56548
77248
67496
71293
85657
68088
80000
75764
53683
61608
61941
64392
65189
64840
62256
57096
68112
63433
62187
82586
75409
65310
77793
55133
80094
81147
58754
65868
70161
67293
63724
73830
74819
69706
61975
62732
58717
70234
70991
74666
54315
68726
78056
72601
54194
66144
62253
58692
86212
56179
56473
72586
58833
83757
74314
70756
61696
84714
70834
64712
86142
56562
56976
60365
80150
78006
77854
78095
56067
71767
76428
57941
84226
73576
73646
60529
54699
82677
63986
76648
56064
60100
57492
85459
73799
67546
60437
67461
53781
64577
65257
55150
82092
77833
71280
58559
55430
63373
75815
79695
67890
77560
57120
85822
69215
77575
85423
57304
85815
65296
59239
78268
83950
59459
55108
61501
78234
85552
67114
58888
56389
61577
58766
60679
61248
64041
53875
71046
66491
65878
74905
84117
85395
56643
81393
59821
83563
62681
77395
80790
69374
60087
81779
68743
64179
84600
64786
60816
63859
72500
68977
63797
54199
64329
60939
60764
60645
76123
59523
72809
65500
73369
54236
63911
68045
73282
62952
83178
55118
56936
71939
72050
59305
77301
76289
58387
72314
80875
62052
66707
56185
58352
82642
73300
82068
74761
74183
56370
85569
73638
53896
76719
54802
54239
84056
78670
74633
57597
55789
67644
60207
68924
84261
59189
77792
58575
62198
62630
70249
72485
80803
83983
81749
69995
68406
83628
61187
75346
60970
69972
76796
78610
77416
68001
54148
55727
63605
78417
66671
67706
57577
61164
61494
55004
56867
59047
82506
73551
68155
69257
70056
64173
82232
73420
69806
65709
61315
63366
61229
61866
74908
80009
74431
77223
81420
69767
67931
72849
81563
67450
72230
60355
75202
84034
71820
83152
56163
77200
64912
57724
66488
71172
68448
73995
85898
82834
81709
66239
72867
84522
70969
76188
64133
86424
54066
85358
59228
77481
85182
81165
55602
71567
54871
54752
59234
63366
55897
70816
75855
75192
83033
74590
71509
66398
79545
67784
71424
83241
81529
56488
58236
60384
63824
75181
67917
77898
57852
83054
78912
58958
79574
69548
60066
72537
77481
67031
67759
62464
61380
79828
69709
68839
64846
86270
73979
58081
69338
57451
76804
67160
67131
83824
80120
73200
63386
61799
85596
64615
63430
80047
86689
85440
74954
72949
63827
73632
72901
77490
69779
84216
55030
54261
82631
62692
70423
84579
73872
54483
53996
68220
67325
81385
70171
61472
79358
79265
77886
85073
76571
78263
82231
83002
70757
69445
79811
74096
61357
66860
73299
63353
76277
71093
86551
82571
54052
82808
62555
58261
80382
68989
67094
73092
66642
63138
57792
63423
71541
72764
67429
76275
58608
73729
61176
62742
61302
59686
54505
69030
72729
65732
79097
64306
74685
68992
59214
69916
80076
78443
70594
58525
79147
54567
61313
58377
58477
69452
63699
62293
81479
85769
75062
78294
75076
60175
79280
85323
64954
77226
75107
67102
78077
72497
58978
84199
61650
63393
57539
65842
85799
85893
59382
67970
65025
67609
72277
56470
84917
80558
57083
60394
77659
57168
62938
81793
63872
68263
85512
82658
64795
82715
71258
58209
83138
78139
80948
58271
75806
77664
85151
67668
54685
64653
60316
66124
74854
71322
54713
80304
82578
65426
73697
56967
70553
62041
76152
57980
86794
84626
62632
81890
85888
74687
55541
78325
86481
62378
82968
82531
66696
74757
64778
86027
61334
61261
73055
62212
56388
66804
79061
57825
79212
80062
84781
80947
79849
82284
78905
56912
67404
84632
59959
74323
64208
56800
57949
78436
79505
59206
69557
86074
58616
55511
67627
79325
74874
78219
65509
62385
64898
60269
69330
61360
62635
70907
62598
59895
68915
72144
85573
76420
85933
65152
62301
80958
76021
70596
60345
55605
79209
58583
79028
60460
85078
58655
84011
84821
57265
74000
72150
69723
66568
63054
65240
78245
79031
71441
78740
82138
75871
56526
62403
62112
84372
77332
55491
86954
75734
64436
62002
85745
62659
71972
85180
59713
57738
62501
56113
54776
61603
61348
62939
84235
69566
58846
58382
76361
69113
71112
74752
69092
82517
65454
58587
71213
63083
62746
59153
74399
59739
57335
79600
61471
65286
66806
62838
69250
61309
83249
74598
85840
68280
74511
74395
70087
58508
69223
57757
69667
64727
80872
58738
70173
79870
68536
75191
75954
80793
82779
61167
55077
66412
73431
81690
85319
82586
64789
86154
71414
58645
76683
83698
58596
83289
70936
78528
86682
59994
55343
57004
85436
57786
67640
72593
66190
68160
73267
65148
61879
57990
56479
83203
70469
77809
76442
87001
76530
70118
76361
66463
78245
54587
69242
77820
63548
72684
62344
81135
59273
77072
81791
67172
65946
65803
85377
60934
67646
56836
59497
64341
60612
71834
55469
82424
60678
85202
67977
66132
65959
74580
67930
79965
65944
63192
59720
68780
73441
60891
81959
56275
73886
56470
54431
83949
65095
66352
78475
67705
81973
64563
77728
60520
84322
61245
74575
82548
61041
56312
54764
72628
65006
69963
60175
72813
73174
74962
84795
85804
74330
65164
86205
77329
82400
85204
80855
54894
84555
62611
78366
72337
80764
86451
85281
58845
60184
56279
64587
75552
71052
66377
81419
79136
65615
55859
62513
57719
69991
56851
55196
77217
65583
62825
85778
54868
66391
62898
77167
76047
73772
83354
72450
55286
65306
61294
77364
81885
59759
79824
63338
54435
87137
68782
66605
75713
73043
57461
73097
81186
56148
83329
83378
74294
59881
56793
80110
64322
69900
62233
62894
64250
61044
84655
69630
63569
66583
68170
87072
71312
69614
82064
64628
78757
69880
58896
65180
69822
73089
60023
78812
59671
61092
74246
57543
60176
83215
75587
57368
83843
68358
66799
62686
84820
55211
80953
67548
79690
79740
64305
87087
84509
56861
71551
83761
78032
75096
74069
71582
86336
64866
74402
55285
74494
78431
56969
67617
68186
76585
75025
59993
59840
66893
69406
73541
56648
78423
79520
85346
87176
64080
81674
55207
65197
67460
82438
59241
81098
57225
62566
85372
69231
60796
71518
65179
76926
65934
68081
77577
83514
59839
69290
86393
70817
67562
72076
64812
79868
67842
80459
65369
70580
74139
63165
72657
72807
62380
76171
82147
85051
65939
80172
78461
78194
86617
80660
61589
84799
76600
55080
56519
75992
66138
65398
58176
65229
69348
86051
76506
75416
72243
76708
69768
81013
63077
59185
61941
85876
81436
72567
68456
55244
82302
60814
60651
59250
83073
58410
84652
84202
62053
72981
76963
65630
76418
63197
82293
58093
68163
66250
55449
79941
55411
86802
83897
72308
79287
63824
81755
67579
79452
84275
86720
56356
84307
78707
79628
74134
69754
85258
64936
62247
69150
54944
85477
57073
84925
55367
57826
65448
56848
75112
84655
81963
59976
56573
81842
64856
69785
80385
64842
64037
57333
84005
63155
55788
79642
86213
57130
70919
79566
70682
85585
72605
76137
74417
66516
72379
66453
60188
69197
71591
57938
85991
55653
87409
76349
55758
59196
80074
76817
55852
80140
73241
62062
70071
76553
54732
72921
77675
83851
80620
60421
80836
87406
71669
58192
82992
75193
85476
74641
56004
58495
61841
58129
81454
61699
86847
75479
81387
65823
74866
74025
77498
70631
77825
55631
66384
63369
55403
65690
56653
59000
86126
71845
76399
65481
82390
85723
74245
73437
54932
78137
79527
54848
55311
73813
86053
70097
55487
74400
57789
74787
72695
64744
77969
82724
77826
78881
56920
79868
61042
56420
68691
83512
54965
55608
76418
69160
63209
62225
83737
61061
55025
58902
61998
76119
72137
85543
68020
86038
84246
70687
65964
80656
65282
82006
64666
69642
57926
54891
84022
72746
75912
73280
70245
66837
70376
65093
60007
70996
71894
84730
57938
75772
79142
77743
58559
63374
67942
70798
70339
87068
84847
75228
81441
66733
78138
57468
86973
55267
85749
83893
84564
75739
72534
75829
59755
87381
69168
68693
64645
65045
68932
83358
83609
62089
72537
77708
84419
77483
64911
69523
79674
55849
84720
79456
72578
70595
72264
83553
72419
68597
82486
82823
86553
78551
57220
86091
77645
64833
71092
80879
55108
66866
81371
83462
60119
67955
63411
80694
82083
69751
86251
85821
59137
78470
63169
55346
66105
85787
75219
85773
56050
78218
85042
80234
78061
59621
70073
57482
75251
55073
80541
63899
87308
80757
71748
74553
59890
80899
64603
56372
85189
78522
57891
55188
79360
82299
82443
86490
81580
61818
82820
84873
82132
57832
82193
85221
72760
84431
86685
71419
78661
86333
86546
58849
78917
66980
69159
75839
66260
60801
73594
86030
87443
65340
70622
73888
56352
65359
58358
73185
65861
68011
59139
65756
73071
84567
80122
87425
77154
76123
83674
75173
57644
60892
62780
87370
71511
72840
70955
70689
71779
70965
72503
67661
75380
78788
85189
71274
79175
63564
55209
60110
56938
64117
67575
75790
58797
76833
69653
57028
57812
77650
71445
78480
56718
82760
65858
86109
66731
68841
75513
72166
78217
81510
60859
76408
61135
57884
63359
71929
82270
85176
56397
72489
85637
64159
74248
60968
78452
56461
59020
75833
72436
55163
61433
55237
64085
64455
71501
70563
59047
79759
82233
57494
63789
67677
55597
69655
82446
61450
66230
64597
74830
78044
62729
83323
77309
70898
79072
62513
82094
83170
73860
75109
73259
61856
66091
74571
77159
87458
72837
69538
68532
86337
58770
66362
81462
75363
58294
83635
71576
71511
57615
67719
75261
60672
59654
78923
81210
75830
82980
85809
61762
57961
58920
64978
70881
74119
66134
71466
69806
74528
80401
59620
75323
58057
72108
69848
62350
57278
55166
69587
84693
58827
67892
63894
78421
56684
82795
58913
73892
59187
55167
67633
84248
83562
74653
68871
68735
57082
76064
76139
57872
84619
56602
63473
85154
84205
59184
68731
77852
69558
82604
57599
72493
81197
62925
65418
55613
62055
86881
68997
57507
55472
64150
72760
61720
71213
67854
57996
63083
62911
78641
82965
66423
83497
79559
84303
63827
78966
56262
60712
77512
75157
63336
58303
76808
86855
75137
81516
85660
77883
76816
69888
59807
55158
81172
64590
79402
68345
68257
82410
75791
66974
57650
83248
64202
74820
80961
73096
68276
76331
67861
73193
85626
74913
68572
62876
66766
78303
72441
85571
59996
77614
74911
68377
68608
70222
78495
68987
67894
61975
57470
74408
56018
66145
63435
65221
61937
67362
75439
59684
82735
66262
66758
64965
70170
74788
55853
75805
69863
79550
56541
80663
75876
72585
55351
84569
64558
68606
62175
75976
65316
77008
67278
77902
76827
78798
81827
79579
79572
75020
62266
87209
84267
60221
59520
57285
73872
85860
65670
82123
73659
70572
62932
66800
75932
79251
75263
86342
86673
72526
72062
72508
86236
77929
81337
84580
73044
79279
66915
75642
80730
84041
58122
81057
75535
58410
86508
68335
83141
58794
57613
80172
58547
85616
62598
73687
77548
86422
78112
87658
68498
60168
83489
75232
56134
67117
67942
66675
70628
63434
72114
65194
71021
85795
64326
78227
84805
82531
58034
80461
60831
80445
74218
81610
63285
82132
60316
62419
74556
88024
57537
83021
67479
63986
72819
64954
73547
84835
78334
75267
55603
81384
86329
56948
65269
76768
66839
63496
67636
77488
82041
72935
77319
78951
77126
78637
86698
71838
61886
56557
70004
83107
57355
80246
68361
72406
82969
84948
82385
78162
82856
76442
72361
73680
66720
56543
87512
58569
69028
67719
70724
75227
70889
87492
81126
85870
78153
76763
87675
87959
74131
76588
76156
75837
73254
67693
81489
62586
59582
77110
68546
64835
69261
82370
59822
67916
69774
66548
72703
70694
58902
69528
68061
63658
69036
64492
62754
72347
73754
62046
83470
86919
72132
74392
81725
75502
85561
79802
77269
65959
80392
78566
59908
67710
75477
85762
80810
80418
87467
86457
63314
59455
74644
60867
59239
84967
56423
72295
87461
80182
77794
66622
84173
79414
64760
64313
84637
63744
59244
66021
84479
69924
60319
57838
60801
81995
58535
59875
59909
83483
80032
79928
78265
74587
73543
79761
69450
71768
79557
77886
65877
57991
56008
70401
59935
64875
61912
57624
59269
60089
74985
87415
59190
83387
79148
78678
84767
75250
58411
56811
78375
70911
74261
73081
80157
72644
63062
79241
83950
76486
87659
77943
81692
57813
57077
66609
72043
64240
74508
62524
87518
56419
67029
87288
81377
71218
86615
70692
56264
85690
66954
76452
79224
58006
65201
56194
73572
80832
68074
58420
80828
74744
63748
66077
63968
71274
81552
61782
76315
87179
81723
84141
63886
82500
85339
87790
60010
85330
66247
58722
72803
58349
60652
66454
63841
81575
81693
82013
72312
65944
65323
62488
63770
63672
57398
65589
82059
62348
81858
75766
86934
66565
63757
58996
55935
74917
66209
58851
60728
68067
68133
64535
77271
74449
66168
86087
59208
68860
88065
69138
66623
65427
81728
84415
62065
61900
86441
63945
83460
65668
60595
76187
78148
87846
67372
84376
74903
73677
61647
82014
76467
81581
77848
74060
87310
56495
62039
76866
85142
66907
82436
64167
55971
56315
63314
64945
65066
76797
71430
78304
57651
88218
70538
76748
82573
61365
74813
57889
75712
58374
75534
88296
60227
78455
81993
70152
64239
63182
76976
59148
55988
78733
63950
77862
81803
86294
71816
56436
87723
71699
65013
57219
68864
76565
83568
71698
60121
82811
69355
70680
88033
79254
63622
87560
56144
65547
68192
65363
76898
60024
58796
66606
75529
63322
65544
85143
63710
77102
88075
59026
72286
64214
88093
77241
59475
80703
56204
68595
61840
72769
68060
79748
85217
60614
64606
70214
68418
71215
57860
69173
72271
83187
71027
80689
76540
66697
88410
57856
61574
86665
77570
86163
84906
60686
64295
80778
79380
57438
60679
88314
66074
71629
56248
71789
82602
62942
69054
72746
61313
79788
73437
87991
72094
75656
63532
63389
82935
58084
69227
63083
78954
79728
55958
66301
86262
56194
82106
72702
56619
67003
88328
66732
76767
75752
85800
63195
71971
86310
84944
79421
57462
64330
72852
59616
74552
83839
69120
88312
78689
60977
76772
66527
63090
58922
56303
72282
62636
67323
67199
87582
59520
76446
82360
84115
57928
70233
78548
67287
87092
70373
72121
87814
72327
84944
80593
82617
87043
60960
72470
78540
73377
87609
82540
63589
68742
64769
63540
59185
58675
66625
77342
58609
67324
57935
68926
70198
64699
61674
88419
61544
72645
58213
73380
76045
81437
59400
56635
55880
60648
63667
75671
68768
69409
73412
59052
79363
61582
77371
80014
60939
79091
80924
73022
79744
68485
87061
58819
66333
79521
78177
72061
85911
80830
65260
83383
68315
85921
58040
60283
71831
86736
88191
65450
74237
62024
73626
78156
70340
82034
81953
59940
59247
55892
60244
81287
78033
60676
80697
80239
61649
77667
71047
85452
78955
74759
79299
81434
69367
79737
74409
86328
55982
69281
70349
78712
57962
72062
66690
81651
88237
81435
68859
73247
81893
77758
74416
64675
75758
83554
59139
80489
58585
60007
78628
87285
74476
59529
60466
64246
64489
82447
58019
65051
61844
85316
82149
71464
61807
80427
85317
77897
83400
85871
66321
76198
71669
62361
83705
85047
59359
87685
80571
57050
72893
85783
62464
70051
70434
82218
72320
78707
85050
73673
78189
58828
74320
57250
69647
82659
75412
60855
85420
76279
68636
65111
74922
75234
82984
84045
69879
74222
77738
65623
77225
57577
68102
75994
71138
60028
61718
68051
85239
58040
77425
58641
61905
65522
75245
80546
82323
70353
68962
78219
77180
87205
86449
63676
67600
61434
85253
78914
68978
63342
78425
84671
84757
81599
86587
75543
76435
84520
72911
82541
74717
83950
66838
68174
88725
84022
76144
63275
76472
75545
58720
59149
59520
56570
77968
69764
87945
76055
61205
74208
73010
84575
71411
57508
78406
80516
85732
56632
71644
73552
59989
69342
86907
58940
59058
60391
63106
81471
85475
86567
79047
58340
74263
86950
85631
62367
79552
80792
86366
79457
72414
57232
62719
72810
63617
69872
71301
88671
69001
82596
71555
56476
74161
79632
74777
66763
73164
84550
74848
58805
75854
76925
56584
61785
60173
73919
66368
85307
58953
70625
83926
82175
62698
73656
73120
62262
58890
85642
81690
59512
85939
78531
79696
63667
65258
75497
61951
77506
76012
84434
71415
83522
82359
68373
79043
80801
72652
56254
65164
74359
79156
87878
74043
79386
87489
63682
62430
88173
58006
77914
67405
62200
68329
60669
88333
60990
78344
61011
77172
78666
80538
62195
87310
60300
71464
71383
57664
62179
82908
62988
68651
77819
69000
59310
88019
83673
84457
58644
75905
88500
58670
61768
56934
84999
59572
70842
78464
80868
57108
82229
88770
75147
80223
78353
80239
58683
72104
72875
72647
68424
75459
83218
84965
79470
85325
84739
63976
59493
70124
82712
82001
67765
88280
61500
83884
68044
83611
78178
85363
58446
73237
63351
70191
56492
81858
87956
62176
83704
77376
68985
78239
81144
80907
66103
78210
64121
83596
76588
76224
87013
74322
87348
70677
64280
72863
77854
88680
67184
79398
77405
67500
60963
64275
68864
65540
62422
72780
71653
66602
75883
77302
65065
66577
66586
77628
84706
66761
83139
81739
87569
73124
67202
74657
82386
86167
84613
66440
88022
82402
57370
64733
88851
70387
58380
62998
74170
58504
84528
86404
68458
82965
75067
58836
75683
67685
73942
57308
73853
57731
57845
61845
81306
73691
82276
62051
70489
63133
70818
87197
78412
81250
63731
70729
60141
62738
87217
66343
63884
70661
66275
71154
77452
56680
56593
71394
59087
83939
71510
57717
59503
79736
74422
68463
63407
69295
68018
73503
79921
88816
64282
84709
77417
73776
63267
76273
62801
67536
86713
68173
64606
63169
66838
87070
57779
85741
62356
63015
81046
57298
77759
64398
60448
84592
89007
77539
81464
56422
75925
61022
66242
75352
74643
71016
57107
86419
83153
73565
62888
63732
62669
59281
79384
67846
64498
76433
59720
60266
69741
76971
85470
65916
63036
76208
88312
78387
58759
61944
61213
69449
76596
88231
76148
87452
79798
87855
64307
85205
69669
68118
84827
84551
87444
60154
87715
88858
87711
60370
60849
88488
57155
87926
58256
61991
80627
72546
82015
88713
72935
57014
68678
82336
58040
68226
83631
80262
58666
75585
56754
74044
84808
78755
80336
86417
70583
88208
78309
69957
84036
73321
64344
70767
69567
67473
60053
68380
70156
78892
71613
66361
57975
62246
80795
74163
58440
58487
88283
63196
56727
69798
66934
61969
76898
72076
59505
80026
86493
59483
81863
58321
83977
64735
66212
60038
87432
82435
62419
80291
86960
68502
79994
81932
72414
74063
83717
61897
67853
64271
82528
67175
87719
70247
71017
63131
77210
60762
58021
64809
79535
83556
72753
73476
69912
62907
88060
65207
59463
65492
78900
65283
72711
60713
57342
63690
77509
85818
72810
67628
60974
71377
84390
79087
68096
73611
87154
64036
68889
70804
71635
61703
60629
70322
67340
74536
74390
76677
78794
83912
66468
77325
66719
61574
84792
88172
77745
59707
68307
87789
85428
85794
62676
78918
71957
74556
79178
73498
77176
89074
85255
75970
88933
80381
74486
57677
58430
58499
81838
62661
78453
69762
59206
77236
57851
79730
66923
65767
77052
74022
73649
67186
69833
83188
82471
66549
81686
83477
72238
60445
77669
69454
78731
63341
58562
86480
68538
80446
80817
60254
61317
89092
87141
63405
87766
86996
60722
69904
78538
85539
82245
66645
57862
73681
81811
64489
81742
60006
77327
58947
65108
87451
68896
72576
84685
66076
85842
67147
56778
72076
80204
87040
64838
73673
65026
61457
72187
59762
60203
85672
65403
88999
80374
84622
84603
88336
88056
72267
72050
65569
81001
73871
76643
73372
73105
72656
57590
65111
72317
63797
86990
61247
77046
85683
63511
78493
63412
82038
64606
76696
83150
87426
88998
63739
84085
65434
87480
89145
64482
88672
82362
70063
74893
58815
61187
65064
88992
81798
67630
87462
76203
73813
76909
73568
68249
73661
78624
80647
60899
66467
85415
84813
67331
73445
64372
76200
66092
66369
66660
83795
61752
68210
60751
73623
66786
64155
72414
73544
58933
84457
71324
75154
83012
83316
76368
66038
59932
73575
83339
70543
61687
75873
57725
60826
58034
79899
87820
75061
57473
67914
88872
76903
74210
68807
71000
56929
57295
63469
66713
73987
65592
70210
75369
81826
71088
67162
70687
58121
67431
80377
68221
84669
62808
61816
69512
76678
76995
82538
76439
87850
82142
72063
58027
70012
72648
87976
63230
79509
72638
84603
67039
71266
69777
66522
71100
76127
77143
87247
78977
66209
82529
61371
74017
74522
86894
62896
78705
70169
56862
62235
63037
57104
58538
69542
75670
61594
69841
62812
70505
83132
66326
78606
64598
67179
74280
73206
67262
72783
65186
63131
88606
70855
73460
87284
60572
70445
83873
73680
77024
74331
70572
70518
65061
69742
61772
72584
80528
79818
87783
66605
77760
88414
83006
83566
84390
60457
58342
62433
57239
67068
57591
66949
87967
82306
83208
70126
70681
83327
62042
77474
57212
86357
69203
65730
84600
62156
61486
82157
77890
84242
59378
79457
87340
63745
61856
60771
86904
79521
75953
77026
84590
67566
69567
61271
66476
74971
65667
58095
66238
71830
88063
79084
78574
67598
78588
76872
75613
82355
85687
87964
74067
64124
57816
86593
86228
89135
65955
58549
66420
84189
59250
66624
79212
63403
76387
62935
80108
85721
82254
71744
59315
73468
57594
72055
70366
74638
68240
72529
75005
60585
56911
68447
76396
71184
67202
78357
78817
61295
85679
81195
83777
63972
80658
84292
86712
57021
78921
77518
87560
82820
72529
71209
79393
73529
88497
71435
61171
62686
82421
59171
71552
71481
87134
89084
60469
88533
80856
82981
86906
86858
71468
88975
69768
70846
57975
57142
71802
64172
70875
66563
81319
64228
83572
87281
75056
70611
62094
81008
80597
82181
76309
81159
71437
71912
84556
73020
68437
63443
68546
68280
84168
89158
64899
63655
87280
88180
82059
81246
82140
81150
71552
78656
87666
57602
73376
57570
77831
76628
81912
60525
60973
82187
79830
89668
65484
64832
81282
63207
77941
71186
74793
72728
61682
70381
67610
74044
69154
63501
89141
61187
84484
84797
60319
85579
68369
87525
74683
88642
71119
84035
80470
89547
66723
74233
66594
73764
61926
66504
69478
58565
67644
85659
87795
74379
60705
78791
74074
79381
80325
72337
57436
70511
63002
65265
74914
80621
84523
77205
63919
62810
88495
65833
81426
72530
64990
66774
84960
60397
86403
73736
66913
79518
82771
77685
72202
89178
74365
77659
71595
60412
88450
88840
72682
89576
84807
58784
80368
78574
67177
77851
59490
64114
82640
73869
68499
66506
89479
65194
61432
81640
83658
63881
84188
69689
71265
80552
67412
72652
80429
76337
73078
84919
62209
84091
65990
71095
70579
82132
67313
82966
79474
72062
89022
83410
89177
74999
83777
84475
76613
71805
62802
76381
81380
60370
59197
59743
80399
58941
89275
83755
74074
64721
84257
78351
69609
58865
75992
71203
89477
67092
84749
86061
87278
72134
58281
83905
62835
82160
63876
62637
62145
85848
66773
86932
59129
67179
86510
69080
60165
72763
64550
88253
67883
78788
70934
85964
81378
76403
85000
85622
64229
89833
76204
68858
57479
87292
78861
66697
74054
88830
69316
89767
82850
70722
60267
62420
79408
68829
89685
73068
59882
80554
60284
89804
59081
69521
57275
76214
69270
65800
84542
82423
66045
75993
76342
66630
89059
58150
74961
70768
79609
69035
87913
79538
78225
85060
72188
88166
58289
63151
83420
68579
64358
70546
87207
64414
62299
66752
60282
71829
71594
84152
75362
67565
85234
62831
79891
70617
85418
86095
78301
74687
86453
75647
67547
65430
87094
86117
75118
58003
60325
61289
75241
73988
59427
60668
66958
58748
76810
80857
89786
84272
62153
87179
67420
84897
63983
68144
74411
60795
82053
72828
64281
62141
86177
76545
80002
69659
83768
60845
83626
67489
69172
87700
65510
63640
64710
65775
61465
59053
86526
69989
82914
80976
81305
60298
79892
85083
60186
57510
73063
71412
82716
80823
83053
87476
87782
85689
58823
70409
76352
58660
88728
86232
85893
81847
80186
66151
68090
64884
76336
89467
59998
71148
67932
83645
72130
84156
75634
89442
83611
75352
81837
59915
59414
71175
62913
79082
84907
64815
61456
67367
73973
60371
57888
88962
63425
62042
72525
66105
58469
66706
60859
80940
81491
69108
65935
69951
77037
72490
59487
58880
63131
81102
66790
70794
83483
67445
72445
68777
88601
87276
72647
81726
86784
76481
66091
88293
70415
59909
86919
69590
58543
76881
71842
67849
88836
61959
58083
71838
73922
67034
78273
57723
76098
80273
85115
71735
63445
90119
58377
60727
61784
75895
69970
57878
60424
81654
66463
69194
61848
87617
62288
71429
59265
65209
77006
89690
70042
61100
83904
77217
74472
73686
89730
89884
86199
58920
88530
84699
72681
58312
74957
64220
83087
65112
89371
60023
72630
80251
86886
87289
75651
72341
61456
87952
85379
63955
86053
60007
63292
58476
77454
62737
58632
62502
60808
66091
74531
81947
87125
87613
87298
84669
87345
60898
84710
69912
61320
75561
71090
73559
66150
72250
68857
85642
74543
58685
64348
69542
85136
61303
58643
59341
63925
59318
72905
66000
65981
66032
72365
63731
83819
79911
84422
82160
69918
70287
81798
85822
72963
80627
70051
59794
83337
89941
81442
81319
84501
75733
88501
75323
69624
82900
63558
82266
61342
86616
66516
80862
57863
76210
62846
63031
74363
82527
74973
58984
71802
84269
74135
88914
73203
72862
84785
66869
62902
80273
72485
59252
67114
88863
87349
71576
76867
86468
70142
60824
80559
87487
88016
67928
63824
88251
79293
86383
80111
72366
70896
85805
85807
67074
78913
68573
69311
71411
66054
86855
69588
86584
84011
65401
89303
69349
89733
78279
87898
71568
87907
72977
59729
59058
88678
83268
87679
66129
74131
88099
82478
80604
85159
66376
81187
86359
65194
60261
61393
84151
63943
75984
79053
59024
77147
60735
79746
75501
59980
79568
60198
75647
78236
78924
60909
85499
86334
81580
76924
77245
82728
68572
88480
61617
66217
65216
69184
83827
84989
79989
75152
74933
64031
85721
76168
83938
63198
85069
58261
88832
61747
89273
58766
75739
85458
84945
73449
75872
67071
80023
86575
63047
59555
74273
65197
89589
61855
78237
70253
71840
76640
58770
63588
61876
85683
66153
87789
88949
70875
60459
70262
79590
61410
85388
59513
86762
73004
77865
79535
59050
83538
59918
82560
68406
74797
66683
70845
63599
88112
65512
81297
67876
61435
72006
70837
84603
83758
62600
84452
72339
80763
86114
88463
72295
59136
75600
80337
63222
87251
57819
86949
85409
58334
65048
72791
77780
84973
86129
58168
68072
63749
82343
75670
61768
78072
77336
68331
73171
79670
84542
78677
70274
58086
77945
78406
80203
88885
64526
82813
63045
60910
71023
63541
62988
78924
70589
74396
80743
64012
87947
71046
77864
72389
82661
68707
81236
84348
78480
85870
77444
63091
72852
59432
58507
83779
63480
64005
72537
87338
86477
70501
83744
75174
78702
68293
85173
69955
81413
80951
71992
68785
73553
80655
89335
67609
82855
84960
60816
88241
59703
80551
70486
90255
63633
90437
83446
59579
83560
62003
72795
90503
74389
88945
62414
64803
88158
87487
70242
88172
66553
62480
84111
75269
90444
83772
87581
69545
63479
59893
71235
82367
84116
67836
79633
87343
89917
80788
65547
68469
61263
81976
60439
69876
89198
61833
72345
80268
87242
67466
89052
60270
90272
63759
89268
76847
68355
70003
79201
66588
67548
69258
90039
76750
64304
88790
88188
79870
83361
79870
61458
79770
64056
60795
69205
63511
90465
85909
60871
58378
77111
78478
70123
77810
82690
73245
64750
84312
81406
87326
59532
80923
69471
66951
67122
66053
90001
79006
68192
61601
70852
80745
67410
80209
74408
59238
88799
77723
67445
70525
78753
84420
72239
85299
61782
69536
69160
88608
58502
60328
85958
78243
78183
70221
73350
81620
88573
62348
67649
65210
78725
60099
76207
85695
84756
73923
88105
65376
64892
87078
71859
65321
83567
64483
67641
78305
68327
63519
71961
83970
58052
83270
84450
76396
75191
58715
80219
85593
81760
62348
80840
66964
69299
71178
87400
73446
87200
82455
81474
60113
62963
67169
86818
63617
70777
85902
71646
73472
82788
88856
77533
75433
88816
85083
59866
75487
77639
71660
88038
60415
77474
80173
62636
63890
76466
58910
89337
64712
86334
79222
76924
82722
71693
60147
59594
67950
73734
89582
73124
79608
86934
77362
69245
88319
83026
80654
74039
62054
68574
69801
58926
62380
78861
81814
90487
61214
59977
86696
63850
89419
66102
87816
77405
67001
68498
76420
65459
90070
65376
66602
74262
65585
84037
60182
60160
58858
76338
69512
71040
81000
85315
80442
83003
58697
61415
83440
58545
89759
66626
87888
88001
88409
81103
83700
66415
70655
85066
61886
78310
85411
89293
58219
90553
58644
66105
69483
60270
63572
76759
68592
73789
71756
88383
66374
83477
58559
71289
85858
70880
74877
66403
62397
71944
77273
59986
59747
73530
78684
76284
61766
68970
84155
63126
90329
85271
78855
79417
72922
76496
89892
64650
79471
85751
64892
59802
89717
78789
80372
61451
74517
81038
65824
83573
76696
86598
80818
67591
59004
76101
68921
84082
89543
70727
60168
73474
75163
67767
73587
60686
71947
79917
68930
58259
88365
58165
83807
68636
82544
84306
86226
88293
85040
88642
71919
65599
67208
68740
67534
75574
76392
64792
77564
73586
61415
81030
62064
80987
73434
60705
81345
66433
69029
71309
72086
80954
66129
86655
79197
74381
76255
79556
80192
82254
72156
73861
62548
79755
69686
83145
80660
60711
58702
76347
68111
64197
58446
61486
82141
84199
64957
67294
67927
76375
67665
81144
81672
62919
66564
83549
60126
90804
70505
73763
75557
77200
73537
62941
65462
83743
88138
60445
74348
70434
68439
62519
62424
64051
64421
68935
89142
86768
79725
71285
90271
58971
72374
71287
89216
70529
62573
72792
61258
87642
65975
73080
62059
79345
78726
62677
68478
89540
62059
59272
77502
58990
87211
86675
75201
70019
64148
58841
61027
64700
66833
69742
67072
69716
88701
66065
62694
76977
77237
58871
77321
88903
64369
80587
71417
67258
61908
60402
85010
65090
63041
69651
62706
84052
81265
61655
81201
67711
76226
81901
83276
64660
58322
73042
73697
87305
90445
86735
77602
60575
85507
59587
63108
74563
68414
63522
79031
90162
80210
89534
88539
65377
65397
78533
77297
77340
67025
77451
80783
64237
87512
87434
86744
72895
70872
72104
80044
79171
85199
85944
87580
70291
79744
73282
64545
78870
81862
84359
69517
71331
77097
65728
78145
68585
77231
69799
79521
73998
78324
73528
67141
88214
85885
87225
77041
80775
73034
71160
81608
67018
81578
78804
88252
61909
69716
78846
87625
59271
76722
71425
69475
70227
78976
81792
78509
74401
74902
89791
69611
81521
68098
68198
59066
58690
60250
89985
68991
84786
83537
87754
66717
61286
89223
77355
84459
61868
82598
68479
65637
60255
58794
81049
81953
85900
64128
80007
74373
71250
68563
83479
89784
79759
72227
60315
68182
80057
66071
68586
86632
86537
72980
87207
82067
61151
86030
90566
90255
68962
64670
80459
88539
82278
67669
68181
86447
89748
61009
81500
76083
69060
69389
91063
60398
86446
78461
62049
66177
81602
61531
91132
64917
59988
62140
80918
68882
87292
83686
58796
63377
87101
77925
68076
75285
81764
78428
83007
71669
91059
82714
87943
86813
66495
89581
84133
74871
58903
59195
66111
83107
79654
71374
58816
79086
82523
89200
60832
59522
83591
62136
83173
69082
59782
70691
63466
68729
69409
67174
74335
68316
71475
61443
81553
69805
83723
76827
63979
71993
90642
69763
78525
76324
79277
88602
66365
82523
72805
78681
64972
79179
80966
67883
65146
83537
66692
74239
79307
71793
77413
76572
86204
83530
83290
77877
90625
79433
64111
78142
61585
65310
83686
84606
85860
61548
74271
74468
74363
70597
85692
70814
79138
80341
66306
82920
66930
59357
61569
71714
76057
80228
61175
84774
61278
68137
85618
66264
91231
64603
70837
76031
72093
77580
76253
62803
87995
80100
79940
89558
73091
80658
82854
90472
69674
73864
80770
90262
82133
89448
68803
63668
60251
82617
63136
70955
70221
80479
75457
76563
72756
65354
90275
86789
87577
75245
78909
79146
65355
67826
67556
64408
82524
60972
63852
81631
81773
63437
88720
73950
68523
79321
85139
68060
84506
60378
81704
80852
82322
89814
87696
77839
70663
81790
64770
62200
64269
66728
74575
61997
77210
84479
62662
61650
86798
67321
66133
71210
75634
78346
76018
84584
79101
74776
79673
87490
83677
86062
71255
62920
63796
74612
64038
89332
68192
74079
89241
86146
86399
69669
84059
88193
65074
84340
79539
79403
66978
66403
66731
70770
90305
75177
82801
75483
65491
65292
59389
76431
71468
61213
73204
64944
76091
88099
82381
82153
61895
60757
83506
79689
71289
78156
67753
88145
82075
80055
88435
84043
66591
66897
80564
76510
79843
68880
72405
66528
74547
82335
69159
72299
74896
76815
84937
70195
79279
61642
61899
77590
61637
85960
87187
63221
64258
62725
89472
75203
63579
77106
81102
75739
60557
86698
62138
69271
77151
67241
62438
78622
84519
68280
60670
64381
68751
85612
59804
62970
63129
66896
90729
81572
90593
88352
63110
90927
74787
68664
87082
80127
89340
73803
70796
88451
86261
87384
69379
80068
62909
70874
59243
68158
70582
73024
89036
59374
73907
65948
70966
61356
79873
86431
65519
84667
86948
64965
61137
86943
76514
84941
69101
85550
88582
61292
59508
58858
79710
72514
67032
59022
63878
73229
90670
90855
70376
90141
83415
81381
59012
87304
82015
84466
80365
79262
84645
62082
67732
71199
87100
74732
72777
76972
81938
91512
69375
89084
70735
88505
72144
87632
90496
71965
87361
60585
74997
72386
85702
89656
76391
73611
71561
80918
78047
86900
77927
79157
87762
71970
63291
89751
70033
78783
63840
84925
78817
82692
85873
68451
83941
83351
58963
89194
81989
71064
88438
77590
83081
70518
82519
83577
72902
62216
74058
69167
65661
89817
82806
63564
85184
91587
84513
63379
91542
59071
79662
59881
83617
61179
74467
67337
67326
81453
65264
75640
87149
91432
68269
63420
76210
78508
89252
60361
83003
90755
75087
67260
72962
82633
69411
84683
59573
82828
90061
91516
90901
74901
81595
60438
59804
79236
83166
80981
76130
89123
80302
87394
91201
87284
74095
81154
69943
90636
65715
83214
89101
89124
63777
83235
84022
88558
74612
72858
64250
90533
84679
69819
61652
88296
60687
88877
74264
75464
74985
64689
88792
80928
90262
75793
84489
63013
68163
88402
68578
69437
66958
60721
78725
70165
75335
85198
71649
66285
66675
65954
59351
78647
86423
83382
84379
62305
70451
91159
67934
71407
59020
64901
72490
65228
78254
66923
62477
73186
91570
68372
65145
76776
79421
74523
77291
64123
59977
66851
62923
73841
76328
78281
75667
61290
61125
79063
64564
59303
63022
87994
85174
73248
90447
88119
81438
84176
89856
63321
91284
91476
67651
62638
74181
77236
86470
84403
82567
85889
79536
80268
73659
71968
65690
67832
83576
69989
86234
62085
60262
77156
85768
76544
77159
71811
73915
68144
60285
82644
69268
76740
78312
76194
64126
72841
66190
69194
68403
59360
64672
69452
78083
72048
75643
87970
59345
67352
91340
88145
88670
63271
85496
81981
84682
63184
65723
75329
91223
62680
73487
72063
88689
62610
67151
68597
63723
60685
65948
84818
67980
75916
64384
64519
78538
79926
62161
84640
78805
86031
79576
83797
74199
73511
77491
73692
68218
63506
77816
76674
73644
89495
75931
64890
86175
83884
73746
61813
62483
79011
86966
91763
59351
88734
62061
72664
84365
68936
80774
91330
76975
76743
66788
75162
61903
76524
60511
85993
74531
69549
79975
86125
64064
60886
76778
74605
62246
81659
86392
66377
69757
75185
65958
91477
79134
61694
75952
80103
79573
62477
69474
72879
69221
67110
76600
65095
84173
81630
80324
88075
73162
82571
76624
65835
85917
78587
73925
82943
79886
71782
65739
77466
75441
87712
59442
86433
62568
66195
63889
90462
61481
76781
86060
60688
67842
61206
72219
73861
88410
90981
73129
82923
63353
80275
77307
60900
77643
73328
86770
72664
67936
79316
75857
74895
82744
82393
79907
80127
72894
84551
87127
59234
73490
88144
78766
87180
82059
72318
87511
73596
68093
66793
62168
74545
74039
82349
63919
68287
89296
66971
90681
60321
83236
73007
87636
88657
75417
83394
63040
77078
71975
75521
80972
90397
74007
65694
82862
87500
85258
90182
63154
86611
62782
62418
59415
67972
65549
84929
89013
69604
85942
74214
82532
63490
81248
63582
77082
67847
83292
74949
64339
82831
84139
72617
84150
75959
67520
69695
89589
63351
80518
80981
76021
87091
59813
91272
65583
69260
60674
60599
79190
63868
78724
69816
80697
68002
79902
70985
90860
77274
83978
66889
62498
71185
65106
85800
74974
89176
71829
87708
78923
82998
67848
85653
77031
66627
59835
61300
70119
85490
79134
89463
64472
67503
92099
86904
59522
60714
61285
91608
82449
68082
68394
61878
90487
82501
65829
68708
69644
89639
85279
67355
85111
84657
76951
88813
87762
66988
76807
69884
83977
91998
72041
64234
80003
81572
65530
85904
80389
62273
69950
65523
75987
74358
73540
88179
71704
59859
68651
82502
89479
87116
86757
80165
65603
73103
68923
84293
69372
81813
72465
76169
74075
65143
85740
83446
67745
91780
82865
85607
62347
61584
81840
73090
67960
82062
84192
68586
82125
78434
85612
66486
62617
76016
68463
59427
64885
86905
67324
75141
86447
89383
87394
64900
61607
80614
65198
91012
73080
68470
77425
64869
77019
81342
69827
72813
59977
61796
65671
82562
88160
83354
60145
67485
86152
68155
68678
62331
83414
67350
59875
73622
77617
85386
77185
79187
89267
84051
83383
72829
80977
64931
61376
60914
86463
79732
69247
65180
91534
67101
62144
71331
77720
86308
63681
76001
65693
59988
73457
73367
77614
87823
63991
68446
84938
82917
76278
89440
90184
87653
79120
89543
81524
86322
60201
71030
74237
81498
79597
59895
76175
70628
65556
67253
60220
67240
66276
91756
75808
65380
82168
69853
90949
91659
61249
90310
90052
79712
66890
91665
84525
71876
86464
79948
69929
89676
79921
85337
78174
79639
64532
75879
63635
62431
81162
62753
66581
72653
67683
90916
65113
82834
74724
87479
90082
88755
62919
80822
79717
90916
77316
74704
81196
83737
70863
90355
79288
82201
74338
86787
92074
68180
82940
75730
76004
82742
61994
75853
83691
84540
64581
91635
85647
62727
77116
89228
63183
90031
77203
89111
78583
83545
83628
85764
77835
72972
60230
77987
82280
88512
76099
83933
65705
74936
92334
64034
74952
90898
72700
84642
87173
85917
83346
88512
63500
71146
63112
63683
85458
74662
76461
75215
83648
74790
75211
66581
60819
88644
79404
74822
89475
85098
65628
78157
68642
63212
79921
87357
60040
63643
60169
60040
74157
60823
81747
85363
60950
60516
85329
90566
89780
88384
62747
73928
64265
66484
87528
82794
70796
82538
84617
89283
83791
65854
69430
63676
60895
62871
62605
70413
68715
60664
82904
64104
63273
59858
80015
62451
79862
66205
78622
78588
63293
79654
67815
63721
60441
77867
71051
61805
71614
72997
61797
73474
86037
74853
61784
60307
89510
72034
86987
78200
78011
60754
81649
86184
61890
69111
62542
74794
61684
75452
89463
60365
80180
63488
87577
65049
84538
80050
87868
87685
81392
79390
92105
87019
89372
75270
63050
80696
91968
89845
65522
86632
70078
60112
75997
75698
66112
75694
76184
88319
84055
60137
79332
61345
72291
88694
82103
74818
88498
61553
82308
73498
74220
89340
89788
67686
92078
80458
74133
64789
60021
83703
71434
80836
64958
72347
66083
73196
60779
67742
66422
78170
65897
75086
88558
67040
91280
74030
73931
66379
62154
61073
77546
88980
78456
91496
64327
60763
64785
88409
76480
76432
72460
87569
76572
87924
87809
62938
65355
79296
85003
67184
73967
61475
62320
61456
72476
88562
79236
70355
82524
87836
65994
69178
77303
65628
78429
75530
87665
87986
81550
81754
64851
74003
65743
70890
82479
78688
70608
80310
67806
87445
68327
64203
70924
64579
68021
76122
65271
64320
65287
64011
91507
65436
67322
61075
65842
91608
79971
64905
64834
82003
90477
60533
80087
74245
63364
69675
87627
65903
81522
91991
80739
83922
60104
82776
91860
90272
82816
62290
81669
89392
67296
75134
81431
65717
71330
62149
73507
84081
77649
84110
61634
82982
77558
74964
78035
86734
77556
88187
87416
71563
62769
82916
92002
80609
65654
82367
69967
85027
78873
78880
84176
87851
91865
92117
62544
66126
88329
82424
78418
84112
87537
60352
75258
74771
66673
61596
60623
81110
76519
66179
74175
61340
59987
88197
69988
82217
79033
88999
66437
70068
66247
71149
81376
74906
68792
71608
74790
86096
68216
83794
72008
60059
81673
85704
67057
83203
86821
72696
75859
85381
82725
75498
69927
75656
91169
62052
61935
86290
83033
64184
73855
75836
60115
67297
62395
91363
80454
69582
89506
88737
64311
78334
91788
71419
86370
89421
60847
77788
73819
79630
86760
87619
74613
90713
60857
65848
81123
74406
62862
83204
81949
68763
81732
76449
80774
80163
62443
72560
66891
77504
74955
79146
69518
62754
90278
72217
83908
67320
77373
70024
66907
71174
69653
68728
84896
87416
62843
90772
90849
81526
81094
88935
68814
66296
76508
88013
88101
74460
64504
77735
87951
87862
61866
71635
81861
83943
66079
74844
78070
81777
68770
80621
77677
86281
79715
67980
69487
74990
88695
87428
88162
89850
72737
79523
90933
86902
74320
70310
79867
65075
64872
60658
61145
61398
77893
89733
71715
75124
63870
84523
61378
65119
82406
73973
90073
83007
87129
84711
71336
63844
82613
67569
78768
90458
72742
89377
86039
63422
88231
90646
91727
84305
73157
66232
89331
90955
82086
67878
80113
85234
76107
66544
80622
81770
64274
89223
60390
69583
75391
78321
89363
65409
84027
84929
73489
91839
63837
80199
78911
60792
62697
61700
66152
83549
79510
66656
67491
73787
63189
80800
87671
82312
75790
77330
73027
66108
88365
76426
81117
71650
74077
66578
78458
92142
63763
71390
88270
87121
74831
72062
83060
79435
70175
69207
81807
64384
87396
92500
75954
72015
72408
81369
80125
84575
82000
67833
62857
84602
61759
60392
86023
66719
60540
92851
80547
91986
87877
66350
78639
86839
82307
77870
67965
88031
81743
77049
91404
78562
80822
68859
85479
83246
92345
64443
81099
62110
61592
80141
63112
73679
85073
75144
79529
82479
90979
62266
60759
79446
88279
85659
70779
86170
76161
70592
90147
89053
65412
91089
85543
64170
89876
77501
88332
73345
69760
66860
86568
67950
60271
83638
75527
69088
92009
65618
71182
65721
71066
69393
71262
70050
92115
88844
63228
64929
92370
81562
63790
85997
84419
60871
92712
75009
92423
61954
65511
74735
79411
69142
64862
74231
71516
73308
90576
74840
78738
84270
75645
78950
83626
70558
87424
80349
90689
77416
92408
85877
81917
69414
88422
83382
67862
76227
80982
83982
79637
89650
85058
88097
61916
61024
87731
70496
69351
69735
87465
63197
71121
61700
79933
71005
60954
80459
73349
62383
72231
62105
68792
65341
74634
83915
88466
86753
72836
72365
89082
81402
88776
89781
72675
82366
85890
74226
68208
63698
73880
86335
66907
72984
91952
68796
76183
73672
79730
73855
80180
67522
87439
62854
71812
68130
80898
69360
75388
69909
87830
92013
62556
74988
72104
82676
73875
93039
85806
84148
88284
78196
85752
63820
83886
78512
62646
87358
61651
70604
66107
83873
82262
82619
85632
76055
87715
78156
91628
61183
82154
73211
65490
88812
83140
89869
60732
81493
90137
91100
91367
75406
71233
90223
86158
66806
83817
87885
65387
75635
71481
62867
90620
70939
75444
62789
78595
74548
75103
63970
78288
87647
64933
72507
86466
91152
73850
70276
66316
92225
78911
81324
63669
74600
76517
60650
69603
87206
66390
77465
80984
66625
80400
68933
73277
86612
77075
62470
75038
73157
63230
77068
91191
71544
66933
77436
64494
71106
61125
76155
81056
80929
84683
69511
91808
84778
70418
66062
76669
76994
85563
90169
87172
69777
68258
91913
78470
76980
60478
71590
80604
63154
86473
88052
62887
92338
87329
65894
74076
75499
76527
86551
77697
72027
75142
62487
65201
85436
89870
69378
62950
79284
85729
71640
91384
70988
85557
86792
85600
79267
86012
81102
65090
77796
86024
84927
70315
91253
81267
82339
88343
62065
91198
65154
75062
82777
72248
68098
66799
65286
78625
83696
62886
64482
65552
66844
65210
65368
89618
91498
87378
90761
71700
82982
60762
61249
73731
73112
72648
67881
90929
73944
77348
63294
81403
91364
72519
90497
86697
62448
78179
87792
83861
73981
91459
61366
77968
89005
75476
90015
75649
63062
89829
68814
88143
70229
64043
65202
66561
75429
75144
80182
81700
87216
73612
88120
61293
65380
82749
65341
85152
88202
77843
61795
92336
88147
78663
91543
66344
86836
87630
92935
76745
74228
79520
61914
63605
69636
68285
85023
86604
66574
63602
80644
73236
71376
73816
89161
82910
68651
66207
68596
88550
90743
73993
69189
63164
93210
66105
71148
61089
75609
64046
64122
65588
84078
89099
78614
78926
76250
63769
92529
62762
71420
69902
80124
73929
74979
71568
61016
72340
68961
62197
88845
73796
82016
71757
70016
91647
73593
75938
72991
81347
71619
62334
68319
85512
69097
66222
87528
72609
86144
70470
68750
92900
66711
73701
82308
80906
82063
90170
73036
91865
84269
90567
74738
72064
74989
73189
66298
81602
63897
78089
64407
69462
92187
71493
81182
86670
88720
70162
82873
70200
63645
72524
69472
83394
79366
67966
83717
80033
77692
84320
72719
77810
84407
86174
66058
70498
83653
77275
69277
73036
83362
88566
71100
87586
90120
77452
87582
89870
88712
75198
84466
85977
72410
83764
61390
76811
88178
91745
73704
78676
80723
71177
82312
69930
89384
62721
62653
77748
90257
79927
66640
78311
70331
71154
78838
88303
84787
63066
81609
88272
65020
68922
72185
90189
78815
82181
85951
88073
89346
66327
67219
72940
78268
64830
67743
80328
71080
79993
89971
91196
78072
73983
88058
82137
78860
68483
66221
78468
63812
73655
66566
80155
63762
85007
84280
74588
83027
75463
62749
71682
63711
90151
72048
80432
91230
76294
69692
93459
84318
80013
67988
64196
64163
81981
74117
74347
82110
70963
70217
86442
81378
85931
87741
68921
82930
72132
86294
85197
86238
68227
84431
85567
75056
78361
88805
74730
76002
80745
72519
66133
70259
83653
73352
69906
66618
90616
72920
82661
70649
82314
87858
63785
61621
73535
68567
63088
72389
90593
69370
91242
90666
62015
89021
61704
73502
90486
78172
83680
88303
83055
69800
91348
85774
92329
77240
71918
71779
83513
76251
74383
85220
86799
76240
81865
93542
72570
72762
76297
64947
82927
83022
83449
66780
88070
89295
68260
92113
68293
91964
91100
86574
85025
64328
70616
74072
88002
76426
88098
67017
73991
85110
87473
85672
81994
83596
69713
70557
83301
74959
61772
78051
70516
71289
74051
84383
76253
74477
80221
83056
65166
76525
69540
63047
85382
68109
74411
61305
65943
93287
92276
73490
72298
76945
66706
82029
78787
85452
76171
83713
70150
91774
76160
81022
88059
69347
64016
83225
84430
75775
77689
81443
82266
69335
78592
76513
79782
69600
80020
91032
67504
77496
79790
80615
85610
71188
93051
68953
68611
82938
73277
61243
92775
83504
82927
93355
85257
72436
75815
69618
69088
68077
78657
74260
68527
67938
68282
88485
93578
66474
69850
93149
81814
69859
67478
78831
85264
63719
88756
91287
88977
70012
87344
63474
76688
85195
83423
86419
90664
68628
87890
83667
81947
68255
73469
65896
84504
62710
75672
61498
83513
65617
64198
80498
78544
71250
93685
92371
72291
92402
79493
80205
92405
66236
67884
86223
75399
75577
84121
81758
80607
71595
67415
68196
73352
69629
90357
78154
72986
69627
93796
90184
68796
83135
88480
83324
73446
75371
87186
80954
77420
73246
63286
82596
77496
84000
84217
93562
73814
75360
63845
85555
77495
87841
68607
65356
88878
74736
64368
84704
88383
64729
71652
73593
65561
78810
74928
83750
62817
68760
63799
70861
62769
62545
76046
64451
88929
62994
63326
83354
86533
81706
72074
88634
84278
83934
68882
85555
72726
62558
66744
76626
67342
82424
78049
75635
86874
87180
91965
81301
89032
63552
93610
89396
85692
93044
93270
74707
86392
66809
84772
87256
92314
68221
65106
66460
84454
84810
67160
74691
64326
86833
75539
62409
90895
84416
72226
62942
77190
86460
82065
92916
76707
64715
71604
66582
69397
75632
62806
81403
75653
86332
85780
72411
66847
83267
69891
77441
74831
75470
83865
77986
67272
79439
73930
67949
89547
90778
67697
68707
76198
64081
91122
87401
62075
70048
78109
64539
65090
61483
68694
69988
75793
72517
90611
72523
81051
86115
85734
66320
65528
66512
62620
76152
82084
79778
82981
71013
72649
81644
66708
61609
87745
82229
71849
83740
61910
70185
83885
80877
88141
78223
69022
76085
86436
67451
79500
89554
71703
78021
84291
93554
79977
61369
66858
83694
73440
70928
63339
66778
62866
62752
93012
76890
79839
81231
80382
85558
73535
81357
81196
81457
85310
64387
92533
87191
87748
73286
86950
93718
70810
69457
75106
73166
89386
89074
83211
83371
68486
77955
79078
67827
63404
65436
93561
85275
82953
76167
79672
81119
74811
79860
83809
65938
65819
66030
74789
75442
73211
85006
70664
89023
74540
80111
72842
67661
78276
73185
87047
91737
91293
69602
68316
71385
90785
81098
69579
91286
91717
91333
70561
76094
89684
67590
61461
67765
68590
72890
87540
63149
82384
90427
75387
80502
75990
73351
64516
91415
77245
93936
75238
93597
64558
89365
72598
92083
76536
93968
76562
67699
64926
61937
91775
93564
89873
72044
70928
88645
63934
83918
76587
90033
69835
70197
69063
74211
65182
87297
75033
77907
64672
93318
66159
74785
71744
91651
73052
63658
63802
81112
93205
86618
89369
63475
88859
75713
93178
80780
92186
65768
84628
74514
91153
82149
68981
63333
73908
77229
61838
70981
68879
76330
65010
71691
66923
87693
62171
72854
88693
68326
76270
77961
86941
90097
84928
82356
78013
80435
65176
74191
93947
68422
62071
62062
87280
81266
93781
68913
68106
64893
82606
80955
81198
87747
83261
87782
73378
87433
80392
71349
78123
74638
85404
80011
79474
86755
66714
81434
80556
84733
83058
91037
66426
68617
88431
73162
91662
81023
73204
78850
84112
79098
75525
84684
86720
65095
72200
62081
70108
62907
69581
69193
70596
68554
75981
75589
81244
86230
79535
65550
90162
83013
73489
64607
86881
72150
88964
78094
70581
92469
80600
77889
77583
64461
83867
91614
65291
77021
63452
71747
63201
69582
68148
90424
67721
86212
78856
78625
91427
66419
66824
81529
72853
87092
74747
84859
90230
85847
84159
89122
93739
78523
71563
76372
91215
64925
82296
87642
67417
78510
69184
88468
80248
65640
78661
69995
76226
82849
72661
63110
65166
71777
67244
87105
65310
93425
72890
70747
65666
84788
91431
62190
72120
85050
80533
77477
90904
92691
75173
67881
83184
74721
82108
76764
72043
75825
67847
83146
75191
63884
82108
94173
77414
82248
83619
82000
76565
83108
67286
65125
89420
77845
92357
93531
85670
77018
89724
77210
64050
62678
63785
69426
75032
88223
75480
92291
76416
93139
64898
83261
81583
84907
79686
65932
93555
78802
82934
75148
88002
87415
70613
70915
62622
74913
65439
91983
88379
69570
61898
64413
85092
87440
79116
73052
76059
93456
68637
85234
87168
78835
63166
65709
84724
87846
83962
61948
67709
76197
61868
84703
86124
89488
76097
83868
71742
86912
84415
73908
72129
62491
71430
86293
86136
83942
83543
68753
91711
82267
94226
64143
86834
93500
85700
67840
79052
64806
94048
93077
73804
90217
79565
72495
62557
89879
90273
92568
93685
93019
88877
64880
66686
72972
74937
84586
86324
68482
69136
88504
67022
63913
67136
63171
79456
67667
86939
70688
64128
90835
89601
64703
76200
72135
93794
75110
79579
73781
67454
78430
94091
73434
80879
66925
74171
70078
75114
92164
93537
91148
90434
75192
83214
65057
79405
76534
90576
63971
83787
64499
77400
61780
63588
71651
93528
72551
92018
72811
73519
76562
73567
81240
92872
74916
92175
91281
69055
73049
87969
69194
71622
71979
67826
79227
62792
64236
72547
91281
68940
80530
90077
81507
63131
87506
87826
70503
67621
77552
91397
87846
84129
85461
89548
68077
65908
79714
85908
92870
63700
85764
77287
66982
71469
63112
82474
61928
64451
90161
66922
87290
83098
83720
83800
64855
69011
65908
83601
76213
92887
74250
73251
86143
90744
72358
76877
64389
76118
71099
87687
68595
75584
63975
85698
64127
67164
84939
81393
92135
86473
90649
63432
70043
92034
73710
72644
65206
82310
76131
83819
63795
88630
83551
81365
75614
77822
92079
75883
88456
76855
66136
87279
90111
94540
79147
70845
64830
87068
93339
74064
84064
66720
63692
76295
70619
76238
84460
93993
76906
62653
83654
69160
66635
93961
94612
90914
73387
67705
85781
74669
85855
75743
82912
71380
74452
82752
89080
69213
66121
82741
77984
66894
92219
79249
90225
67503
80161
70468
85417
83856
70746
73088
71366
66382
78180
71194
64852
74003
73038
87858
77571
74652
93296
69142
75004
89151
78937
73060
68981
65068
90633
92783
62339
63219
82017
72164
71984
77894
82647
65454
79822
73472
92270
83478
72331
82791
84710
69679
83781
65198
77359
72561
76191
90559
74788
74916
62548
88375
71798
70656
77003
88753
88294
78994
70892
63303
93624
64225
91955
63318
87652
73426
71938
91010
65166
68809
71484
73466
65336
61969
78095
63229
65591
92286
75025
84894
85475
66896
66703
79300
63251
85851
90401
85620
67401
90213
63618
64339
78121
79312
86687
91238
64816
62585
67054
63261
86178
74719
71169
72336
90308
74888
73819
63752
91724
91552
84866
66241
75030
73188
76886
69102
72728
68542
71072
79870
94616
65713
67054
93214
94108
80888
75679
78591
74915
88170
71482
77785
64658
86433
91140
93872
91633
91227
65233
92118
87895
85536
68378
89265
84259
77862
83536
94654
63341
72049
63856
76246
65597
64574
75992
75440
78330
70306
63065
86696
73253
63087
92557
87998
83015
94295
70250
67554
92455
82516
80408
72303
93761
94535
71168
90869
81268
86495
78118
91451
72955
89276
65464
92804
65438
69076
86247
64530
75049
86806
70389
91881
73502
85582
73103
77013
69031
93769
63070
67246
75982
74553
82905
89051
92656
78426
90717
86805
92527
93398
85887
90221
83112
85479
90017
62609
73765
83003
94659
78155
72211
76444
71068
83786
82166
78800
88041
90405
90779
85438
76038
81821
83790
81875
70075
92963
77134
67748
76376
73370
71806
81621
67588
85853
84573
63801
70738
63108
63032
66106
66325
65379
66975
88700
88694
65364
65813
85693
82243
72375
94475
75008
67466
80694
84752
74986
73063
64334
81730
65388
93210
92938
64008
88482
83292
70162
77315
65275
89332
86757
64065
65179
65669
70499
65716
79869
65962
85646
82147
72413
67140
62353
68320
73301
78611
79362
73338
78662
91268
78692
84659
79353
92618
70128
74101
74502
63024
64661
70528
70517
81070
73789
67751
82980
92602
69202
84028
76904
94048
75904
83401
92151
87957
63933
75264
63494
69833
73863
69621
73646
92347
77421
73355
90004
76177
73937
67116
87241
68904
87788
82622
65263
64169
76051
90578
78238
82525
66872
81182
79110
84930
79027
80173
88533
92638
77635
89173
66651
84435
73551
86506
94955
77748
64370
77233
82821
62871
88375
66455
64691
65771
89377
75683
73137
74252
93167
76330
63952
70165
65821
91202
90908
66294
85678
75896
92221
62918
68137
93126
76187
84826
68322
64191
68038
82710
73082
69389
81172
89091
77993
88349
64652
85026
81723
86553
90114
66048
72537
92695
74628
91275
65290
91792
89077
83236
67066
66835
89848
79861
62585
79418
90640
83589
94150
66782
70917
77961
68494
64903
80777
77566
86192
76326
68123
93556
74051
62983
84524
77229
73178
69121
67968
84326
94214
69872
88280
67189
73245
74853
89550
94484
85050
82331
80896
77949
69253
85677
72048
68023
78005
88071
82475
66735
71379
65050
77609
92042
72512
93013
62581
64570
69113
91728
88717
87119
80154
87114
75532
65296
69281
81877
88198
91595
90997
79824
88500
82537
88999
72342
94161
91205
93175
74101
92227
79679
70810
82018
84350
82188
80186
77290
68390
67792
80447
75628
72051
72942
78669
83334
75738
76574
66317
62669
71402
89793
65585
91841
94580
63858
65458
69376
83182
88542
69724
65721
88345
91349
69517
82020
68322
66721
64314
89520
85638
78486
75058
92605
72954
81642
76711
73100
86154
84679
88810
83124
79040
75935
89206
82006
85383
71360
87856
79442
72080
67624
91373
82107
87029
94106
65845
78217
63773
82161
87367
81550
70367
72885
66908
76204
69610
88556
90928
80196
76388
90674
76223
70897
74193
70668
75340
88695
85047
73594
94888
65270
82559
69835
74929
86116
76831
64949
71449
76601
93686
67749
77673
79980
82039
77396
83269
83871
94474
70043
69361
72087
86703
80264
79636
77550
74213
62897
65468
93964
90058
89288
71331
80723
92291
72048
65201
82586
84190
63823
78529
75997
71478
94821
91560
87858
86936
70300
66419
67583
70435
69024
88049
90987
64181
89328
65138
81938
85188
75318
65229
89085
69257
89044
80808
74193
67684
84927
71155
85574
75132
69776
92598
68059
63142
71896
83981
84681
89224
80052
70256
70453
72958
63906
88888
90025
92092
72851
77663
88517
69173
66114
77192
74546
94908
93635
69183
85208
94953
87391
65921
85585
86335
79263
66943
70045
90635
72359
72351
91927
65423
86981
63684
62887
67936
66890
76239
64314
94989
68761
77158
94575
75265
92797
68084
92819
80555
75712
93936
80592
85212
92153
85091
82337
94064
73381
66468
92041
66352
72313
71014
74757
62711
88823
94453
73663
75540
91200
84157
83716
68080
66857
69644
90232
75761
82832
67097
64521
75933
90865
94788
85537
69379
80180
62879
84768
79702
83401
71086
71433
88028
81655
91243
73083
67846
67953
92557
91620
71905
85547
78090
63473
77229
74347
74459
91209
64458
63011
67583
83322
70364
81022
90306
85299
67111
66233
94271
78261
95291
92468
74020
69508
78294
78537
75701
70498
72710
89692
66836
65661
87438
65203
85951
91880
95115
83080
91482
73288
89431
93917
92591
88272
91054
71056
79603
90735
86799
66095
74570
90183
66917
68365
81806
74850
79591
74902
95052
92576
74301
72927
72208
68596
75748
79234
67043
69840
66771
69544
68369
70622
89183
73319
63792
93169
72028
70479
75101
72763
92805
63807
92617
91584
89630
94589
81525
68874
90327
83718
85817
75807
74740
85027
78603
67760
77483
79421
75902
71315
73421
93170
64393
77428
89257
63849
63626
88263
83502
73442
69770
93440
70991
77201
70339
95495
66988
75436
73567
91366
64878
86211
79747
64197
81266
79696
69260
88857
89259
84111
65689
81176
70337
66959
86601
80752
71166
63625
73158
73016
69739
91506
69890
76583
94262
92364
90432
91396
71511
63681
71639
76637
77427
64626
72754
78204
73473
93581
73500
84887
63659
79901
84794
93511
83447
85159
89817
93243
70694
71794
70379
88878
78429
88102
95051
69910
93186
63641
68681
77983
82537
63973
69986
82903
92592
67774
90447
81963
68839
82434
68418
67218
73076
87186
80236
78856
78262
95585
74946
87614
79593
88522
62977
88208
64074
76839
79855
81207
85371
77471
81636
63168
84520
65599
76170
62908
63723
79948
89825
81594
89965
84952
77190
72818
80335
94612
94260
82499
90952
63461
88971
94944
78351
82234
88336
65350
84603
88732
70518
78321
77160
90247
71708
64079
67038
75256
78294
93301
63981
86471
90352
92433
66267
91703
70768
65951
69762
91852
67740
93408
64499
69724
93884
73608
68959
87913
82465
89399
71992
73902
93798
87467
63635
92152
76534
74292
90321
84279
77774
79720
89726
73685
75653
73495
63353
77894
66185
69250
79957
69601
69547
76999
78080
81646
64990
73120
74914
76032
76603
74829
94408
65413
91465
94927
94146
74395
65148
63831
88649
68645
89339
84478
93286
94494
91814
91318
86415
68910
93784
65409
72722
85115
67177
73441
84919
83906
89208
70287
75680
83622
66151
76399
94069
80968
84134
79812
75710
94743
69045
77473
66960
87274
75492
64416
81260
71756
83550
90581
80228
74774
66149
95493
64127
65604
90591
66580
76127
78593
70162
67517
72225
83204
76204
92550
83845
90143
72966
79602
67919
80917
83881
70904
68077
85421
77586
67508
81753
93188
90802
90717
92993
90151
73017
95095
91750
70369
68372
82249
80706
85202
88628
92818
87021
81089
63250
65400
81729
79924
72432
91841
86333
92733
69473
74565
74407
91286
84747
69027
78837
83696
84908
87604
79726
94345
86363
90941
83597
94205
89873
89961
67238
75102
74855
68726
65739
84614
79009
77358
78065
87468
77548
74137
69711
92726
80868
95345
73479
84942
66649
69846
78088
67512
66899
86339
66099
84067
91475
69825
87485
67390
77532
68442
74964
69836
70706
74449
73861
69371
73826
88976
68317
69042
63874
75234
76622
77225
71738
83810
90709
63869
71812
63668
73818
69892
67503
68466
82904
73438
86954
76905
74429
85068
81791
71174
82708
75589
65822
83723
67297
77511
93276
70022
85836
63852
85819
71172
88834
76349
90988
65282
91097
75722
63762
69796
81843
84347
81609
90282
67748
93985
84711
84639
69719
79568
84482
95315
74413
83185
63154
95884
89000
86675
81559
65017
70792
95746
80030
63591
76851
88475
86145
74295
77530
87262
84877
67600
73946
72645
68264
86225
94432
63572
77202
91082
87377
82546
64363
81707
71913
68087
78966
70332
72354
75526
78108
94927
66775
74909
94772
79732
65449
80234
67201
89067
90786
82657
92540
94815
76184
95883
81748
65489
78036
81313
70196
87122
64628
93913
95428
78709
69390
88704
77298
90372
70550
89289
86514
91634
89730
92773
93315
74129
68139
84819
73845
64261
78455
63482
90216
83705
70581
85109
74966
79248
69832
67118
82772
89246
91272
81838
84756
78361
66149
89779
68271
68298
92750
75907
74529
94536
95185
94337
85013
92455
87171
70910
77156
94829
91554
81489
94680
90437
93433
70698
63285
89592
93444
89379
81786
74008
82005
81048
67428
81919
66614
66233
75316
73080
71312
82653
72370
86715
76555
74778
92530
74911
80759
73746
77910
88331
87915
74767
70484
65709
71467
84051
91769
67823
79311
70057
80174
76327
71330
94528
75451
67086
80329
95929
69641
68212
91173
92287
74412
93234
65146
79447
86304
85599
94160
64056
73811
92615
96025
64348
93796
84120
83989
92055
71339
92767
94067
79592
71417
91187
82489
93518
72225
86320
89189
77532
68535
75560
94932
88592
71959
82836
64612
72801
82857
83153
95830
79127
92260
66441
83958
88671
90257
82031
67965
95391
73682
88623
78390
74759
95074
73636
94688
83049
83614
70220
80212
90954
69829
77050
79463
89145
86012
66251
83730
69471
79253
84571
75728
91736
92048
76089
90440
72513
64354
86936
80172
95762
69110
87111
76385
95278
72946
69859
75872
69177
66875
89675
78300
69674
84667
80212
95909
79777
68962
63422
70860
68730
85866
66919
78088
75682
94432
65983
93784
89129
66656
86396
67818
95897
90400
63631
71740
67207
71215
86102
81025
91751
74495
93715
80710
95653
71970
85405
85845
80113
68433
70741
77785
87258
93618
65628
70340
71326
84827
88067
77422
65344
95506
93571
65150
66780
68950
68335
86030
65080
71076
88678
88330
93339
90355
73357
89817
71650
69505
85820
77888
78032
96209
93816
95875
93606
73972
76194
74189
87283
78345
72429
95441
76462
64256
81686
95154
78722
64163
95055
80416
82537
67030
69500
64709
83068
95261
94369
80351
81674
95584
67483
89390
95207
95467
81935
88848
73734
77241
86945
67307
67658
87026
89446
75979
84122
96178
82331
71244
71988
66828
81303
86715
65091
66895
78846
64120
71091
66951
67896
64926
96068
83527
74785
93670
88797
71846
91906
91081
63780
68744
79041
81637
88651
87071
87636
83362
67372
65713
87163
92181
86169
64667
72111
76325
73965
91798
94293
63724
68583
78393
78136
94048
69817
78271
79414
85554
82523
93451
91450
76534
84517
92649
92010
72325
63645
84375
90273
88735
88206
89988
80671
81621
96346
75095
88959
91302
89488
77875
86250
94953
87745
68409
87435
92267
73616
72527
78658
81368
68361
94240
90269
89823
75828
75364
92676
81553
70889
81762
64307
68362
94949
70067
72942
83028
78622
79688
64239
80520
76628
72879
83492
79670
76265
71057
67351
87559
64498
72320
95406
86177
72078
70639
74516
82379
93303
87682
73463
74706
91350
78985
84212
69163
86108
84167
66895
95833
75662
89719
70632
96274
83296
72337
74858
92317
81158
84553
64198
80254
82439
64216
79840
93781
87699
81536
72327
76292
78870
82634
85163
71440
74253
72723
69834
77642
77593
92742
91052
75438
65617
80619
91728
64907
76509
85089
74790
64996
84929
71271
67967
75798
86518
80866
73281
86716
77503
84442
88287
66000
90170
92101
73096
80147
68149
89352
81311
85422
69956
69563
68460
64281
93200
90284
87569
81724
73458
67751
90559
82388
71105
88821
77865
84761
85992
69923
77113
69022
70331
66565
70658
83832
71179
95737
73719
65186
89847
86640
89690
89248
81158
67243
78839
93539
73075
88003
92945
83309
75976
88556
89501
86837
89774
93434
69550
90061
74756
90661
85553
66242
96046
77577
75226
68932
81584
86513
83550
77958
91643
84820
75235
90984
81030
86176
96436
84820
84769
72759
86330
76901
70535
65207
64552
74959
93746
71039
93429
79739
64115
84591
85647
92657
87233
65774
68686
63867
67410
70706
91942
93063
92392
68284
92962
64846
89582
74529
88333
79539
77763
73232
88178
74862
93782
92561
67016
64873
69619
70027
78054
79722
82780
72073
90045
85747
75804
74685
92485
83559
90392
67910
81080
73837
79207
83886
76031
88473
78691
92087
79977
75082
68096
82263
95395
94670
68701
82177
75493
96205
70553
70182
92265
88292
78568
86780
71457
70032
94694
79230
66217
82510
65835
78260
91515
70656
72991
77108
65122
80787
70415
80873
89649
90335
72833
89619
81332
93390
66757
89999
94183
66241
85197
80985
83046
76079
82239
77391
93733
91535
79559
84023
82529
85881
90290
82436
91094
89864
95673
88661
77363
64130
71450
94527
95691
67387
77294
81996
94093
65974
78518
86979
87350
90382
70455
76074
72133
84372
76424
71434
82479
86714
65385
90610
79445
91184
81110
74430
73267
93772
71900
90649
73562
65967
73132
68929
69280
68134
67822
75787
92694
78030
79191
90150
77626
76156
82558
91555
90478
94043
93931
76981
87209
79063
88177
64694
69741
68282
71359
94315
89849
66197
91185
84873
89279
86114
84204
84344
72728
77671
64553
84310
78135
69214
94161
64319
80475
83666
80459
94924
79945
91084
86673
82649
84730
80815
86666
67212
75409
90465
78740
64403
87184
77995
80223
70060
70986
96739
65282
70507
95644
69832
88648
85048
93400
82605
67915
85911
71426
96218
89669
83372
89919
66607
89506
90366
77450
92938
66138
90491
94889
72299
72829
84156
69983
90454
65040
74635
72676
75129
92695
68770
87698
72719
96755
85174
92385
68100
93422
80820
84373
85850
71189
83787
80694
82379
89158
82602
93377
72368
65673
91019
70301
64545
73379
69744
68560
86366
72681
91180
92019
69229
96339
68262
89699
70405
79313
88794
70970
79019
84450
86560
80510
78875
85346
87217
87320
74217
89763
87911
87815
95848
92608
87748
84053
90315
84782
81718
73290
70026
65684
76441
70369
66568
89053
71422
69752
68466
93323
64171
67019
75498
70478
88419
79395
90341
95189
81639
88523
81361
80100
82620
74436
65020
89767
96559
96697
79537
96070
95639
67381
67236
73145
82394
89364
92559
68318
94002
87096
93982
65736
74801
94845
88329
65626
84995
93422
91263
64789
84724
72249
82635
66351
89137
92512
66866
66533
64723
78002
65562
80914
67609
92410
92530
92415
92405
76022
79437
81789
66763
95498
64464
88369
82805
79670
87887
68656
88202
95046
74163
90316
78304
68424
94751
72109
77647
75843
78803
66083
67512
72486
86864
95930
65350
84479
83644
89103
86772
64877
95625
96227
64848
74328
82770
90222
79998
87007
82437
95733
90495
82322
85831
72351
73908
83426
74004
72837
64413
82133
66982
67080
78823
68351
88729
84071
71590
70829
65356
95377
75487
66915
83594
95799
78409
94089
76650
66854
87892
93281
85363
82132
64875
78908
96260
76344
79990
67310
80115
94175
79012
96383
84597
81981
69479
95779
87102
71233
82368
71532
83945
78892
65468
69567
89241
82082
78143
87045
93665
80385
92160
84130
82401
78835
95957
68523
96946
70463
69169
77651
79621
80869
66026
96423
75270
91497
72768
95868
70279
67951
74268
66725
76122
73864
93333
69481
65278
74060
80824
76596
71807
95657
75401
87180
64407
88698
85061
93255
68121
89435
76522
82939
76943
93372
81657
85687
69666
77365
86139
84464
64443
69401
69954
94910
65640
82766
94321
72521
67841
75356
83775
78973
68875
78531
82679
73734
92892
66450
77891
89720
77056
70709
68523
93645
81628
78479
64345
93205
87185
87881
71199
86633
68132
88169
72635
89121
64987
76326
66137
93767
92650
74234
64857
70475
65870
94202
90451
89847
70650
82531
67928
85670
81457
83829
74107
96689
75571
65924
96912
75307
70427
74060
84788
71118
85000
88709
66062
73524
75387
91831
68948
91979
75008
76368
80784
85763
65297
77812
72100
92489
69431
93716
94731
68921
93298
68290
86371
88207
78555
70083
78888
79455
81800
86246
82371
81415
91056
85653
80067
65121
86799
69290
94314
67901
86412
72068
70507
86798
91162
96601
96242
80611
67804
74189
80101
85657
80524
95684
95337
73551
82717
89973
86953
80411
74143
77505
81875
71931
67428
78274
92258
73743
77921
80806
65187
97029
72406
69054
84594
93908
90674
87762
64581
95149
82225
81080
90221
76590
65351
74788
87960
67290
85313
76482
80025
78534
87338
67458
65388
71828
65899
83252
93556
69285
81719
68436
65288
67467
81958
92455
88622
87485
65312
87815
72358
87951
68733
90618
73515
73569
91498
79242
80885
93206
88719
96209
95874
67016
84463
76756
77462
86713
77839
69138
88193
80013
87130
73564
76960
73143
70852
86502
94246
73522
70830
68767
80668
85617
86793
96446
90023
68504
93119
85405
87690
85996
67662
69323
87275
64648
82870
94301
94042
65875
66966
87428
93711
94254
71826
73061
79475
86130
65527
78372
93667
83609
86178
69186
80304
91195
69918
76842
82026
78909
91404
70662
86110
87877
67528
97239
85853
83056
88649
77253
87999
66120
67657
75955
75432
93168
67750
77591
81802
87714
64777
79881
92395
76636
79045
95898
91753
84181
87810
93030
70651
82358
96282
78957
83577
84743
73283
69406
71007
93927
96623
82101
94670
87937
86640
88263
77523
83515
95584
66075
89836
68400
72512
87484
76488
69857
71391
91212
66895
86055
84221
92571
90338
82029
73649
89721
84452
71707
75016
89288
68217
94549
90351
68053
80781
75494
70227
97000
91929
64887
66438
83993
73633
93445
64997
82278
78082
73362
73912
96771
85610
94746
73561
73201
90536
73928
76441
83410
90022
85866
67935
81148
83507
75043
74898
93644
75526
80479
68153
92220
91136
95244
76769
79544
65714
73480
89151
95534
77087
90069
86039
89701
93635
84628
75357
82831
66772
79665
80793
74273
65735
75227
85136
84962
70678
83895
76832
87362
72257
65493
69740
81390
93715
94307
80697
67489
95526
92192
65944
77629
66729
82964
95942
80922
66401
72063
81488
88478
93422
80911
84346
77582
72272
95317
66530
92579
95145
96890
78689
77025
94020
67886
69426
89380
66007
72930
86614
96380
91141
78647
85302
94650
86311
73398
80523
82379
74572
82625
88955
74565
94334
84937
73476
76864
68936
79810
88222
80487
71797
82644
84508
91471
95257
68692
66772
92935
85974
67570
91647
84720
75864
69428
78435
66254
90146
75555
70959
74272
87437
85572
67110
75693
72205
91849
88831
89440
77495
69897
67596
75349
92672
68142
87067
95028
92872
90925
66458
86206
81047
74748
81662
83109
69926
77567
79973
93345
78625
96451
87161
70592
71211
92142
88728
78334
75811
94582
94259
68117
83877
83218
90996
88470
66516
73198
67876
85817
67927
68515
78283
80753
90274
83814
96793
77636
90487
92543
96900
64858
65452
70398
72243
86356
87342
90025
67867
86367
68934
78904
75112
65032
70939
81093
86046
83026
79225
77694
95488
95749
96720
75677
84401
72778
67712
76954
67609
88181
86099
80286
75786
83746
77643
88380
89123
72067
95903
76124
87541
88312
94208
88951
71013
67808
84000
66826
83793
72368
66165
87108
96119
92226
88635
97538
72082
75887
79032
94718
77253
70111
67779
81475
66621
73760
89991
70373
91155
77558
86661
89326
72047
90098
76504
96155
77555
65094
67005
85705
87639
87256
74322
66986
83024
76437
81054
95676
66487
88328
72146
72188
66535
78123
76238
80471
91751
74365
90599
93025
85961
88148
79080
79433
81873
82293
85078
97549
79066
79330
91897
93930
73334
77555
65687
74007
90965
83368
75523
73650
65128
92990
73815
68347
96069
69632
83581
70848
80334
76896
80884
94744
69901
90182
89552
70996
84323
72872
71427
82995
81378
68443
96476
89685
87287
76073
81101
92146
77900
83491
70513
77004
70636
90168
91341
69474
84137
68615
91607
88167
97723
90098
75572
72306
93609
71028
65862
65015
84589
87220
65894
67958
79059
89690
81006
80370
82722
67489
76411
65445
88830
81069
94193
94962
90765
97568
79807
87451
68825
67304
66276
78900
83317
74586
69938
80856
65380
84613
83793
71706
92982
69824
79368
93502
88180
70278
75448
82602
83518
86660
86313
94615
91955
81391
73353
93196
72849
84763
73138
94221
76957
91722
68780
97040
79942
73922
72563
70064
78853
87586
84986
77733
92167
80885
70511
95220
80782
69512
73921
89443
85909
87545
93280
76592
76979
90769
95556
79362
67649
71507
85808
87328
91327
70613
91704
74721
70004
83535
72577
80740
85333
70386
73544
78976
69928
66939
76837
67070
83177
82183
67473
70406
91245
74281
93095
97752
87877
83770
81447
70333
65509
94960
80064
89916
83462
97586
91791
84368
73800
83499
72419
80986
90396
90014
83267
80532
84705
90233
83634
94150
77645
71340
76849
69756
73231
68411
94854
73463
91826
68754
79676
92195
94661
78618
97003
85193
79161
70665
88249
76550
83978
71294
87841
97276
88354
73421
79347
96711
68986
66583
89500
90546
67970
66591
86952
75435
76227
76120
88197
75765
77506
87875
70282
81949
90152
94455
92727
81967
92961
85505
97215
76585
65538
94575
82371
83376
95022
79656
89441
85506
91450
93055
73581
94252
79439
65799
79614
84605
84176
88232
76077
71226
87869
86002
95769
84115
90456
68018
69423
81878
95366
74947
66216
86243
86903
87335
65618
84192
82185
70486
72596
79662
94826
87510
93868
70555
93309
67852
66364
70873
86144
80210
74757
84783
89067
74570
97266
86894
73627
73329
75352
79399
78383
71159
70780
83739
90547
66510
93270
71923
75900
74241
83092
88369
92498
83527
90594
75879
79573
72664
88425
82598
76313
77695
81045
68666
68756
66032
78364
87700
88378
70749
73788
94600
88294
74564
85060
89273
89596
66443
70485
77137
90956
87502
73834
97269
70202
66552
82838
93944
95260
81168
85645
79054
86756
90966
72294
66244
68863
73871
72351
93167
90237
70813
74082
74850
94577
86610
80134
66724
69531
73350
79577
90466
65348
75111
92957
68448
84330
72209
70224
68533
87837
95327
93105
94264
89129
82176
71935
80950
87285
79821
76676
86374
72619
68697
66130
91422
88217
77002
89549
87494
86488
90856
85097
95374
89643
68468
87221
71516
98089
87995
65689
67336
91807
85355
77275
73164
92976
96420
83944
76278
77886
66642
85714
92384
66830
76987
85909
77346
81702
82004
78238
68358
70650
74457
97678
68157
79304
67228
65851
86992
79809
86046
95479
85337
97641
88028
67094
68210
80192
97899
92842
74094
81570
83655
90769
79943
76524
92905
84402
89560
76256
73367
73603
66380
88395
95360
75727
76247
69604
72072
67766
71844
68472
88673
68085
77582
84548
75611
88423
75538
70563
68221
96460
89092
95209
82900
80074
92546
77710
65547
91441
79527
94607
89404
67203
82304
80145
78342
89268
81604
84551
84704
96046
90559
75415
70060
69144
90256
86008
86928
65752
67732
88991
71937
73174
96034
71642
82976
71555
84601
84284
92490
84635
89846
82682
71146
80295
93323
89749
96658
90565
71788
71353
75083
85163
85771
84326
87337
66538
96839
91469
96290
84336
92128
67197
92703
80209
95279
83518
70740
80071
85268
82493
92109
87671
90415
73450
91722
65525
85843
67871
77133
77963
92727
97026
79729
97590
74863
84012
83965
74226
96411
79115
79033
95287
74207
73092
66049
89796
80019
93917
66839
84635
67387
96475
65726
72013
76729
88615
94212
70775
88257
68598
95071
95885
84878
86249
70651
94422
84435
68402
86355
86712
80885
81401
77055
79414
79735
81406
75980
87479
69046
87423
92946
93961
78550
89948
97602
87973
69884
73081
88255
75317
72637
85604
79343
70995
79831
83512
86417
66452
84767
69313
72785
79045
67771
86752
67737
79988
85393
71985
92843
72115
73983
70124
73453
80920
77261
97289
92803
68104
83808
91560
84515
88117
85808
84911
74533
74342
69244
89269
68314
66935
88124
90911
71711
72352
67415
72328
95026
71674
77078
95335
71620
88638
66520
69611
97615
80848
96776
92458
72105
89341
92493
66427
94682
82305
85504
70432
77099
91981
70371
92713
89727
80519
83216
76948
96230
68305
82991
69561
72816
91598
82668
76006
83007
96994
76713
69446
91872
93242
81263
87303
73692
78093
95531
72635
65929
93473
71447
83967
68134
90512
93302
71771
93991
88780
67972
74602
78542
81889
77741
65851
79867
75514
73725
74742
84037
70439
94680
74691
81993
81757
82411
66023
87618
72383
85346
75568
77531
88603
85339
74132
78913
82616
75419
91413
91003
70223
82304
70632
66558
75863
73271
70101
97660
87173
96559
91873
81918
93844
70606
79147
94770
72514
95586
83476
88582
90779
79962
94882
78709
97145
79798
92967
92577
94284
78012
74269
91683
65815
77037
89685
92831
91835
84023
79953
75931
88952
75628
67310
68497
68785
78579
98117
92482
88559
92606
68564
68686
66857
90235
73433
85250
79939
82191
66559
76913
66516
89664
95548
75206
80684
77745
95994
76248
86422
84500
81781
96511
72922
75675
77156
85799
73990
87215
70107
71202
84334
87269
86384
70211
78578
87086
73885
81192
93055
96334
89957
82647
84697
91791
88122
87309
84119
86454
91679
84178
95087
74806
83466
78417
93619
72356
71564
94951
70428
90731
86195
93562
76743
69825
76080
87308
86141
67033
82101
84367
91191
69722
66721
79611
83681
91409
71903
76447
75103
81634
83979
70324
68302
80645
81623
72760
71436
83311
71342
74490
97914
76173
95127
92145
79616
72504
80219
66001
95826
84966
72682
80864
91506
90141
69371
87814
77175
88366
88307
90404
82316
83743
85256
71335
68155
87785
94374
66141
87532
69860
69649
85895
78504
88959
67149
66095
70947
71220
80955
68028
94458
90299
74500
90563
75321
90750
77242
79136
92192
75342
69181
79686
98599
89684
80220
75731
71743
74826
95805
78952
88923
68075
97535
76983
78639
69031
92317
81117
91191
83868
98326
74227
82172
90818
72395
68831
86419
79461
74792
75632
70758
70617
66182
94123
80951
72809
91472
89439
69473
78736
81509
67072
85089
90476
92862
78513
79766
80239
85585
72867
79429
72024
91957
82846
72416
87137
72710
70365
67208
73402
84363
83999
66512
85303
86934
86267
81604
81222
81196
70260
97834
96547
68582
85709
82439
93263
96919
73119
76645
80958
81711
76328
69972
72015
92128
76774
91951
72706
70527
85348
88096
66150
67884
95573
80870
90576
95029
75231
84182
73938
82232
91705
75552
85355
95624
92792
84308
74620
90578
93606
77349
87931
71425
94741
94060
96619
68702
89074
82544
66572
82428
72221
85348
93263
90707
86328
95793
83212
75563
81151
69238
84727
67004
80855
98509
93393
91667
80041
90961
74715
92599
91888
70493
77968
66957
66833
81558
69523
94969
71916
97579
80615
80966
88752
90459
68446
92232
82419
73784
85588
67903
92418
79787
91036
78591
80501
79289
96187
72782
72967
66820
77396
94094
70053
90773
86244
69276
96197
90328
87472
85495
93177
72680
86779
92965
95428
66317
78459
82514
94636
88964
80142
67387
98448
90238
79530
66890
85308
74858
94866
76546
98107
71543
75728
91294
80364
87893
75231
68085
90841
76860
92584
91041
74307
87856
82608
68448
86530
71043
88207
76730
85644
97691
74916
90853
89683
71926
78855
85221
74580
89962
83391
96503
84716
96178
71989
85552
94190
90406
98537
74594
90868
92874
68964
69183
85234
72586
91246
77249
90129
94148
71808
95177
68282
69639
70780
78342
90352
91419
94108
93720
77796
77121
81320
82165
94147
95931
77677
83340
67539
74639
71530
88745
71870
88713
75468
80921
82222
67967
95901
79630
69785
89304
78136
97733
72799
86095
94208
89701
92946
81141
74065
90411
76308
67701
68279
70084
90472
88476
80734
96250
72130
95769
66250
66451
76000
77185
81864
94070
71709
95638
72613
90128
88388
72648
66973
82166
81314
77820
98966
75212
90975
68749
75023
78437
68878
73616
82259
85547
71554
88413
78322
75458
98787
91211
82033
83432
80898
68026
67137
81568
77546
92247
88558
79247
78776
90011
72857
84134
93356
87189
97192
72193
78975
78826
96956
98831
71671
87322
88547
77044
69050
74500
76816
75563
90208
77229
78280
73072
97995
67901
85021
87005
75451
73290
72672
71763
73117
85849
74003
78875
93092
71586
93853
73933
85275
67348
83521
66673
85498
81817
78033
80101
82871
87963
91807
90751
72030
83399
72757
88562
74212
80401
67398
93558
91321
67576
77796
81187
71836
67083
90610
79518
82099
67244
86749
95224
73691
85524
85895
98771
95805
76183
67204
86215
81186
68649
82569
87556
87304
87074
76065
73528
88564
73278
86434
89523
70155
84456
84064
77001
76380
70328
86560
71543
79361
90938
66512
74058
74598
83185
98933
87677
72680
70043
98148
75617
98722
84407
83125
70402
98179
78917
91637
91400
90020
76749
92443
68315
72665
81058
97213
82955
89223
96360
67716
78318
88501
74452
82142
68235
86629
72627
93938
94902
69156
76334
74713
82813
72928
68940
71179
81603
84218
95672
82967
96043
94108
85189
77720
94008
78669
93359
83044
78770
81090
77348
81926
95563
97783
93954
77167
91522
76671
95843
84200
88776
90137
88535
90187
98273
73347
83952
66419
70286
75155
89092
71921
95593
84611
89902
76544
71952
85389
72342
98492
98437
89271
73458
87950
91349
80113
75085
86251
80888
78173
93447
92222
75513
92398
80670
66850
68439
72244
89771
97749
89002
85366
89776
73193
86921
79106
79120
66877
76460
74689
80607
95020
99150
86542
76252
86532
71637
91336
87868
71354
93109
92838
68522
84188
99218
82891
72843
83654
92325
75675
76422
72217
97120
81100
76100
94313
88405
96192
70772
68662
88660
78610
95763
82462
92371
79471
74218
87632
80275
73639
84568
85572
75393
90627
86609
68266
78043
85978
98471
81312
93843
90719
96392
69927
91896
78781
72521
70104
74387
89958
79713
78291
94799
81063
75961
96249
78302
75649
85539
77659
67927
84916
96295
76529
94756
75292
79110
94608
99099
77888
73209
91670
83947
92713
68026
81896
75706
79472
84037
92062
73484
81051
84960
68604
86247
83370
90969
99108
78645
83692
92559
85003
88681
69399
69171
82986
75877
84376
72656
91510
90779
85032
89865
73873
95091
90784
70435
75586
88813
68878
96195
80675
70280
91144
95224
87193
92258
71488
92795
79369
71072
80473
74550
81737
70672
87033
93700
70997
96013
90912
90808
94788
84900
85688
90720
78202
82933
95085
81355
93214
78299
82878
75080
80335
70863
77396
83377
92562
81673
81555
79528
83727
87529
76656
73249
81918
78230
84098
77089
97756
90085
68955
88516
83938
85628
75544
96901
82231
90167
84023
75450
87909
94666
76457
98398
95498
70056
96296
84755
85200
93988
68811
95335
86174
83158
83928
94551
76048
82497
89817
70930
82213
80050
91890
83199
80440
69483
67697
77312
89138
82689
69799
89849
87549
95235
87543
93324
90684
84188
74284
98855
74809
75515
71439
99393
86302
67377
82234
75744
96617
92506
85287
74591
67226
76607
70284
89198
82222
83643
92651
79706
94929
80669
98404
93071
96464
75214
73167
98651
88781
85556
69895
89332
80310
75989
79496
96957
76536
71104
85309
82117
87023
89641
69011
67984
88481
79187
79570
85019
96429
82099
67245
66842
88446
93010
85784
83332
95428
67699
73305
68177
72741
67958
77154
82307
97071
84732
67678
73827
74898
81228
75146
77581
98188
93173
89670
77102
76196
75957
97900
78861
73883
89498
89568
80328
84128
84583
79976
88544
74435
78137
79806
67320
83884
79466
91108
68058
96909
96182
93624
94651
92245
73372
67528
88512
91943
94727
82279
75713
84490
76590
71681
75852
72930
70073
78507
76781
89247
74533
97278
68012
98228
84329
69158
76504
90826
91354
75062
99331
93622
77132
68542
73550
99497
77434
79264
72679
72103
91048
97567
83663
94779
79494
79417
78049
95592
91480
68663
91664
71138
70740
89474
76272
76927
69195
68024
89464
87784
96396
91647
94726
77460
97798
84890
69027
93175
79276
95418
83080
84470
83998
72598
68578
81311
71813
69565
84435
87575
95422
79275
75449
88275
69820
74907
99250
93707
86311
87709
80480
94572
76105
73448
68073
80654
69675
88689
87362
95397
86267
69309
71342
85755
80561
92915
76929
76702
94963
89909
90922
69333
94261
81456
90224
93657
89892
72946
87036
77122
96069
91388
69912
91072
99033
85145
95670
79115
73221
76142
82612
88349
94511
86353
84318
74654
92843
97631
70197
73632
80791
90952
90351
70540
72707
96494
80318
98652
72278
71215
84949
96011
96748
92414
91433
82762
91396
94137
86900
90741
95706
93622
87680
79813
88848
69152
67490
91847
72530
76033
88708
90381
80954
89759
72488
97315
86129
97548
68906
74692
78104
91129
69702
97358
91750
88779
93721
67956
99218
68849
79148
77107
96755
73844
83246
70407
75622
72399
94337
88926
74736
67586
87801
72525
70308
71650
89568
99458
96711
75187
92477
84346
91699
89592
80469
70132
89593
95882
71539
70565
91722
77032
73957
74541
73880
97998
96071
86346
82680
86281
71428
92235
94155
96393
68889
89544
77981
88504
92444
68753
71757
70154
69757
84708
86126
90069
87821
78051
71150
80996
98492
74564
92405
89159
69799
95819
95248
68076
67922
81141
93839
69236
98865
71799
97836
72895
79470
72678
89069
94921
94438
71736
81995
75066
96629
91243
88723
84280
92019
95748
87949
94336
97662
89531
80732
76725
94842
97397
70309
67319
84951
99442
81651
79032
77074
72392
90714
88779
82047
77072
77403
79294
73029
85855
72200
67178
85674
79480
82792
97736
90257
74303
98333
72455
70976
85105
90436
77787
75879
77715
77469
98071
82782
80424
72940
76158
67247
82471
82847
89302
85204
85164
71088
96575
68162
97774
90573
73923
93862
83313
73143
91438
76654
72317
98536
67616
99211
89294
78456
98656
67701
77197
69185
81779
75888
87167
83266
87662
94735
99709
89409
69896
78070
72228
86964
71667
83939
70605
92130
74605
93168
96703
86086
92946
75026
92068
89908
83956
79846
90170
88767
81133
89261
79947
68569
88372
92052
77279
84156
76079
83514
98224
97929
76168
95852
71902
97839
94339
88627
74980
69775
98703
68880
73675
71134
98075
73350
79518
78922
77482
87513
68637
88544
99114
90902
79285
71085
74113
74067
99504
68643
70506
85560
94122
68287
72831
88766
77892
98025
91542
80183
92444
87068
94801
85135
92156
97606
70897
89297
88145
77170
87147
79084
96735
99236
96446
85432
77748
77316
78211
76340
97114
84031
68294
84242
79953
96555
74772
85877
76732
70570
89557
86265
80987
81616
94429
88308
91833
92488
74813
71931
82343
68595
71007
90280
75496
98259
83538
82587
87086
92968
91746
68287
71750
68056
67820
92622
90255
87316
81520
96792
80560
85561
82920
98688
73354
94452
80984
70855
70764
69802
75943
98317
68486
75031
70061
71828
95393
84533
71821
89032
95501
96095
90437
98172
83418
78262
68483
87927
70475
81348
77243
78895
94343
70751
99958
73428
78738
73424
88045
71312
85372
97845
74198
78606
94936
90660
77182
86073
75888
78481
73752
75590
67639
69874
67412
96500
86655
95392
70708
77074
73580
91777
96284
68418
83113
73700
71720
94462
82777
69804
68289
75992
86609
69809
70515
83718
88196
82019
69881
77597
93118
89265
70042
75549
75670
68137
98745
72622
94366
88928
75943
96681
96220
71316
92091
82138
70270
97936
94117
78853
80329
74448
90111
84518
83795
96998
99621
83197
82290
86300
75847
69834
84980
82011
75196
86358
69904
84299
81305
81970
79517
82620
86659
81987
78722
76101
68289
84607
72046
70186
67477
71665
75465
83331
75469
77059
79082
82843
98965
76284
87690
80279
74639
99528
80504
76120
71974
69624
75407
84130
93215
94985
73446
88957
73584
96233
68934
69083
78678
86455
97505
69756
89762
82122
81472
97551
94803
79862
67454
83354
72554
91914
91316
78619
95994
85661
68788
79728
76927
82187
93690
71284
98928
95418
67551
76395
74008
68514
91152
83872
96161
78860
83007
99148
96114
83609
88088
90554
72123
99719
69495
77737
90957
90416
89304
68338
88752
91603
97295
89706
74863
79511
69945
87306
80311
80333
78834
67661
93472
88694
80584
93658
78283
99077
88816
84067
88237
79206
94264
73677
79914
91198
98621
99473
94694
94581
87006
74338
84696
95730
75248
91664
84384
79525
89651
80556
69402
92875
84357
74221
73011
79725
79958
76754
98299
99370
69724
70025
68860
68919
75400
96144
77003
87716
95544
72474
90844
91361
98990
93876
100250
89728
68545
92712
92343
97084
83666
70049
82881
91195
86786
96273
85751
92560
75682
82128
83034
78084
71660
91270
74503
82454
81648
81226
72387
70464
92112
73227
87512
97404
83504
96559
70944
78599
70377
88699
86623
78437
90365
79923
89301
79525
81616
89986
74772
76774
96149
98331
75024
79642
67846
72481
77173
80906
74072
88389
92477
99483
80238
68654
93825
93519
73549
89885
80783
80654
99536
96977
88894
97831
91804
73896
74622
75410
89943
98568
82483
77176
80661
86269
68676
96244
89875
90915
82670
87836
88488
83911
82783
84283
77432
79945
87168
90209
78571
86468
100114
94750
69342
90865
89084
95370
79256
86345
74979
76936
92927
88426
86780
69964
76043
77500
75806
67867
96636
81492
97820
90962
71624
71961
71761
78762
94040
84261
78716
94906
84467
71278
83919
100286
82555
97957
78146
73622
85975
91230
78381
95506
97328
80242
99350
93804
72800
75937
92871
78870
72615
98940
97700
74934
77728
94595
72508
84592
67700
80266
80670
79203
86350
99937
70126
89974
70927
69043
80824
97620
88898
100399
90243
90293
69970
83430
100138
85984
70650
90612
68199
95853
93438
88419
91185
86864
71961
67916
82760
83987
92726
88127
73486
77155
88547
69349
81304
69838
90114
74724
90117
98251
74177
98051
67854
99323
68813
96143
70111
79022
78531
70141
98597
98729
96488
82128
88169
72487
94233
76990
84892
72477
92421
83982
71411
86978
71833
78148
91893
91983
90300
76032
100050
68867
69949
73508
84214
75627
79113
72501
89566
69600
81826
99332
68906
80721
77516
68237
99572
72771
95370
80927
78689
91669
81224
98237
89717
71049
91738
99013
93740
90752
80037
88271
72902
98053
80796
86744
98658
83853
78959
86432
75982
84093
75134
71504
77982
81133
90644
89184
71803
92844
68178
76728
81342
98180
99177
84501
79166
86975
81933
76975
96101
79337
93478
82713
70282
74712
87752
71784
87930
70890
72037
69527
78936
80270
95041
81706
78248
87046
84519
77842
83366
69227
80219
99281
94684
94705
80847
83422
89843
90988
83609
93259
92874
84243
92069
84901
89285
81284
81063
98844
78952
95241
87636
73187
83492
78362
89042
99034
72304
98851
98925
86891
82716
99207
77195
90289
72418
97252
84706
91616
74559
69017
81640
70369
95361
79749
95627
76348
95264
98834
92963
79419
83281
97650
82341
72013
75737
95529
79385
97704
80159
97484
68174
92210
84870
80392
79564
94882
83961
69605
96522
94434
85448
69452
70113
99768
99506
86216
84033
92838
87363
72585
99363
93967
97120
97710
71102
94874
75552
80324
97534
89820
73693
77193
83250
91185
73099
71158
84229
97770
85065
87165
94895
98734
77366
72080
85100
81434
85894
71778
95533
93355
98517
75761
85390
96990
68538
95556
94473
93845
71072
76529
85865
92605
74961
78307
96897
69934
97236
94042
97309
88786
81657
74803
84025
100106
71730
86378
73585
84301
85284
83421
95673
91155
97150
80211
78158
80881
94090
71868
87533
75269
84226
92091
94274
95636
90660
88929
87459
68850
77064
70204
68606
95650
97074
69008
93712
82879
90980
85988
90072
84122
80309
83136
75596
88229
85479
87478
81226
75920
91126
86175
76497
99761
72429
99111
83569
93609
79357
77708
91648
84293
97232
81570
88207
85666
73755
86811
81052
85653
93043
74245
99978
94537
71009
78996
84814
75306
99512
96034
74602
84738
92710
80244
80415
85602
92426
99391
89310
86340
82565
92138
73473
68590
79572
75926
91576
96794
69853
93020
94278
70227
69639
84181
77933
68770
74831
92384
100134
97386
77977
68511
80278
82321
83779
74691
78398
70880
70912
91658
90738
78765
93668
94725
88076
93879
78011
96287
88929
73809
95391
98523
76148
85443
79050
80221
73322
96237
93864
92460
91198
89901
91696
95542
96694
81539
99445
70677
75158
82419
99448
71568
76307
80939
90689
94053
85130
89958
81966
84294
99698
97680
79498
94753
93328
70571
82273
89252
79209
74865
82067
94465
86013
75323
81448
100846
98738
100385
93923
82672
68239
70243
74010
97242
76458
75272
69061
79248
72676
73668
81876
76817
86995
90655
99782
86453
74240
84692
74103
69555
97875
71543
76345
94181
72651
97627
87335
70608
70514
96435
71606
72927
80785
71415
88205
92655
98080
82058
74391
85520
84352
83353
69206
74890
88685
78406
87418
91679
71214
77318
83122
74640
75278
92743
98242
100707
97552
91223
84950
86242
70879
97921
87061
82535
96004
78969
72826
77015
91739
93946
71391
95853
81096
80557
69211
76473
86310
91725
89294
76264
96640
85001
73402
89413
97668
84521
88405
70912
68916
77557
83676
95022
69599
72658
81193
100370
89936
74671
90760
99227
82757
75935
74951
73773
82211
81095
75404
76453
70631
100987
71403
84887
90208
100260
75576
95705
96668
96357
70426
73286
84384
99582
93921
73916
78427
91888
77850
95847
96989
94562
74848
74050
72901
96451
84597
94426
99832
89521
82321
99414
74393
81689
82681
77236
82741
71584
88532
72277
78653
84546
85306
91324
70586
90681
94351
95123
85564
100897
85519
84462
78867
97881
90025
77012
73154
97964
84497
82428
73393
99121
85521
68564
74018
79983
91168
91847
97894
100037
79413
93120
91985
76042
93149
89066
78059
71280
97420
96699
88424
82862
97328
95024
88411
98142
71180
82266
70950
93603
76228
74009
98997
91920
81588
100648
87916
81605
82310
82265
86621
78811
81924
98082
95935
70147
71466
76633
84635
83305
83840
79164
93641
91615
91047
71348
72987
97591
85297
93659
95704
68848
78774
85947
68972
71446
100899
79961
78173
77411
91734
80882
91009
86442
98024
89476
91759
71286
80714
77456
93747
91886
100884
72734
84294
87803
94617
68867
71101
87213
69311
79199
87744
79835
95758
82793
97854
95498
76550
84335
81631
96144
74166
100632
80442
91898
97930
99309
89929
89002
100453
95511
68889
83653
98543
71786
85446
69964
87857
90787
81319
79496
92255
69358
94918
89516
82676
75180
96403
79542
73732
90226
78809
73366
100046
69461
82672
85650
85650
90981
77365
72425
94882
82551
97463
99510
93370
100392
98611
74520
100756
88094
95043
75664
93112
91537
75986
98730
77970
87050
99283
91616
93126
71019
92210
80827
93384
92464
85515
79675
98983
90356
82971
74105
78377
69175
95860
70795
70173
81246
68980
77480
82413
90619
96503
98444
77427
71759
97228
80670
71949
90126
101222
90193
70900
95329
88020
97096
93897
91441
69620
74685
78449
87459
79331
86179
82723
99295
71607
81418
80319
97814
82033
92740
97634
75971
95533
93766
84535
96817
70300
79184
72336
69437
89780
88017
75317
97629
74406
73093
93179
99809
74001
92896
96665
69241
81013
73135
91576
99064
90602
72957
77897
99415
68626
73779
97563
100605
94796
94596
89261
86589
79914
77704
71489
88865
78118
86567
77361
74854
68752
95929
100230
98759
97739
79723
96199
85119
79033
70117
73231
73481
80500
74026
83554
97834
99903
77503
83521
70449
89788
89871
100220
88958
88927
97550
79176
94529
72226
76061
81809
86404
97658
93998
75922
82796
99978
100392
86178
83131
73623
84621
78929
73626
92861
69210
86195
69014
92384
100398
74236
101352
68837
90031
94285
83193
69409
99625
89806
78629
70929
100985
94461
90303
98636
99114
96838
92502
98231
77789
76755
73783
74232
96494
79013
98355
73773
97364
75748
84131
70109
78537
73075
93097
78638
94252
82120
78264
100953
82723
82427
79446
98652
96260
89372
74272
83951
82678
93130
83471
70072
87379
79105
97275
99522
90705
94004
94301
93228
87778
75932
80217
99102
84184
100815
89852
93185
90445
75412
80066
75760
83522
86262
83035
74345
83846
74391
88494
75081
86746
77895
90143
84215
95058
72661
92429
79071
90110
96293
86943
82978
89546
78723
89537
90763
96419
97335
83561
79302
88027
86874
91423
91852
78287
82408
88764
73634
74439
91158
81778
69955
92957
81637
94732
71131
88226
70647
93303
82741
89917
75681
82306
98679
74965
77123
75746
96781
99441
85460
79481
94947
85150
97473
79320
92631
81170
69368
76546
99438
100238
84031
98162
75717
88073
86731
92768
85195
75786
87310
98113
91310
90454
72144
99725
90515
70603
97921
97732
79754
82572
72654
96179
92609
101470
89202
73204
96248
78674
95823
72372
81972
83877
96701
80312
75960
96740
92962
93090
75313
88147
72387
69233
94769
97168
77529
73544
99806
91764
70632
80240
77036
73018
83788
99999
83144
79843
77844
99451
97302
95192
96788
82778
75358
100562
75574
98892
96258
83191
84753
85083
81524
78918
74941
97041
92325
87860
101093
82491
95169
76951
89629
76013
69657
70340
95606
70598
70241
82932
80208
83061
99611
94701
90224
94844
93779
83166
99155
90420
73101
82314
96705
71442
71164
88744
79525
72232
92404
78218
71195
87535
70818
84478
86475
69187
80635
79218
69494
99247
83186
96603
81358
77035
83438
79063
78731
76195
78715
84368
83131
86650
83263
101348
82521
100943
69937
81476
71714
79039
79877
89050
97444
95723
79338
95855
92056
73595
76664
76683
82545
93923
78564
95454
100149
98532
71031
88030
82316
73302
95550
80050
75287
83494
81666
87119
78850
71835
96378
75233
70877
100317
81600
80748
77479
94647
100610
81331
72748
99996
99194
77657
98194
74216
71328
75590
90926
96105
93854
100940
72860
80414
71428
100362
91662
73790
97981
89873
74212
92284
96322
76870
97405
83082
100877
84360
90189
85212
74577
98194
94256
90542
100584
69410
97278
73032
69260
87387
74592
80769
94283
69479
72418
72322
90165
98658
83785
80076
72792
99443
74534
87165
73966
81980
74411
69582
84692
70517
100798
81633
97854
94163
92236
82618
75178
77103
78048
71051
72978
71652
73076
93236
89446
81529
87687
69898
97337
82560
69743
89047
86971
78013
70385
92963
91879
74891
89871
98994
87549
80508
91937
78670
96051
71232
101671
77767
92071
98248
88926
95031
75929
89002
76561
72842
72919
99016
77234
74558
96888
81197
101417
84328
99533
91191
69740
93944
74389
94203
101712
76349
74864
95205
96415
84396
85911
85663
93034
74461
98505
69940
97440
86742
97161
90486
76256
86924
80262
88989
82572
101031
85595
79664
100639
79238
78712
78633
97984
87683
69728
101716
101655
100216
86806
100600
98911
87426
77009
84153
70588
100868
83703
98237
88527
99567
83017
81422
97160
101441
90715
89151
97084
79052
85832
84563
88568
84025
100259
83418
99604
85068
86193
80733
82443
69482
74453
87804
101514
89688
71755
100438
72390
83781
78873
97705
97299
101899
70979
88634
99763
79282
92735
76792
98795
82741
80040
91228
87388
73097
85303
88211
69265
77532
92142
101599
70613
76571
96406
85819
90951
73654
98156
91454
71984
77991
91672
86337
77971
75441
91358
94916
78342
78565
83992
99854
83137
101227
76260
83732
87541
83327
95258
80796
84575
69818
81537
92322
93724
79763
89410
95995
71359
100645
78748
101176
76705
69683
73434
87245
100472
80745
101762
71795
93739
88804
71376
80330
95717
71413
75362
100419
80489
82978
69685
86845
76709
79982
73936
100718
82057
99803
97727
92037
97049
81452
92739
96781
94913
74735
83016
95893
88297
93371
85399
77838
76746
96439
70989
76404
101248
74587
71052
70065
91488
70011
88432
71614
92555
73857
81733
97803
97987
88826
76535
85537
75902
71252
81097
99718
70457
73189
90186
80096
80655
69424
83846
94814
90250
84836
75385
85844
81849
74278
82633
74021
81283
72080
76724
71014
98106
96122
77382
76096
73844
94200
88528
93206
97046
72995
75927
87400
79281
74781
73929
78328
101394
76623
98741
93227
99860
99829
86330
78769
69817
80093
89472
84072
77177
81003
100071
93310
76762
73697
91709
82391
74049
94685
74548
71342
70408
70180
69395
91518
100048
86173
87979
101411
93465
97697
91789
97852
72208
85874
82042
95957
82087
82184
96539
93507
74731
85524
69362
86350
94867
77887
82833
86678
98516
98738
82954
79663
87165
92380
79270
99727
79679
78191
96986
99754
82764
95916
83062
89435
73253
82657
82720
84998
87468
84016
101633
84348
70529
71313
101310
101406
72331
95002
100010
80454
82645
78975
73018
84706
92060
84181
83385
88418
97190
84123
74812
94421
79829
80634
85465
70222
71675
94028
85012
96909
72176
69596
95386
92891
94946
86508
92466
96566
77549
91901
87024
76718
93931
70474
78763
90895
80014
101782
85170
88256
101548
101415
70075
78827
79833
74515
71964
96734
69947
87994
94782
89522
72602
101780
94030
78634
81079
77869
79669
100573
98015
81517
78795
77208
69823
72477
77895
75006
96122
83623
80891
85873
75513
91677
75070
84278
95363
80765
73897
83155
71565
95028
94342
91324
77011
92896
73861
88111
94119
87386
76209
81757
73097
90100
70307
72394
79865
81151
90101
84470
71817
79761
92410
89405
101174
78981
91308
81660
90872
83138
82662
96245
81048
76993
75220
70389
91074
99657
69543
91060
101979
88445
71821
79100
90644
91673
82144
74253
96320
89593
78749
73537
87011
88027
101657
95724
97803
84325
96751
79750
80995
78698
82493
93196
71173
90985
70928
98211
72336
93782
75804
78719
73594
84125
98225
71171
92072
73573
94954
83497
92476
87825
81960
99877
75183
86797
83390
90437
83999
92871
78574
92444
97770
77819
83221
85471
81275
92724
91426
87567
94052
93072
80204
96600
77229
74435
98053
74426
101740
101982
82217
89574
75414
95570
81532
95211
85525
100527
70739
80657
79387
86706
98705
73221
92341
71423
87509
73271
86179
100395
90354
87425
83047
95869
95904
80649
83868
89078
88689
77672
95881
92558
75782
70668
86006
96705
101250
94682
86334
101450
89663
95000
71846
77615
97216
78987
98797
96509
90855
78300
94501
96341
96104
86337
81857
81063
96126
86617
98286
89150
96733
74839
100903
72573
100327
92002
100611
72040
75810
73020
96082
75110
93418
85282
83049
74308
88931
73460
70330
72318
81586
78230
83112
92602
80749
77974
84889
73622
79695
93455
93516
98211
92465
97741
95085
82609
75061
76465
96614
97614
80197
75607
85113
85897
93628
90359
70155
82428
97890
91017
75843
95241
73630
72237
95444
98147
91111
93897
71191
79056
71036
101620
76381
71214
88149
85011
74115
78260
75865
99521
85191
82555
100305
87413
73945
80445
94749
72286
89654
71772
91813
72850
70577
78374
73747
81000
77650
86103
84928
72482
69988
83423
87403
100304
87498
91110
72497
78705
83858
93966
73145
94298
78541
96760
98480
98524
100509
84233
94069
80161
100751
74606
80405
96343
92715
79197
81529
81168
75210
92062
94686
88297
95144
86091
73350
100202
70202
73940
76205
93230
89282
79173
95679
80964
89888
75980
79048
71380
89067
70518
81708
86278
96448
87353
82584
80159
99546
70199
89400
70894
101859
83009
96555
89958
79626
99738
97332
100748
99926
96510
73650
82580
72762
94947
99538
101190
100713
83967
88323
71847
79595
91402
73386
84438
70769
70597
93719
79156
98534
69947
82616
69831
74054
88391
75917
96737
72115
84822
89564
90108
89286
101486
81190
71401
99619
84592
99161
87082
93520
83098
83527
72604
96711
81231
77655
89945
84297
80155
85627
87772
81782
77554
72034
86374
73115
101816
92910
100257
73163
80647
71400
77955
82993
93996
91635
89462
88740
70258
101822
90550
84604
98212
96638
84218
84132
85965
95900
74070
100337
70466
72106
72800
91570
72674
94108
84882
83081
81053
85813
97263
100729
74291
89791
95465
94015
76094
74239
73347
74726
87411
74856
86707
91286
85541
70543
89610
101293
99338
89567
95126
83216
91202
76174
71688
89284
81045
79823
83986
89016
79101
100426
89619
91877
98916
86217
97014
70809
79534
73012
95831
76816
86522
76735
72168
99141
96549
88418
76820
93959
95632
78474
101858
96591
90660
97294
94235
86481
76179
84068
91055
77009
80352
93461
84309
99384
102689
93294
91250
93927
100228
75640
70972
98891
96912
93227
97823
94770
81325
78815
71776
90845
95207
75267
97280
74070
79599
78609
89827
79364
77666
89025
102193
99708
98894
96382
93437
95130
79859
70934
75556
81105
98246
79029
81784
96703
95676
70164
72222
98564
85188
77806
72757
72533
98965
85428
73144
81356
98475
70785
78502
81538
85644
102480
102240
79712
80208
84333
101458
101170
70752
70185
101589
82173
96126
89298
85332
76179
73222
77282
89262
99172
84851
97911
83164
102551
88356
74499
75476
86874
86369
100933
85421
91254
80793
92280
97539
71718
97773
74442
97949
91433
96243
102159
78669
82454
80563
89015
76568
93424
98806
78845
100503
86266
86721
95330
78749
97996
90908
99162
73499
92839
77591
74309
75328
91398
89871
84640
83172
98677
90926
93053
77606
90022
92209
72496
101460
101058
100718
102732
88332
90877
91157
97486
79009
83309
94134
101015
73152
91676
81923
77856
90708
102492
70616
101993
83622
82266
87416
98610
75721
86262
94234
77422
73013
72914
73380
76277
89522
92585
71606
98681
93048
93923
80618
83131
84884
82022
74586
89598
85133
101038
82787
85692
73800
87328
93609
74905
85289
81563
94043
80533
80507
92241
73657
72325
89106
99029
100563
70340
82222
78196
101779
87078
101027
79817
78077
76845
101431
75148
90806
77696
73036
95403
95427
92312
89279
85404
73364
89789
93199
91633
78145
100657
91586
77101
90387
98987
70404
80854
84038
102662
74898
80075
100109
87355
94934
75992
74967
79757
100691
89224
71377
91139
98628
94266
102316
92955
94080
70263
97440
88765
92577
99459
86961
90990
91749
100658
71473
89542
97621
79357
78470
82980
84388
88661
70701
95392
95321
94520
76031
85825
76209
86273
72883
99441
97726
101764
99237
75693
99413
82010
86485
88705
73767
76666
82739
74676
85294
92681
71962
83648
92747
74612
86298
77700
83501
95419
80122
83517
95092
99344
99325
81843
75798
94880
83301
81328
76802
73905
95286
86966
72452
96237
89148
82929
97769
77821
73807
100459
98019
82266
78294
97407
81199
96864
90506
80528
99316
92837
93565
98811
92271
71816
77914
80201
70477
79117
87534
90282
80216
82408
80103
100511
100182
89559
85468
73974
99630
76597
81806
78843
78925
99533
73838
90605
93512
95468
87391
77999
82115
74426
73148
99264
90001
76233
89245
86125
85533
102383
100182
90693
91912
85329
89409
82894
94483
72385
85182
73590
85056
96842
76151
77004
96820
77320
71657
97776
99808
102717
86560
82248
101984
100258
76225
84853
96547
95995
93006
97670
102221
98030
100006
88939
100953
90901
73931
91820
87043
88914
94952
102747
97637
81507
72339
89415
78176
80566
81743
97138
75325
102782
78165
98245
86676
100358
91540
97539
92525
99141
94966
72956
90534
98740
95461
100611
101525
91996
96014
79521
98285
86067
85604
93323
87782
89256
99176
70610
102040
76925
78248
76122
98728
97237
98438
91021
83751
71310
71995
90192
96439
71120
81436
94006
74736
72678
91931
84980
92930
98893
100240
89366
71835
77323
90426
84720
76555
97858
100480
99030
72358
100613
97789
96912
89961
72298
98620
83976
96737
76257
98496
90438
99145
80324
84808
71838
100595
87343
91729
76072
79593
73745
77275
92017
71123
77187
74096
92784
90139
102489
98915
82108
78416
88567
75606
99836
72392
97127
76030
93342
85130
81064
85035
102348
96618
81480
85250
74139
71542
80181
94093
84358
71057
94416
96631
83740
82782
101187
96528
77045
94304
82964
97687
83946
99935
77051
74937
99973
74509
94449
74069
95415
95465
85386
73602
73673
89956
79492
76243
95893
76354
87968
95194
96758
81988
92336
77290
86397
82180
100338
83489
71782
92704
102044
80550
95946
72602
70584
90416
88854
97151
102706
83912
92091
97479
89904
103119
92455
85373
96673
97346
92149
94240
82969
88125
76640
99400
81884
82622
81918
98956
92217
88748
87723
94116
76057
77336
102338
84683
74711
80834
99988
80743
79442
77279
78098
82412
96321
78361
92109
94206
74439
103128
76321
93142
71240
95680
94892
82662
94842
91003
77829
85952
95423
97464
79275
79668
102578
98419
80188
82104
95999
100215
77800
101902
97913
71970
73764
95776
74598
97641
80803
100143
102685
94235
87426
95276
92628
72042
100547
94566
82099
94119
74492
83046
96813
91725
75600
101143
99983
101953
97695
97835
76505
101208
74234
78521
84942
99098
92250
73515
94023
92358
75921
91991
92108
84630
91776
78828
89701
99395
84619
71952
77486
96972
97866
86087
84266
83316
82305
84375
102361
92169
84819
88042
90381
98924
84914
97459
83065
72014
74010
71380
93835
89144
71295
96448
101884
101582
81284
76252
71589
93012
80109
87852
99476
85105
101207
79659
79455
80947
81446
91386
95672
86612
95424
95933
81730
72636
81913
86851
86691
81222
83405
101093
79835
78791
102741
79792
77524
87373
73460
75974
81209
96164
96466
89345
85644
90143
96139
102618
72307
90260
97064
91017
83283
83369
77902
87918
93984
96846
79285
78256
74868
99467
79324
97572
91614
81788
84219
78960
80252
95898
78650
87920
96972
83515
86816
94168
89279
91485
87118
84251
86543
81055
96877
89996
85971
93840
71781
84675
73297
79148
100303
75587
76819
80036
79022
82778
71485
82782
102745
103240
90397
96061
100028
77987
98308
92194
79040
92409
82772
81843
71432
73656
81371
85595
90590
100171
76383
77201
76653
95622
97914
87902
79152
87876
73641
87833
92586
100174
93855
96118
90712
101503
72927
102847
100836
99110
98441
90720
77467
79276
88692
100009
71969
75895
82558
100304
97123
72973
77344
71477
84942
86141
83270
90090
90303
96507
96605
102771
90170
83658
103085
100298
88030
93279
75753
79015
102680
94659
78852
77309
95640
87865
81479
99784
71681
84769
84129
85766
79077
96028
96318
95235
81904
75889
76890
82394
86371
87983
96088
85305
100292
86932
77326
103524
78292
103214
98660
98941
87234
95040
87581
79874
90782
90855
85748
81047
79120
82813
81131
97798
73802
98238
92640
82052
78395
73257
94561
91190
94726
86697
72641
74739
78770
86901
94059
78156
87075
95541
93303
86473
94537
86630
75387
90486
94871
98815
77988
89758
95671
74069
102405
90839
95100
79164
75822
77118
78104
75375
87553
74244
86415
89394
76993
90922
72555
81973
100716
91784
83634
72380
94283
77076
91925
77309
92359
98145
83562
94665
84862
86886
82780
84079
79510
81793
100449
76254
72785
73404
77549
100873
73698
84558
74470
97936
78976
101477
88663
92060
78520
77858
79208
73738
88071
86757
72334
96461
91304
88780
74495
99213
84907
79478
93033
94356
76103
84493
89315
99307
95089
77187
98852
91584
71853
73755
81138
86539
98597
87340
94174
93042
75256
97826
94255
79209
78548
79301
87068
96669
91591
78014
94526
72851
74066
87894
73540
75148
91328
76930
103145
97709
73397
75293
91427
76380
101898
88692
72349
100077
74968
75527
81768
82302
74195
78990
92910
73503
87002
97339
81959
84791
80844
78399
81423
79395
98460
80271
95319
83743
92584
99560
94298
91498
86854
100624
95828
72869
86432
74848
88782
90236
95683
73599
102493
78729
92402
76656
81292
79221
86592
98511
93975
89185
80478
99415
80474
89476
90545
103592
91144
100629
81063
91463
89888
73067
100940
101095
79901
87395
80152
72935
82030
79362
101899
102427
101925
89947
82429
77519
74739
91315
100655
86537
87380
94180
80165
81935
80647
78847
98488
87081
84929
95029
91751
86952
93474
72696
98542
103463
102632
82269
73242
87825
78435
94917
84955
97892
84009
79548
96155
97972
97802
77089
71630
78450
84806
72840
103370
94830
80126
93916
89561
71579
93417
90441
95117
84498
85064
93016
79956
82266
84764
74076
89676
88551
80790
71182
86361
74720
78287
98164
88180
85798
85945
74503
90438
71825
101718
85268
76277
72829
86311
87907
81214
78469
93416
99095
95428
79502
86650
76245
95655
90888
103713
100904
88921
73840
101103
78628
99501
93721
74368
86858
79665
84013
82152
93868
101566
77550
80874
82002
89933
78658
83051
84699
75532
76911
87333
89191
97970
97059
96672
100789
82447
97719
98654
91273
96999
72116
95062
94545
102400
97943
87461
73735
92794
99793
73087
85081
99679
87058
88939
100616
72571
73671
96176
80526
92014
82146
103178
83203
76287
93657
90018
86337
92851
84465
99901
93511
75423
75964
93108
101339
90490
76512
92836
75636
85238
71707
87398
101462
96848
72324
87106
101887
84518
81684
95199
76738
102026
89956
96254
92338
103252
88248
83560
88769
98492
78909
97829
79145
85032
74895
102127
86539
76610
97406
91367
98134
81230
99090
97414
103147
89787
84173
94933
100863
88823
90671
91617
79808
94344
76672
80233
83771
88921
96713
103387
103549
88401
89380
75647
73976
89386
88117
72689
75561
91009
78073
76756
102776
73257
81598
84677
88160
92613
88435
92046
101327
82326
85538
73372
101328
75153
97467
94388
78951
75445
99091
86497
98492
101787
71980
74929
92540
85839
98999
95648
98941
83038
80343
101077
72609
87600
79656
72716
92412
104088
97024
83668
95801
95658
80885
103162
92473
100813
89759
72517
88062
73233
72351
77411
79304
96962
94431
97316
72573
72765
87836
74470
94030
84994
81058
78161
77720
86027
85079
94276
91400
74844
102395
100622
98307
94940
88238
89058
75077
81251
102579
72325
77256
93716
88691
97098
89575
82413
73925
71744
71619
82332
97388
85674
101606
81044
103137
78511
78630
96865
86612
93011
98508
103992
77549
101030
78838
80083
83287
79419
76090
74876
99967
78812
99724
83815
86169
77436
79714
84036
72037
83821
103190
82197
101808
83924
102027
72765
84509
99929
90131
83930
102693
87331
99472
78677
74333
101379
94426
84792
104183
99055
94817
91967
92044
102579
99092
89777
98073
90595
103553
79600
98119
80916
103997
73807
72175
98635
80774
79141
74717
100278
82983
77600
83156
72090
85148
100059
92371
78221
92535
78258
87703
83685
102914
94677
102241
81520
73254
93339
89081
86886
88971
97049
76531
101531
97793
92404
74801
102905
93983
103795
103849
95790
82217
76504
73064
84130
84279
90097
79063
99244
74900
96234
98622
76549
77157
95333
101766
77437
74379
77260
86339
91372
100042
83430
76018
78700
97066
75945
74622
79045
71837
102224
84234
95529
101603
80301
81642
103970
97963
86463
93426
93896
97531
77191
100340
97335
97745
90904
75140
79424
77835
90862
81150
72799
74884
101504
80331
102125
103040
94488
99039
84119
80714
80099
72582
101391
78107
89668
82273
88577
99646
78702
76715
82761
74098
91698
85953
76643
86160
95765
85730
102179
80493
86182
94515
74662
87810
100367
86534
90504
72906
88041
74075
86103
93804
93269
73383
75336
101274
73544
78037
102441
100665
73766
81803
79255
103618
80275
78254
85361
100072
76166
79144
87693
100731
81822
78825
84137
87180
79290
72235
86436
83666
95940
86523
94958
89420
83917
71669
103229
85544
100191
101711
88193
84708
96014
76569
89627
77235
82769
96962
72521
103970
81296
79839
101861
80123
97406
81704
97616
92009
87721
93891
92585
102750
93008
89030
97090
83762
77172
98551
99924
97933
75057
84694
95985
73350
88911
74973
80187
104204
74517
93190
94676
100229
79453
92814
72341
80054
88046
82168
87939
93667
94213
90198
71678
86327
87861
96708
88124
98150
82801
100149
104182
95888
101224
86386
86881
93289
78865
104287
75616
85911
97414
80512
86520
96347
89109
103613
83460
85108
75412
88930
102698
88640
84726
78698
77581
77605
90140
88829
72900
93487
95213
101431
82060
91130
86185
97579
96697
78035
76922
74024
93427
76314
96077
102203
90270
72170
80607
78324
81306
101373
82203
74861
100397
78537
95395
90249
91453
75759
77741
74362
98243
101334
93456
75142
90748
84115
102302
73226
72162
97293
78773
103615
78426
85342
81681
100156
91823
78204
74468
94652
103103
90904
99369
75298
81524
102854
81461
103482
87286
101471
95119
91970
89119
92835
73985
72873
81968
96803
91887
96278
100290
94815
97512
96428
99327
78891
99195
78733
86289
104535
75852
79772
80603
102798
86119
89736
88551
75135
81107
77574
97440
98619
89451
78941
78018
77022
83433
93992
98574
74354
96580
82775
80706
85008
98108
100216
86600
77128
96306
71989
77998
80836
74558
72477
102230
76583
100988
81831
74863
77883
84390
83315
81571
98124
74472
100564
73874
100815
87535
85644
77952
81736
93508
76758
86090
87402
95704
77738
94623
88959
87264
78140
80492
72970
77794
92102
85400
104363
72464
77703
101362
100420
98774
73739
90472
86874
97711
87982
94841
85182
102204
73820
81389
74348
93591
86426
100035
93875
90085
103370
72299
79254
87338
92330
83765
86387
77410
72991
104202
103138
93901
100401
74330
104416
83594
80726
102229
73261
76647
100339
102750
87282
95224
97824
97468
94631
76006
84140
82579
101428
98442
100960
92435
99926
80058
73864
87024
98885
82659
93872
94482
76948
95832
104364
73101
89432
81130
83931
87763
87180
93625
95404
101417
103860
84554
79200
74839
75457
86489
71954
101284
79413
89840
73205
89601
93319
82744
77278
98693
93385
87440
82946
83225
84104
75356
73728
87925
92916
85535
76322
76363
81728
100941
93407
103873
104012
72794
83877
86053
102274
73495
81622
101852
100606
83518
101649
89500
88817
80971
88498
103644
90695
103054
80028
90248
73351
96127
87862
85496
91899
75601
96947
90147
97042
84682
78743
99600
94722
79953
92790
98190
85425
84809
76287
104741
79062
83357
84538
77900
104539
94108
90382
95964
83975
92680
72710
95429
80473
91753
91989
74496
101303
80295
99863
78533
96456
97496
98265
87293
88094
77911
100188
103930
87832
103702
81558
74086
97798
77877
97274
98937
81807
77011
95481
78959
104272
102436
94665
104250
97222
95171
93797
72820
75630
80458
85205
82071
97578
94753
97455
74864
101351
88723
80862
88785
95613
81703
87202
81543
81110
73005
97496
91275
81747
83863
80508
97917
89451
97546
94572
82253
104086
74805
97902
74812
72809
74338
99189
101379
73986
98378
84256
79441
91302
86318
88452
96635
83625
102435
79915
76911
89486
92078
88924
84715
88688
104336
84637
76268
80801
93411
99959
86120
103056
98406
73081
84031
90352
77590
103040
97136
86294
98558
96309
94600
85411
94799
91606
98657
80996
86707
76090
84744
90230
77535
88591
101887
75694
96359
78439
77733
91959
90071
86131
99826
84861
103679
83341
80487
98122
90510
104060
88389
85551
86499
102644
90366
83494
90143
72285
91625
72821
87423
89045
73273
88534
87529
94072
92720
102868
84420
94943
76944
76152
72205
74470
100179
94501
94887
91315
86171
103873
98035
90100
87020
77077
87201
101991
78745
90487
98502
91296
97916
98470
92974
96263
85482
94709
99315
83488
98278
87980
94030
98575
90517
90027
74670
99675
89587
100176
77319
89330
99523
87707
102509
95085
97740
87696
93921
90006
80962
83677
97899
91687
99971
87741
92777
104917
75268
91420
74790
81037
86922
101372
86190
83454
78749
97047
84193
78679
96057
91590
90055
99410
95432
100385
90915
100721
85325
100200
100939
92039
94690
78242
83766
95355
73060
90243
77271
86345
104045
99219
91561
91465
85378
103821
88460
73396
76686
98565
104911
72804
74895
79950
74894
74971
90768
99483
100414
102023
72919
86116
103558
97605
94047
94476
101712
104739
83593
78784
103457
74346
78606
78242
80805
100060
80440
77607
96655
89146
95826
101053
92832
91145
72541
97970
72964
97430
78852
80465
87269
74552
76498
104014
98107
93141
95139
92260
83681
102823
92504
80444
98286
99648
78799
92049
89410
72652
84499
92050
74847
82839
91343
83335
86907
90575
95497
101560
93651
81290
94988
76682
90689
72714
104870
102892
81937
94784
90516
102129
77329
85904
86331
78270
88039
91604
95385
78247
83367
86691
102778
74133
86437
101843
93167
94891
77960
74044
77564
100905
81824
101823
85393
93840
101754
98696
94139
86023
86193
82831
81948
94205
82182
96357
77209
76816
100019
74797
95570
77869
78845
101864
100567
103417
97545
92151
74905
92016
74224
90586
76446
94924
81685
100158
103801
77225
96183
102455
104314
78182
77506
100042
80418
76494
82411
91566
102873
102136
97019
103507
88547
104299
76651
91172
101521
84358
75314
94986
84916
101664
101339
104241
77143
104043
72922
79886
82094
75550
99872
80033
89929
92883
89069
87799
73357
94893
79590
74996
95589
103487
75623
97871
92725
77737
95002
73694
89360
73988
86217
82964
82474
90369
104048
92360
90256
104652
101783
74295
92438
77111
90590
73549
96657
99604
89562
82720
90183
102114
92703
96190
78756
84397
98974
73256
102959
87343
103986
81822
73404
85307
99445
91165
101602
95324
77272
78375
86447
94649
84467
80834
85147
75323
96281
72899
97467
89330
81456
85580
103991
88757
92607
86932
101374
102665
100169
74726
90552
96325
91098
95725
88573
87283
85215
86062
87236
93304
98874
99030
94750
93432
102038
93878
85284
101492
96760
81292
90925
74549
101015
94084
97093
83310
100334
90622
74203
73757
78863
78738
101562
73010
94010
76113
97083
103155
80302
96590
91832
98975
100287
73310
104259
76369
72745
104731
94360
93736
89252
82479
101201
89253
87225
102863
93785
86612
88787
98437
97443
98479
101273
91443
92956
89151
102267
95317
86750
79364
89739
83078
78758
99351
95887
97350
96904
73102
79700
101626
90337
93600
88389
73524
79758
90634
78395
103477
94811
104624
81047
82096
100286
102536
103567
83153
96454
90548
90053
75134
103758
82158
86814
101085
86134
86569
84689
83990
80212
102005
75966
102490
93158
82212
93442
97572
101963
90155
81096
84414
77363
82891
84833
92168
103061
98672
88472
86645
87456
93657
81727
81750
88819
100985
78606
104795
95760
90653
83118
90454
87310
104656
81168
89411
99215
78587
88323
80006
104946
88017
102918
96627
93386
103146
92506
94227
86158
88366
92508
98853
83346
87285
86290
96356
73781
81261
73220
78088
98652
81211
92237
88975
78624
76901
83185
74173
81348
74095
74353
90594
84202
73156
86941
89691
72966
88408
81066
99931
88338
94604
87684
80876
77956
98130
97381
80688
83325
88209
79783
100077
95043
98507
97751
97864
72945
101629
103690
98257
87149
97990
103028
81344
93595
88780
75574
75646
86480
97884
77688
101480
75658
96336
79800
89039
74334
92470
93281
75331
102193
77486
75680
82961
94379
89620
102771
83210
81897
86623
99843
101766
75122
86345
79411
83113
81517
101297
79481
96229
82449
97597
94189
104384
105308
94019
75679
78296
84744
74474
102446
101412
75195
91788
104854
99708
82558
105055
95050
89948
77168
92245
95363
87269
78523
78656
89815
74532
87496
98618
77581
91799
84143
91460
94256
94701
96242
76845
83170
98830
97898
86198
105203
95067
103809
97011
81202
89143
87458
102132
79747
78022
88814
102053
82226
87028
74289
86771
74119
80314
78356
90160
82587
97949
91284
88505
91753
104567
91314
88278
78376
99449
78956
76513
99289
104049
85741
80555
83484
85321
80641
76059
79431
86224
74187
88344
86201
97470
81338
94889
87916
72946
79289
74075
75466
81661
80038
102884
85186
81124
93446
94981
103962
91426
100599
97717
99847
91117
75365
84091
93179
86458
75649
92700
101310
101123
81775
77686
101312
79176
95039
92332
73134
103764
75551
102787
103747
105153
101327
88332
90465
83134
98389
85124
105312
82960
80881
76152
73894
97879
87123
105260
92791
87699
95244
91966
104463
89830
87363
85383
89838
87964
87209
73538
87412
73576
77999
86384
84909
96496
84214
102011
75374
84364
94726
101145
94369
79179
78148
74355
104157
80952
95518
97671
98618
81115
73097
84426
98147
98306
92333
82706
80620
78273
104414
103604
74726
93111
90319
87529
101297
78995
98050
75127
90642
104663
96643
75917
84101
82140
94422
94446
94165
75798
100654
101969
95209
88474
83168
85768
76257
87517
90902
95201
103522
99775
104136
88906
94765
89800
76264
92088
105207
105649
90333
75081
73333
78886
78387
94888
88502
90826
75409
78129
95925
98428
95467
82005
100911
95705
77560
84032
82866
97281
102887
104378
91127
100766
85838
104779
93553
102691
90723
74659
82726
95314
83310
76088
76222
86273
105342
101169
89817
101149
74331
103299
80550
79855
98493
88666
102322
85662
83131
105146
81149
82422
75398
80486
75347
92007
90967
100609
100057
85841
83110
96883
86503
94847
75677
90254
103957
88305
104652
92146
104089
73182
88094
89133
102096
95481
88332
96039
87066
103668
103184
81854
84459
76610
79453
80813
89119
81186
104653
96434
95118
104921
93979
78064
104673
82494
75346
102034
80292
92540
94597
86705
82844
94996
90049
90999
100954
102945
101952
99717
76560
93664
84703
83091
90788
94063
80594
85846
100867
105685
88471
84647
76984
75075
91176
90081
93629
98970
99445
101003
77456
87084
86289
92471
76938
87751
95532
103849
100461
73200
103617
84028
93244
94828
82192
84610
82767
96773
102735
97579
80038
101514
78749
95528
94078
88600
100919
95248
76322
83608
76014
81858
86788
73353
83673
105804
105484
100608
96327
94987
75824
88812
83191
87572
95045
77727
93836
100051
93204
92810
97083
73970
95409
99912
88263
98940
81160
87263
76719
77379
76729
103746
73382
77183
84262
98842
83523
79031
90313
81349
93434
102373
85196
81823
88907
104917
73683
75393
94265
82638
74013
103560
73214
92788
85707
96280
73469
102637
88703
91680
95992
74563
87081
92575
103555
91913
96030
93287
75448
84290
85355
105761
97069
103550
105832
95889
96291
86598
87440
85019
100096
89018
92815
98182
99072
89465
88989
82945
98343
86721
86283
103011
97914
80856
100635
78519
89454
103338
100117
98040
74657
84147
80023
82713
93896
81183
99629
89672
73704
102960
97313
100724
104394
82657
103573
91917
104361
86473
78798
81931
105005
101953
93651
102961
80029
79049
78903
86931
94288
93864
91955
102230
89188
95443
97528
81847
79795
88592
78658
100686
80643
82011
98097
80788
76669
97673
77653
80548
77153
95019
95239
79422
77559
105909
82432
86545
98249
73440
82724
74554
92175
83788
84383
75528
87147
90986
96563
104194
92630
85913
105168
81451
103898
104335
85606
78724
93955
75003
102135
105939
96656
82280
81136
91299
74861
94053
74425
94860
103014
89827
75659
93364
99221
98526
74882
99222
95004
97856
102387
82178
81178
103938
94975
96101
90327
75412
89448
79435
78658
91775
84900
92194
103838
102473
78640
97601
99448
99736
76071
84009
103132
77211
87827
93962
75208
103078
78339
104073
99297
99100
75742
76224
101733
80274
79606
91014
77921
86065
74720
97521
93476
99164
82308
75034
98035
100243
98160
75296
97534
95896
78450
88944
100243
104400
84837
89411
87442
100331
94283
99688
79393
99272
76700
78147
88736
88722
75230
91414
97504
84784
105846
78975
79247
86236
102590
103490
104183
74513
85591
96585
90089
93355
90049
92393
88819
97866
98856
89703
81369
98295
74113
76219
105795
91658
100822
76691
84148
77130
82654
103067
74427
74327
84433
97788
84333
79941
105850
76066
74514
78474
86158
99523
74527
75290
103996
90397
88933
103888
97541
101759
77191
77328
84942
102666
78001
91051
79156
90297
73607
96770
87327
79519
90716
78959
76954
93808
100773
79584
102370
101187
85165
88517
80572
84630
90250
95533
98060
92307
80719
91947
82340
96658
104323
88447
80218
97502
84946
100978
74845
101564
84739
105730
92105
85929
90154
78911
85368
102116
97055
89589
87068
103980
74030
102539
83338
82123
87568
81963
100185
88019
102682
85796
88492
75176
103093
89484
96332
90814
77326
80937
86522
90020
88847
99986
84483
102466
74893
75921
79892
89183
83651
86732
105040
88422
102911
74404
77216
86377
91547
98654
90186
80742
87855
97920
86726
100553
88581
76158
88781
93235
96973
77462
81074
97658
99218
80633
102133
89841
105453
93227
97302
83945
80249
85676
87719
104567
95366
77784
78757
88696
103698
83724
98056
86995
93173
96778
81561
101886
85083
82079
96004
95940
80247
93059
91950
97861
105590
86656
101832
87614
104114
77270
77093
79498
82985
106207
82248
84713
98861
76783
105538
77313
101981
78718
105659
103842
102867
105097
78542
103502
93343
80437
75546
103417
87412
86198
88085
93709
74146
96623
90532
83121
84292
94298
90857
98635
97211
74923
87644
105539
88155
89776
77854
102923
106339
97532
79498
76124
94003
101572
84236
93890
90553
82313
100662
100698
106029
102391
104976
85210
78590
94222
92592
77011
85004
100991
80139
95539
104727
87385
87563
93198
96375
91108
80866
82078
80398
93645
101789
93064
102012
86404
106236
91232
95889
103907
98177
86128
83720
77584
80839
102069
103538
101028
84245
83243
105328
75533
85811
86859
96549
80433
83068
85457
83947
76627
102453
92098
95301
91195
75549
93358
89622
81297
87621
77874
104976
101003
77858
104130
92014
100296
85985
105381
77286
78203
91898
96321
104409
83147
84232
86169
105678
94330
92632
100628
102430
96453
98752
76160
100336
86668
85042
94550
77928
96691
103568
98624
89884
100040
99650
81368
96968
83942
93447
85939
101186
90329
93832
91294
99760
79490
85555
103975
76024
76157
86598
104800
97912
91138
92458
105439
86776
81673
100867
94729
80860
98994
99205
96913
97438
99811
77065
88891
90236
94515
77280
96998
89198
76039
85735
89289
101723
74490
100955
82173
91788
76419
85487
77371
74849
88274
74524
84200
87875
82938
78265
105294
105177
76117
86219
78637
85375
104228
104862
79986
89076
88439
78101
90438
95570
77389
80702
91978
80708
99579
77097
90657
82547
85202
94459
76592
96065
104188
102462
77473
80570
102311
88187
85422
84935
103014
77323
79388
86181
89555
98602
86789
103574
76410
104781
80603
85463
76018
76470
81578
98257
76621
92741
97949
85395
97715
103313
75716
86144
78409
103735
81684
83781
91223
87922
105904
78095
79531
86252
98919
76026
102712
89556
89213
103884
90627
101681
78766
98787
91456
88182
86384
77676
80055
96598
102265
81110
81517
86489
94081
93574
103041
105136
90185
92877
104532
84934
87004
102679
90860
94999
101140
105829
97435
93637
80481
85757
86491
79720
93126
86367
82813
82854
82468
98940
74755
103941
98747
92451
74826
101372
98798
94140
95084
101712
93254
79672
103908
104094
93370
104008
79859
86579
79662
104653
98115
78628
99897
103312
106443
83612
96043
106548
79858
77680
91983
103785
79863
98297
79469
85858
88208
91682
103059
89224
91345
89536
78101
90736
88912
89378
104659
85770
76423
77801
90554
76316
101497
95258
101774
105199
83353
93554
89574
95817
84711
74490
84856
92314
103260
96987
98966
102522
104584
84082
100601
105811
84602
98471
94398
83547
96992
100475
81070
77254
99183
86497
88514
99385
76677
80591
86502
98433
102669
90772
105470
98181
104612
92524
77095
90233
76025
85586
77631
94549
79226
89877
98471
98182
89133
93870
90439
90339
105179
83409
94419
100578
89972
98754
90701
97804
96175
87402
100556
82862
74737
90282
74107
101330
86384
102895
98020
83309
81816
83463
96623
88794
103598
105011
84261
78983
75187
74877
76986
87023
95627
99915
98763
105160
77662
101685
78436
103037
106559
87572
105413
83934
95243
75355
86630
102167
80276
94123
91960
82910
94719
78241
102958
88561
77675
77299
91644
86464
100052
74427
94495
91494
88374
98066
94237
98782
79861
83425
95502
90228
92284
103156
75867
87161
84772
95824
100038
106811
76120
104903
82090
93237
77560
91337
106116
106370
103162
103037
102067
86168
78679
93712
82044
98098
75813
76110
94289
82062
102912
98671
84307
76505
75695
75315
98325
103656
83717
104241
101027
97832
101636
93035
104899
78552
80201
79655
79738
98421
90276
99322
77522
102006
78598
102182
106715
77626
88224
82470
92912
81215
76361
104838
82491
88212
84256
93688
75900
104593
88435
86949
105989
99781
91360
99265
79113
94256
75706
99426
92695
95666
85423
98962
91618
85188
90535
103074
101443
75622
95470
84674
97409
82520
82326
93135
91855
95373
85015
101484
88854
86749
84025
96852
95477
80890
83252
83439
100615
90277
91413
76835
79716
105506
74595
86636
100202
78057
93955
100655
94397
81310
105305
100427
95628
97859
93360
88562
78358
77229
82908
92087
99693
105268
77085
89575
79738
84143
87623
88349
81986
74912
77856
102929
103527
79019
81674
97201
105202
83021
89826
100211
77903
93130
97831
99305
88729
99175
103519
84374
103193
87770
87990
76288
84233
77055
95721
87302
98717
96204
87138
75892
80196
82055
105381
105941
92715
74806
102890
84616
89090
95320
100619
75286
106756
85970
91041
101059
91185
84012
95594
74851
93406
91901
82671
82287
97136
75684
91235
80472
90981
80185
102349
90907
99988
105668
101994
80662
103861
95148
106828
85786
80419
103026
104776
98753
101601
76702
75279
77314
98011
75514
106651
88066
104047
96511
87245
90157
75308
102029
101972
93318
90330
106719
93392
97339
93882
99773
82743
88445
92175
86003
99960
89486
88284
87043
102239
80668
78320
91415
78777
82637
84768
89657
96952
87579
88788
84934
94361
97378
100037
84256
89475
85559
94724
91812
91059
76540
93247
76764
84182
93361
75328
100853
93878
101901
102326
86643
81689
95950
82488
99875
102118
90701
105863
102481
81034
103509
96531
82492
101786
86069
102081
74439
102330
83476
99052
91761
98493
92805
77226
74631
98830
93276
100688
104089
105294
81087
92728
101162
86078
89472
91073
81067
85472
92586
97944
82859
94937
101465
74806
90952
79642
88527
91050
84713
79551
81605
95129
106543
91191
96767
103811
91432
75174
87075
81479
102086
90503
100811
75754
90000
81558
105433
77972
88728
105197
96779
76507
90797
97901
80847
99140
88529
101471
88920
89863
87278
79963
75505
104467
79812
82537
89233
80466
85286
81511
74672
91694
77670
76459
88410
80980
103694
88553
90754
79544
87504
78934
96408
103129
80832
103437
74846
78150
95425
82098
88823
101985
79933
85590
94528
79971
95514
91035
88420
91808
105449
76569
89771
103949
88416
95232
86931
85759
87306
83454
91682
96309
84029
93283
102010
88857
98637
81027
84910
81219
75519
105307
107220
78655
86080
99960
103516
102544
82967
74773
97184
104692
95705
106116
101563
87786
102812
85711
91295
80754
77037
96926
89954
92948
94150
76123
75993
89123
84410
87189
80744
76355
100211
96162
82200
82729
89182
82569
101098
86178
79013
95263
103020
99287
90974
106351
80265
75215
98562
90207
81061
102709
101920
82833
101098
96604
77394
91528
96476
107136
102257
101644
98612
94031
86277
83151
100331
92071
98303
79952
86933
105634
96939
88064
78064
101840
86240
100516
95421
95171
95354
90618
85966
103377
85513
82079
76129
98581
100811
77616
95148
93879
78040
92847
77497
96109
90781
99881
101748
97858
82571
94614
94467
101527
93712
92161
77397
86375
102087
100585
86526
75215
89324
106726
87618
80589
75282
91536
98159
87112
76824
75932
86641
79184
94297
83528
88480
106920
81699
86778
76764
104577
102251
85027
92636
76937
101054
86122
75203
105764
86395
107271
92404
103673
85824
97900
85032
78257
78754
96811
87486
80123
90913
100372
102994
106196
95322
85149
105360
82181
101759
87688
98634
97261
79365
96703
84169
97408
94364
86403
95841
95120
78180
77253
87368
101964
99422
94164
94633
88070
96289
105017
96499
92473
106702
104415
95351
100298
83781
97912
102962
105614
104601
86043
94183
107021
92610
98354
105586
94341
91026
81811
82776
101170
76523
87021
79522
86733
88366
97894
84716
82259
88310
79234
80313
103175
97031
79431
97801
98490
87937
77983
89902
94026
85850
103165
105947
79977
82442
80195
96126
94367
84872
99044
95183
85650
106102
103493
77993
104326
85656
83818
106522
79136
106379
102350
93366
88175
76724
87442
96304
85549
96118
101338
75819
92225
83112
99957
95565
106633
80454
86716
94357
88279
78950
104380
78575
89145
86126
82327
92934
99710
100741
97319
97626
77557
96583
82149
92818
85880
102589
97289
94227
92329
89484
101619
104145
76412
77676
75210
74853
94198
78300
85603
107105
96564
85525
101988
94176
100014
92476
98985
102753
80317
86747
90598
78549
89691
96146
78990
102390
98858
76810
82932
79579
97465
107563
99505
88265
85250
92815
98373
105805
94263
93238
98817
76679
103870
93307
101156
89545
87162
95558
86596
86881
83276
104324
86511
87218
75481
102356
76435
81290
93838
107395
88987
90543
92898
84411
104411
106427
88795
95479
80174
103978
106196
102586
104285
77490
91773
100225
83523
95187
98339
91382
98095
91310
77106
92262
80266
80666
106488
105333
79546
88053
100011
82193
99653
84408
83886
77988
81722
106830
86800
94606
100301
100647
77142
76498
101441
86664
104314
80655
101387
93477
96307
101555
76852
97521
92791
96875
104959
98869
103742
88030
82124
83935
77962
94874
104252
101405
88996
106318
83862
104235
75944
75579
79721
78954
98627
76261
78451
82353
84156
83726
81090
84199
89905
74980
86041
88018
92708
75386
100501
100906
99894
91765
99472
96754
83505
84488
97222
100872
107340
81954
86454
81658
82603
98533
75596
104987
78886
90459
77756
76502
101963
102244
85169
84547
101286
84467
79271
79096
101696
92538
77461
96034
75365
85155
102864
89812
103850
97601
78124
92318
85807
106886
86628
88674
97314
101750
84668
98403
103300
100507
97764
82079
94256
105467
82976
96351
100377
97351
97190
88076
75987
91221
84295
78148
89429
95184
85074
92973
90365
91695
84406
102665
82900
79331
103014
77579
107540
98261
76034
94569
106727
80655
92851
80307
92786
104633
81751
106083
103186
106568
103646
100533
99813
89074
76275
91321
83597
76133
93151
104358
89648
99000
93099
77937
104899
86946
77445
99998
97673
77546
89446
80727
102870
96286
104433
86203
93465
87432
93853
84856
106265
97886
83990
103068
90495
80185
79329
98728
78229
106184
97343
90342
79693
95430
86357
79869
105861
79145
104329
77507
81801
103837
104239
94290
85978
107312
97125
83038
89134
83535
103995
86726
86711
82673
77848
83304
93352
100626
91737
80954
106998
92515
89402
83863
100955
98880
84218
89302
85921
96482
102970
96545
103709
86742
104871
91780
96378
99245
89816
87877
102328
99062
102009
84852
100467
97897
80810
95426
85097
97381
84130
101527
85815
98973
82584
86110
92515
103694
79075
104484
91295
106804
79712
80737
105804
76157
80916
79893
89406
83198
90130
86039
86975
83812
82847
102570
85718
107822
77205
96338
104905
92186
97797
77542
107744
83933
78880
99301
88684
80663
101208
75533
83208
103558
95170
85802
92959
98426
92607
82733
99246
95881
94427
96637
92235
95107
79349
82322
92263
102313
105633
76735
90576
83225
80842
107343
82553
96909
101788
93908
87934
75333
87712
101052
101731
105794
100393
102949
99741
90805
106992
76275
107859
101303
87803
107039
98661
101178
96707
82257
84910
96832
95125
93874
107910
77899
84793
77307
97163
81940
98002
106963
85666
76927
79109
100439
101944
92623
100701
91642
92110
98070
96238
86671
77748
89072
76857
105636
83732
79473
79696
79634
107315
99676
94523
107730
88564
92822
100761
87826
87966
106970
101258
78216
106974
83885
88269
76039
85008
101525
90150
77904
98490
75910
103171
91946
83033
107165
89694
81845
87393
82193
76517
101883
85375
79206
75865
79304
92193
88291
92212
92860
102968
101703
101262
79518
75580
103864
100417
80371
98161
97276
84300
88783
78698
87531
77429
87532
80075
98084
77619
91641
80979
105216
107722
95540
89369
94916
98232
101691
77077
99355
93264
96543
105187
86979
76453
85435
75972
88198
105897
85060
103654
103020
87446
86817
87781
107055
104845
86268
104081
95471
78973
93721
98290
88103
100679
90086
104585
100832
78368
105172
96729
104740
77622
87654
103718
76470
92310
104327
91261
95744
100173
79137
77044
101965
92621
101099
79411
85048
79763
85635
105267
93028
88071
80572
104518
77934
86180
99641
96856
76576
85592
86587
103284
92392
89646
105143
88202
76680
104746
80044
101487
96270
83828
101811
105509
102919
81594
96216
102493
79600
98255
100520
79930
77293
87960
78475
94552
98238
100136
90196
78093
92910
79658
76567
78574
92237
80511
107066
94357
86945
91177
88527
83618
101529
95336
78625
92928
107522
90402
103309
104554
92477
97672
97684
103213
93169
83191
81966
92975
83453
85276
77920
106288
82353
107356
106768
99664
77885
104819
101657
105681
99433
83291
75675
77087
99719
79983
83604
87565
77478
78288
89013
95586
101897
86024
94062
99732
80088
99821
86604
88531
75540
87752
96388
88905
101328
105911
78800
76705
97695
91216
81785
86214
99145
101511
86709
85485
88258
86482
77108
85461
98396
91531
86518
82509
95291
76437
91231
105720
101385
87106
88973
99661
92908
93300
98281
77793
100789
99587
91900
80617
78171
104543
90501
78842
96679
89463
102344
76564
106544
103129
102440
95967
84874
99610
97272
101940
102075
87160
108175
105183
82158
81342
86682
76196
97644
92776
86455
105344
90055
101384
82495
80944
86104
83688
89954
107000
95468
77809
104314
80541
104891
90571
89241
76211
108186
93510
90980
89119
95345
76025
82981
95444
104174
107561
78363
95968
93819
82156
81173
86188
104046
80269
86335
76927
99200
103731
92475
76357
91777
85950
108147
91791
108362
80114
82862
94938
101362
85719
103906
107284
90181
104287
102217
87132
78193
81226
96439
102666
94723
95303
87339
79343
104978
92252
107428
97502
104378
81031
95030
102506
107469
89254
97628
101618
85700
108180
80528
103131
88572
77461
107801
85533
78111
107252
106021
104193
104415
103146
76055
102441
90091
105666
94498
91600
80667
83771
85271
102995
97774
100910
79227
84976
91703
84592
90333
98254
80403
85242
96870
97854
86814
91463
108210
80961
92647
90878
84702
85578
79265
99025
84451
98373
78875
91813
76834
77527
77298
88307
91456
83432
84741
89966
76851
100447
84777
90342
104861
99628
79646
90732
98393
89484
105922
106423
78932
82056
78213
99014
78751
81855
88605
81607
91586
90470
102011
102968
91474
103309
101117
95308
100294
91300
79845
78224
104326
107837
87050
80846
95301
87828
79821
78129
101777
101708
83023
89771
93096
107003
86753
82324
80526
91369
80060
85140
101212
108437
78579
95170
81883
84601
85669
82957
87121
77711
106871
100828
97179
79380
91713
84721
82300
107404
86536
104339
108341
105990
79149
95980
93782
105377
81123
94896
99795
93007
92390
99839
85338
80601
100715
95117
107236
81444
88402
83712
93835
89010
100515
99737
106651
98923
84792
86551
87531
101534
81847
100312
104046
87107
82628
102722
90629
89219
98932
97633
98199
78970
91652
104657
82532
96059
105931
101855
80278
101652
94061
85995
97817
102932
102994
87569
103085
99787
77910
92424
100922
75857
89794
100425
92259
75914
107388
76404
94301
100263
88698
89328
87554
87536
102268
100050
99617
76993
106491
86785
95001
100819
80220
99735
77478
94141
100202
82058
107002
94139
108291
97163
80656
98477
78097
78638
93757
83811
94653
103244
83720
78871
106463
106662
97083
104763
75960
107978
78906
106358
91107
91963
98964
80617
82825
90828
77784
99766
87253
106061
90794
107459
107687
84329
84245
103355
89229
79567
81187
102742
76783
94352
104363
93403
86409
93128
107883
97251
88350
106369
94806
100191
90475
99028
89903
88796
97883
79441
79191
88326
101241
89250
77028
80235
98986
91754
104690
86914
76572
87411
77374
105196
78970
80649
104433
78073
103010
95649
85689
77678
76824
94655
91678
102534
78972
94742
82964
88118
81465
107248
95948
90805
90176
97488
105680
97340
97909
80470
103247
108043
101031
91492
89781
76972
86470
81791
98687
95099
76112
100728
79182
104806
102669
93771
80442
88818
105724
103751
77928
87422
80781
106351
77791
102348
76816
103457
103063
93117
80238
98549
107731
91484
101655
86248
77745
82718
77371
106170
102912
105321
98621
99988
88913
86866
88933
80622
105809
96939
98005
90288
91990
76093
103102
95895
106551
82258
93139
84955
78433
80759
80126
84495
81447
89983
92242
104008
83546
102091
88130
85377
101146
99273
76048
90174
100075
76475
82568
86384
82444
96186
90605
89241
94212
89594
82996
83760
101245
85071
82032
90439
91221
86768
91790
96619
87027
87676
95810
83916
101335
95290
82497
103582
78453
97189
86961
105918
82500
106792
90589
98201
89874
85542
94766
107850
103834
78397
78935
99330
80216
96716
93903
107949
87196
85426
102276
83666
89822
98393
79054
101307
77137
101364
82593
102615
86458
83460
88072
88668
88963
93217
80078
91952
77579
93687
98174
92938
91969
104591
76687
95189
95601
100048
90072
97877
95070
97093
91466
81420
88976
100128
83421
105567
105455
107135
103371
78581
79505
104943
78077
83296
91345
95534
76482
97791
94369
80694
97735
94754
79905
79734
87620
78192
102256
107619
106611
91270
95425
89903
97606
81633
84658
100568
94041
83966
101594
79973
87078
81855
78497
107117
97656
107025
78933
88536
98082
101836
91770
101865
99568
103131
106337
92541
83166
76700
88828
96141
90504
91529
86256
78074
86242
97561
78060
104330
105257
94433
96569
98861
99865
86015
105363
97926
98401
83896
91192
93094
90452
78944
87870
78363
86241
80250
96297
81193
93125
107809
77757
104791
96255
107175
82961
89134
81284
98427
104165
80189
87861
101712
106037
92256
102414
86139
84751
82242
106656
106909
86689
77857
90305
91011
101782
92113
82306
91722
90531
95492
107361
79047
92508
104136
89280
86310
85581
98385
99478
107728
100678
92153
87397
108435
97526
100229
81004
98813
106171
94634
92445
77576
106937
90320
94417
90365
88106
90901
88763
77202
81652
100245
108570
83285
92033
94441
76979
80462
78795
94445
84863
104928
104630
102854
93089
89585
88739
77860
80282
96587
96322
101061
100544
99137
79783
92987
92397
83605
100769
84974
83060
79769
79687
106340
105049
103829
101843
105664
108737
80745
97460
79241
105383
90995
88542
104621
103377
90803
82021
91846
104962
106285
81226
97179
86642
83343
81557
94442
99451
98836
96419
81509
84629
82088
79298
105210
97924
79949
82939
99159
79312
83389
95535
100782
90742
88401
91494
86709
93149
97313
97123
91122
87051
77933
87932
108341
81177
78140
107688
83814
90852
87362
98266
84608
89350
104711
92557
101598
81157
103494
95648
98742
89289
89747
77157
89315
94548
108353
88053
100839
79277
99459
105670
103472
82461
81361
78975
91290
91038
103822
105482
96310
100241
87527
97771
95306
102319
107774
83409
80792
107074
91208
103019
92387
84629
106291
96637
86704
97705
85261
86579
97354
87849
92705
96693
104456
107168
76835
83451
98002
99562
87502
105187
82146
88553
93643
87425
78792
105081
89301
98742
106929
89765
79643
101892
97768
86043
79077
94624
82589
106717
106107
96457
89062
88634
77635
76633
82947
104445
78889
98714
79078
99300
92483
88922
103155
107859
88757
93506
95492
88394
85203
104547
93616
99989
94086
90130
96717
90690
90353
94710
79923
88152
82772
95327
85699
93382
92720
102105
106664
108698
90796
90370
80349
92019
88887
88984
103407
104761
77423
77782
104453
85003
103745
84225
98845
103033
83026
99390
100760
104948
96414
105126
94969
99714
79712
94620
93930
90295
83249
83294
92800
81632
104563
90587
79039
88705
84720
89541
105825
84226
85695
101350
94419
104101
92776
104119
95617
89787
81991
96815
85587
78872
91446
85977
91767
93636
84582
106793
84578
76787
97934
78864
102929
108855
100936
99790
82069
76789
93111
92168
81102
76822
95598
95258
83831
98558
103565
84142
103010
76738
82477
83342
89349
102805
107519
80310
80438
80516
106543
79790
90931
92260
92303
99350
80869
104968
82161
86658
93286
85687
99540
83081
78784
105948
77892
89881
88056
96000
94203
92685
87883
105974
97484
93698
81591
79701
83522
83046
84413
96556
77956
93649
77670
87024
92539
107161
82052
108473
104759
86433
80698
88494
94607
98673
96190
89534
90376
83852
86622
100498
93433
84477
95937
81343
95980
98100
94320
85567
94534
106512
107668
105250
83755
98365
104706
86145
97180
82112
76916
85172
82914
102608
107545
100292
106800
94440
78417
102179
81284
76826
88753
92571
102350
97190
87886
96133
101204
100555
90936
107323
89685
82141
101956
95696
99308
77720
97807
91134
77112
86964
81983
91999
83386
106937
102924
79840
104190
108821
82176
80244
85886
102252
100602
94725
94403
87599
103289
105392
92365
106096
97303
108337
88757
89845
97876
82588
88721
82059
77973
79951
106648
103580
94317
80420
96135
104964
91162
93419
92739
99361
79187
83991
95423
96297
92481
105911
80928
95425
96715
89768
102943
88011
103446
93961
83887
95871
106572
106224
103136
97213
95901
105307
101380
98465
91524
93034
99856
103257
93516
85451
83525
106547
87250
100981
89871
94458
97164
101529
78381
79491
101578
88277
89618
86147
96316
78764
105099
83875
86965
101427
84131
77271
100910
98060
80324
88299
97294
99736
94750
109407
95401
107881
92748
89972
104710
78838
103477
100487
78821
98963
108337
81566
99072
100000
96110
108609
92562
86528
89233
87691
76822
94157
93088
108416
104785
96585
100383
107169
83090
96024
102521
99262
79161
90797
108962
92172
77686
89091
93691
86391
96851
92045
99190
95289
83701
84079
89338
98988
105758
84718
109321
93020
94455
103205
81824
81249
83469
82938
92510
108268
99225
102993
100841
82463
89604
104576
93070
107554
96682
97794
104999
90739
109279
83823
82754
98941
96047
90795
90495
100205
80874
82782
79674
102977
105953
107429
89194
84001
108138
81160
91081
94963
78250
101803
88886
102442
102931
97736
109399
82398
101675
96604
105090
87586
103823
86561
95966
88210
91704
97725
109509
90667
90878
99385
83565
105312
90714
78516
77256
107625
83056
91737
102824
88031
97101
99214
87335
105350
92269
93550
96326
78698
78720
102778
83156
84781
97901
88971
82578
108959
105112
108044
79508
82575
107361
96869
78314
105185
106989
79290
95104
78561
106024
91606
106819
92887
82186
94818
105605
103900
93210
91739
95651
77547
92721
93635
82661
91195
105857
88982
89765
93388
85717
84991
86196
89152
98842
79564
91897
92397
95263
99872
82267
88112
107929
99687
87266
99588
104298
81039
109080
79059
105507
101238
88758
77452
90823
104862
103036
83957
106194
93736
104289
89411
94585
82944
105708
91880
96308
93781
91874
106924
107642
90444
98081
97535
82123
78581
99020
82829
83700
108670
84648
78356
93071
107430
94918
94322
99017
99445
99683
106755
107112
86826
85260
96809
107788
83574
102918
106028
94900
96743
83692
107845
78469
92327
92314
101877
84423
98406
103754
100251
85041
90261
106237
84806
82278
104917
105757
95944
91071
98735
82272
105996
80971
93829
95215
100009
81940
94152
96968
82358
86692
87660
77920
104417
86472
106905
101773
97211
102036
107428
101028
95830
87975
95037
105438
82450
96433
97514
85249
100276
86834
84148
81980
94648
95364
83999
103506
100841
85275
82016
95739
103726
93452
107723
90247
90535
92620
95627
86468
80632
86330
95893
95522
96485
85472
86751
100885
89120
90230
98252
100795
77150
86696
95467
85951
86704
83738
101346
84605
85777
101032
105637
95846
90171
101106
109036
108710
77504
103960
78307
93445
83029
83906
96035
97035
81009
83812
87521
99944
90903
80832
96613
93843
79343
104364
99774
102832
97180
107541
100789
83639
91466
92996
85247
82643
93830
92512
85687
93704
94035
108084
100363
92953
103546
105523
83765
87721
78369
102585
79533
98720
107679
82324
91292
109264
78735
101315
89748
97241
109347
94077
79231
85321
106428
103798
97750
95752
102327
80221
106516
109044
87945
105897
101737
109512
109582
93333
109746
87618
102174
109161
103337
82053
94818
105724
90201
98748
97381
85111
83670
88064
107502
98651
108330
79484
103822
91078
81810
97998
104309
106482
85739
92593
89993
78846
80743
90841
102330
84721
102788
89119
85135
84220
94015
89054
107013
93439
77700
84637
109210
109391
92650
82926
109733
107959
105117
93845
106984
91324
99995
106477
89448
79397
77860
85640
82813
87227
94059
104470
84005
81230
99218
89736
108445
87288
77781
82037
101683
83110
80134
94396
105558
77267
87865
78187
102383
105623
94144
95711
91124
88801
109402
94253
81209
100608
81063
101825
99210
106345
92895
108357
90616
81332
79044
92101
106864
92903
106453
77584
102802
109303
100293
95073
95167
101772
98859
91710
105588
104965
109179
90273
81623
81084
92725
88662
104080
104843
102748
94372
91098
92047
86826
81967
93658
80427
97026
103965
98095
88912
93606
81016
102602
105212
84650
91603
104192
79873
82473
97329
107741
83464
94902
87842
88508
79061
91029
105775
85268
89293
93996
87160
93333
79029
78260
91804
98420
103612
86068
105433
84483
109244
109488
86389
94340
99261
87197
94044
77887
85691
86681
90378
98258
81065
103513
103851
106441
106933
105443
84865
84078
80846
80637
109191
92642
82531
95205
94804
78445
107374
86594
81729
85779
102834
86107
109262
105064
84032
105607
84802
109989
108352
86756
87698
100346
101870
98124
93316
81958
103907
97157
85012
95302
103318
97720
96279
93162
98338
92965
102174
106606
77898
82708
88733
106376
97466
79375
88397
97309
81807
81230
84174
82265
84762
83571
94865
105470
81377
83832
81909
110076
88039
85733
88496
81987
79150
91206
87665
83669
102777
85212
81092
92959
96598
100499
89141
102537
101468
105268
82360
100172
79026
95708
84808
90499
96209
103597
106191
106118
83082
107715
100422
106611
90698
83561
99101
106509
91549
81805
94941
103114
85489
78450
85772
79655
77981
109733
83537
80703
103713
107058
105688
78236
91823
108823
84472
84045
106219
100601
104723
95800
101872
94998
86462
103090
91027
95867
109346
101197
89579
99447
102050
109553
82193
104783
93631
109871
97316
89395
77624
97489
106384
86385
96117
95414
100496
89577
86053
95197
91634
86721
95015
101823
96795
78426
81062
82914
81482
87938
100489
97707
84769
84971
98058
78452
109153
90843
103588
96734
95733
93222
82227
95848
92210
103258
78423
85569
82269
81721
97561
108123
108141
99692
103121
86977
89363
99957
97607
79658
100600
83430
108056
95950
85574
86736
109915
100984
97641
87167
103301
85469
109591
85860
80522
101676
89997
79443
98885
81894
109596
105455
99354
91632
93669
104546
78298
80615
98017
79697
89062
78771
101924
98830
90776
96863
97378
96784
104158
89127
90546
104353
101928
89555
106642
106711
93573
92740
109099
93381
94216
85837
88023
91890
109681
97476
97761
91915
89609
80344
105356
78036
79054
83108
85078
77924
94416
102405
89725
83602
85211
103337
78531
80299
97366
90729
84334
106086
82027
96985
106644
85273
88169
99869
83861
79660
86374
96510
84969
78030
96552
84797
90908
99048
96326
80166
95766
88399
87946
82793
94624
90430
95386
90406
98340
109571
109015
104519
102580
109048
109958
94226
85838
86453
93230
94718
94815
83844
90688
109766
98693
104726
80125
93629
96665
90484
109205
107617
94701
92471
94604
107570
108242
104188
83810
80069
101726
82963
79475
81940
87148
84343
82716
81688
95971
88323
77855
107674
82748
95970
90697
110150
97342
108360
108370
107521
96012
107615
91140
89468
88674
77957
93599
83465
90908
88244
103037
86702
86520
80705
103922
106104
91804
108234
107382
106770
101339
107882
97542
78742
104756
84014
92359
87971
85403
83661
106989
95408
92029
83859
86235
98208
97790
91039
85643
82070
98181
80718
79665
109322
96634
110327
102427
97309
101710
102361
99548
103209
79548
89425
98217
80029
83791
90705
106755
83720
80677
83725
88727
92787
84722
92919
78178
92660
89927
105198
92952
110464
84245
96178
109255
98817
90989
106652
82103
107944
98953
95884
78230
87685
87056
101154
80081
86357
103574
102449
84549
89755
81506
88944
87831
103410
103797
86643
88544
81825
79048
86746
93710
78448
98516
92873
95879
89018
107351
95640
104335
93124
95318
94411
100331
94285
95326
105796
97606
106342
80912
82103
79829
83076
99549
105311
94519
99284
110349
91631
78495
92110
92422
93132
87604
93453
89035
103801
79800
98398
98499
96082
88168
107287
99516
79998
96804
108970
89135
91679
95696
84089
93381
100043
86266
90860
94235
98880
87741
86209
95170
78163
79845
101796
105099
109098
95827
100096
99073
105643
106404
97300
96054
86836
105229
107593
84419
109453
102025
102339
99338
105499
106295
95798
84414
104790
102653
92155
103846
94077
100722
103779
78749
91272
96763
106571
105438
79454
95540
109552
103294
84296
95121
106245
79418
105125
84805
84995
85363
84960
89954
95169
104567
88480
84546
87620
92674
86846
100135
83416
81669
108156
89886
94303
78501
86900
105769
86762
95111
105678
85404
101254
106059
100406
101576
97625
106838
82701
108759
97005
101845
81759
105207
92875
96766
105750
105403
105036
88217
78701
87741
78508
92608
85671
98697
99424
108771
95744
88502
105641
89103
85476
85590
88426
108655
92767
88209
94007
86035
107989
83852
103854
97520
86003
99216
85514
81192
84197
101480
96245
103564
89289
79626
108702
83807
95076
93818
96268
82525
92180
97260
80050
82940
105990
105001
85315
109298
107689
88115
102599
101879
98403
102188
99567
98508
93058
94068
80549
109180
107381
92434
108776
102626
103996
95061
91607
81259
99357
96186
95755
106270
92569
91153
108074
85465
83358
108508
107193
103133
102398
106744
82482
88716
95264
80767
79191
95090
107510
84204
102853
81539
87854
86656
92876
79011
84653
92901
93310
91500
87097
82706
109830
86827
89717
99950
108604
86059
90387
82488
104822
82231
108869
89126
108448
92506
99956
89164
104335
107241
110389
101952
96402
108995
94841
81276
98122
88792
100611
102659
99004
101608
105248
84552
85925
91789
85650
93003
83469
87420
94413
100357
95519
101128
102758
83718
108856
106984
106696
87389
106558
86329
91945
86456
88115
86215
92092
94924
109578
86664
99368
93431
78521
79209
95290
88868
103567
87373
91606
110320
84680
105555
88372
93195
97631
80216
101705
78560
95011
106430
102530
89720
83981
78955
84408
80283
89553
85012
101729
102201
80563
89787
103171
104969
84636
103542
89839
104304
79469
102259
95275
98724
83347
104249
90800
79121
97756
100656
99797
99580
95624
78436
100108
99174
101284
95878
96460
98355
96915
92212
105934
99211
96494
79481
110716
83841
89230
103320
81575
95474
95206
96517
93560
108464
100758
93365
80297
97760
83518
109463
100340
79521
91280
89443
104908
107503
93098
79250
80460
95174
91042
107949
79725
103562
79970
99531
97147
80038
81590
86102
88778
81268
102307
92685
92581
96605
110075
96079
93831
79169
109102
83350
83086
87320
79971
88130
82476
95194
93383
99224
96288
95901
102949
80138
89252
88829
85688
92344
79592
83137
101181
105528
89792
102076
86091
110226
107673
90864
101863
83343
95666
105978
98644
94260
102537
98730
109864
102025
89491
97009
104357
91807
81967
98048
82757
101072
95197
82862
103831
95561
84395
87834
106570
97478
88561
88722
98439
99997
97854
91316
84101
104958
108434
85715
108375
79993
91342
94621
82696
106432
109928
103674
96489
88239
83043
104247
96298
79753
83839
102243
92840
110981
81581
93945
106502
109449
81861
91840
93951
108085
96891
103152
82170
92963
82064
78486
97247
106349
89669
93753
81450
89968
87829
94654
106814
83920
88739
89481
95739
102333
99826
86757
110482
104564
83156
106406
94360
103944
92069
85261
93786
79202
82232
103915
106097
91014
90386
100361
90774
104985
81366
87240
108215
87328
91137
103685
107850
103947
97495
99391
83425
104434
82334
95996
84478
104734
110345
102504
80937
89547
101623
97088
87361
86060
106078
109038
85008
90544
101761
90614
82721
102788
92266
104080
84182
80985
82324
87702
105909
104807
84200
86433
79107
100530
94442
79984
107412
104076
95285
97417
94433
88155
85797
78626
97883
99996
98771
106305
96511
96296
110150
108323
100651
90806
91879
80091
79024
99490
82230
90683
108328
105453
98492
106487
87178
85636
93760
108552
109051
92101
110398
78671
82151
102207
110997
100987
84049
89273
98176
88620
104551
93558
102343
103000
107610
89784
91703
87279
81516
86403
104527
79802
90699
88995
100924
89481
96669
100849
96264
109197
85724
88017
106254
104451
107108
81919
105393
92946
103882
84620
85837
86775
90480
80931
90734
111199
100438
84625
79680
104468
97843
96900
90183
109276
95173
101011
94032
101535
81253
102271
110760
96455
100318
107961
108171
106988
85887
89124
88287
103089
85359
80923
85283
103913
85825
103094
80546
92671
109768
89929
85740
82836
86061
101166
104070
90985
99390
85701
89569
82816
97545
92088
106121
106366
85674
99460
85151
89172
83553
100661
104585
103198
88552
102768
96488
82763
106755
86967
102602
94207
101720
84457
83490
109749
87169
82696
105589
89385
82016
82495
108501
109685
88498
85796
109587
98170
106727
105274
80945
91777
84274
106682
93718
86562
109020
106131
95877
102246
88541
103855
82256
85800
108973
109432
88521
81089
94040
103835
79738
92132
88273
94987
82710
99782
80008
79434
108463
85378
98366
99556
82984
95165
89624
110652
86254
100741
110579
109450
101859
82559
82168
107301
101531
91714
99696
104702
92875
94462
84185
109165
102654
108385
98873
90929
84362
106939
82610
82354
82883
103008
94807
86152
87918
84814
85822
96577
105593
83727
90838
95327
109289
80097
90491
96929
104211
92181
108616
105348
97807
88757
85293
89352
79466
103273
95553
100535
96539
91803
91481
84452
104120
109274
98521
98609
101610
84092
109258
94548
102431
93320
81197
108826
89470
90835
101007
85675
92448
88936
105950
110609
81021
106285
109691
81140
104740
96196
93840
85415
78768
85680
86436
88937
105207
83897
80237
101860
106372
88721
82661
82426
85832
110519
81312
93633
88460
83100
85852
99788
93994
105221
95706
83885
94973
96176
88812
101815
102038
95290
110288
102409
98096
92224
97468
79560
110310
93637
110010
90539
93732
99539
110006
84157
90460
105061
91861
88670
95994
95877
100105
80523
96665
87474
82915
83808
103031
110980
102568
83675
86054
97427
96934
106979
99717
87444
106440
86153
103663
95685
95081
88973
97202
89740
83302
104228
111043
100954
81783
97016
111024
107734
85183
80753
81109
101944
106401
100403
110547
110066
84438
103400
97086
88214
105148
84287
103574
85236
79857
86324
95097
101506
107553
85651
93974
103170
108572
94903
102373
110942
86572
85912
108950
102359
98213
101125
86343
105310
107709
87853
99321
90690
83614
87140
102725
107532
89018
81956
106059
104616
99935
103762
87276
111301
89483
98755
103225
90493
79873
87295
110378
103737
109980
85061
107156
101327
82660
90063
111445
108526
94943
95574
93137
87996
101162
105433
96163
85693
101959
79003
80012
104183
102457
109931
108463
81236
82254
110631
87809
105799
105277
93059
108283
102322
91248
88327
99474
98568
97699
107607
82792
111279
109998
104375
92228
109480
90015
111054
96192
105585
100108
84138
105793
80426
106152
89605
81452
87288
95507
100551
85335
109991
80887
104396
94910
85651
101712
86502
88952
93128
88843
96038
83433
101992
97491
91991
106040
102221
86056
102860
81667
107760
106161
103004
109138
100489
81619
106410
85706
95864
107138
110250
109860
101860
84055
94048
94685
86946
82659
100075
87854
89176
84548
109251
90942
90594
101365
98623
87703
83956
109803
93018
89814
87041
111069
105398
90535
105564
82403
106209
95217
94878
96066
80088
86350
85319
111238
80841
92094
95400
107474
80925
84892
96000
97909
83382
108497
108517
101053
95861
97863
110309
100880
107008
85153
92526
106808
90818
92457
107499
81151
80947
109577
93744
107772
111193
80063
102168
110764
96911
97227
88940
86725
108933
110762
95239
93894
98952
99336
110392
109779
84995
108082
110952
81856
85318
90570
96509
86380
88455
101054
90494
100688
101414
88442
90615
90455
105014
99933
101023
81136
89400
80234
99768
95842
97065
107073
106423
87649
85952
85069
105125
109022
97009
99134
86213
92707
80053
89018
92791
109342
91661
111695
109404
82941
87876
82605
105147
91644
90997
98578
101155
103803
84302
102405
83282
80212
86291
90183
88662
111723
85990
80135
90354
81287
94277
93781
107075
92512
91092
89049
96675
105209
90717
96197
93134
85551
104981
102920
80196
94354
95521
103365
94190
81013
88152
86787
81923
84545
81739
85670
104493
85007
88450
91806
85224
108405
101641
91230
85803
90527
98860
92047
79435
102818
105598
101126
106780
85262
99616
87540
111193
82626
109119
85341
109638
96261
88031
80332
94099
89042
85463
95556
90500
107634
96029
87417
97615
109393
108100
99904
103622
80650
97091
92229
99381
99268
87672
83964
89486
108993
97517
98522
85699
107060
86489
90308
83828
86611
84330
90056
106954
107694
96449
98315
86691
100543
91967
92674
91375
102594
99583
104677
83033
106951
92835
109409
105259
92677
83540
109710
83819
102769
104964
92448
109386
88207
110326
107745
89280
104840
90753
83039
96368
89982
110609
81633
105425
100380
105582
93344
84623
107377
91713
99636
82735
99838
106452
90701
100083
82189
103961
88739
104701
95557
108782
84272
80054
111484
96415
103580
105329
90060
101548
84729
92492
84713
88013
107952
98647
95665
81204
100795
84217
111365
97042
88085
101007
105432
106076
107119
108373
100741
91087
104485
106634
100966
109106
81776
80847
99490
88539
85725
83665
97094
91508
80638
81447
108952
83967
85087
88958
92328
107544
86459
85747
103207
92282
82544
108480
88956
105925
91441
110619
83989
82303
85755
82011
84475
86616
85578
85341
106922
94642
104076
79398
99871
81504
81878
103625
82482
85166
93910
104075
80934
90018
80137
106310
105343
83842
104749
80907
98579
100758
100346
108811
99684
111919
101645
93880
94509
100841
89125
88615
91195
86828
86673
87225
89726
105721
92393
89850
89952
108003
93437
111305
102229
111195
104459
86202
108468
107825
87349
97464
101573
98648
85041
93679
85531
80106
99395
79337
98596
93547
111464
107254
109054
99666
101844
106962
108172
80581
108959
90754
85962
100261
84668
83071
83293
103114
109354
85526
104303
98960
103278
111375
82617
88210
87872
110221
111329
80565
100997
111669
81671
85353
98941
81042
87195
99115
96062
110776
83057
99662
88417
80168
91671
104956
110587
95220
99686
109432
103119
87588
85591
87205
103617
80983
109336
104140
111246
93870
84063
105626
104891
105445
111615
110184
89035
102339
84409
80832
90549
108725
90708
106012
111509
86198
96495
96496
92322
97649
80535
88811
86880
97194
111637
99450
81431
100826
102921
96143
84867
99865
108349
111776
85965
111425
109875
84210
112058
88401
94976
102935
82979
83215
93789
88758
87973
92914
90876
111754
91289
110910
103448
111533
87366
107889
111696
93975
104534
106718
100277
92769
95111
106648
93218
85199
93859
87185
80844
100750
92850
109059
81433
89402
80238
87311
105142
83108
84215
105893
99044
86225
79816
95139
99602
97350
91370
101953
81585
91522
86119
105132
90180
103117
90114
81393
79798
107312
89125
93725
111857
102597
80155
91810
105644
92209
98431
80893
89476
104814
93941
86678
80719
83406
104984
81128
83117
110396
111283
83169
83679
109765
79667
107660
111581
84056
109148
111085
110242
92618
107068
98861
111051
111389
82781
83959
99424
94722
97343
94497
94450
84636
103685
83855
94950
98183
92015
104788
85520
97049
86792
109595
83076
97768
82337
98246
89768
104076
86013
107604
96654
83622
93902
108296
102273
96545
102368
88775
93918
110007
111509
98243
86822
97719
92817
101974
103504
89606
106422
108848
90212
82532
81491
96949
111429
99825
100504
98721
98510
81136
111182
102638
83233
86986
103365
100087
94012
106326
100621
98269
88526
82519
86376
100138
83528
101447
99072
101556
101942
111955
91862
106693
98000
105382
86267
80760
103116
91626
84226
103270
97911
110348
104117
83842
82436
106304
100103
90178
112164
104006
97610
93184
83671
84715
107682
80543
86145
99282
87482
97393
86848
85364
99509
84056
94333
86374
84840
85292
91841
111323
91078
111197
98250
103529
108187
93146
107743
109328
90750
99633
101728
98936
106240
108535
80801
87674
106538
90474
80888
108002
81447
93013
88597
90739
91453
97332
82066
90668
86530
90777
112331
95690
89548
94158
94448
84110
94057
95676
108121
93504
91152
89099
90649
81012
99480
102539
82389
92172
88808
87763
104151
92158
97199
80680
105822
107608
104533
109728
81464
98433
93489
98950
102035
109505
90108
94465
98833
88835
90757
110833
99098
85978
93607
89882
91510
86211
108664
87684
91931
95914
102340
100897
111427
95151
111034
106929
105410
112425
86500
89571
97431
103147
100701
100285
97729
83399
112446
94013
108372
102225
87385
81217
97227
110821
99626
105636
101536
98284
92426
97962
81178
93530
105894
97950
108391
108155
92080
108729
88042
111344
92628
108614
86742
111605
95982
106756
104444
108773
87162
79820
104673
89343
98635
102003
87316
90730
87169
112370
102590
81527
100533
90564
88443
109351
100214
84880
85352
102893
100601
110088
88190
107444
89100
79889
89118
111140
92748
86308
95468
110113
85144
109556
86753
94101
99269
93265
87964
109168
108947
91212
93945
111853
110048
109724
87525
99094
95260
105536
82801
97162
91389
90982
108581
100734
84084
85388
96150
102402
97247
93925
110650
107141
88192
82174
103804
108188
89646
94881
86028
82687
95818
93946
92281
81876
90869
90104
86017
80945
110208
110582
93096
89308
110372
85659
87431
88149
94964
81150
84071
99350
108559
107790
92558
83737
87322
98354
91353
103835
95726
102700
102155
88608
86157
111939
98917
94135
104027
86177
92535
102783
107915
88570
93237
90986
98007
84334
95053
96321
82804
93873
112056
96488
85829
94825
83087
86244
82767
100055
100641
99354
103533
101306
92482
102873
94788
108912
99814
100635
105082
108383
83950
111112
93219
98707
110401
94396
85884
98728
104479
83274
83420
89835
92850
101633
112103
108988
92390
92398
83973
99895
102011
93601
91923
96787
112473
98356
80216
86473
98339
99466
107962
90361
103694
82133
80177
107018
90868
105051
98429
96530
89764
102265
109076
105973
87677
103144
99423
94672
98875
109631
109605
82840
83216
98745
98120
83966
87543
110393
108463
84118
82501
102027
86659
85561
97920
87277
92062
84648
96629
109006
87360
99697
91525
105173
82948
86039
109632
102693
83731
83309
81973
109536
89240
104515
82183
107497
86644
111940
107972
105711
90930
80927
90483
100263
106301
103397
112108
96600
95824
106162
108781
105629
95535
86160
85865
106343
101269
109976
90915
82497
93805
95067
87676
93400
92740
94592
88713
93114
80383
87470
101225
80734
112073
93868
112342
99429
93776
109254
94457
109855
100401
87411
93059
107601
93104
88118
82681
84277
105645
99010
112207
103619
85716
106081
97465
92207
100883
86166
110014
107699
95057
102657
94094
94350
101725
112260
90005
85325
99876
90020
92496
90953
91176
80434
98144
108145
108589
93738
92893
112713
112437
110555
107756
109363
106671
81224
93844
101102
103660
84687
105165
85596
106450
107272
81626
104072
97236
97776
81113
89831
102690
86855
89241
99038
95516
109622
91819
81029
97805
112693
95676
98475
81686
108844
94754
89114
98408
105176
93108
112155
100278
100721
83423
105533
83179
105354
92662
97107
112408
82744
95178
92604
105904
96886
101499
91879
84471
106184
92045
111637
107704
110623
103998
109153
80950
95997
107799
111102
93798
87513
112578
81601
99163
84421
104219
95711
84994
89678
91529
90359
104719
104612
93583
86611
106039
105979
81566
89707
103840
104752
101422
102058
112534
107440
99085
110965
88703
112022
100598
93034
85777
90387
105061
93669
85186
89363
80554
95945
98944
107293
109116
97661
106403
107643
87889
110900
92448
88732
81067
109682
110335
112310
107189
98764
112143
111791
95950
99823
92632
103742
109797
96995
92881
99150
89926
98449
85203
108707
106675
93827
104910
95679
111799
97004
93371
106759
107063
86760
112849
106786
87114
100356
102652
108194
81227
96001
99211
88294
110636
101333
89640
88638
91148
100083
93710
87889
87564
108492
102518
107964
97631
90262
108370
112124
99745
96076
83518
89230
99178
112630
109492
112212
87842
105514
88703
109627
111127
101331
92018
88603
94668
105265
85849
89311
83349
92705
92464
84965
86624
100511
84115
90536
84182
99465
107638
104348
106915
99493
103958
112985
95249
103654
82991
111356
105180
100331
85616
106186
105282
102857
101676
87575
98905
98314
96594
100711
109733
111350
86175
107474
109546
80913
84498
97709
81727
83428
93857
107110
102756
108800
92714
110000
110933
86593
92332
99296
96543
89680
86967
92567
87795
101995
99361
81570
109689
96873
80891
90142
112742
107512
97475
95712
81489
85802
101851
110356
90307
82992
83770
111139
90509
89701
95330
82907
80990
101518
91026
92618
85908
108127
95548
101354
100179
80706
81849
88452
81620
81493
105276
95566
84992
111537
109061
109782
92478
82674
110807
81700
94601
86772
86955
95899
107205
103130
101030
104993
88659
103509
90953
96640
98275
88867
90600
104715
103049
99797
104285
82052
101396
95190
81661
94525
102043
101545
96459
100222
102488
101490
95212
101159
96697
96696
105819
95126
92597
108649
108254
90827
103517
93726
96825
105418
94131
93089
93345
112705
107198
102317
83571
90475
92894
112372
95014
102452
93022
101734
93567
104606
105288
103601
80899
99427
83325
95236
102834
98524
85764
95513
91890
91169
112547
86642
106186
101746
100524
80611
101456
107734
108058
110160
93285
97793
112092
104376
108447
107131
102769
84082
94343
83711
95669
112823
102917
110626
91387
110945
98840
84533
94043
82674
101578
96363
87374
110040
109412
89919
112760
106480
89054
110096
85700
93000
101529
109582
84918
105001
94289
101466
95229
99413
85581
85353
102216
84365
107224
108458
109659
87382
107509
85864
93026
86013
97871
101873
82565
106713
89711
95736
94396
91600
105009
112440
103141
99356
102009
87386
102164
112207
99618
83481
84522
80789
112439
80548
89001
101434
81766
104515
111558
112492
102577
91198
92096
85569
83303
108283
104561
98300
88659
100966
108323
84876
109107
112533
109732
92757
81260
112557
91805
88115
82427
89087
102175
105660
81839
94583
86655
113094
89237
82743
87908
90922
83380
110719
101662
91079
102395
88528
111673
86985
107896
108881
87378
99371
103115
113265
105002
82810
84185
91342
81145
90076
108229
93782
98821
100946
90140
108715
94066
98106
103247
97740
112476
104472
107623
110579
100387
109205
110580
86201
112390
88264
109126
111488
96500
112309
98016
89874
105886
92435
82986
82566
98513
106835
87910
110948
108035
105181
95461
92937
111148
97693
106619
110924
112599
84414
94768
111201
100728
110773
105272
84478
99840
98178
112422
89533
103343
97842
81244
88258
81193
92329
108230
101021
107725
91294
105416
93553
82498
104679
81524
104278
106066
84471
91393
88829
98556
106405
88184
88979
83396
96303
93105
104423
84558
93310
97918
110798
109355
92587
82214
93895
82675
99267
85013
84699
106388
91591
90065
97991
90601
99063
90416
90205
80783
93520
91593
101416
98036
95572
91304
107343
95664
96009
89926
106683
94489
96324
104120
100732
84241
97319
106790
97385
81187
110569
95103
91399
93135
87253
111467
87469
87073
101270
91521
85221
103817
91313
84923
92692
90598
88659
100390
87390
87524
104269
88030
89796
109448
110429
96826
104591
97033
109743
104516
94450
97762
104099
82028
102123
100389
87505
84605
95850
109586
104779
112591
112565
80872
106785
91071
110091
105979
102955
104540
102791
108295
112386
88931
90184
93892
86608
100206
90831
86714
91722
99688
85928
105303
103802
113220
86605
96063
98498
97518
96583
82147
83614
108674
85910
82517
100265
106173
107859
93019
103523
85681
84884
110018
108593
103356
83856
95220
87461
98490
82180
91597
100352
93050
110549
94123
81397
85103
101622
81860
90544
83624
101004
110013
90647
93186
104272
82040
94544
102813
110901
83501
101507
84108
84812
111292
110817
85713
84708
112705
90597
101512
90101
85481
91353
94562
81087
104709
87453
83541
94382
93277
96420
83858
92801
86471
93759
105144
91563
86520
109342
95559
83705
93849
88595
100183
109686
98974
101146
97930
111756
97491
86935
111935
82027
108727
82910
90632
112047
96654
87544
88927
99132
101298
113061
82836
93549
86058
106909
110858
91503
104061
95771
108195
94183
92360
102556
94329
89819
93711
91364
112847
90831
83665
113475
92487
112430
104415
90134
109653
93676
112494
93328
107251
106090
110698
101563
107158
97178
102413
91833
102241
103779
111025
100176
108185
84295
97506
96166
85338
108099
84408
90184
112520
83958
89955
89457
97031
93446
82184
92298
90927
85184
81100
97005
104570
94206
94510
85486
94336
102734
81049
89116
96806
84048
84793
100292
104978
99424
112399
101047
84834
105077
93760
103245
88221
92745
86963
111274
106729
89787
85466
98368
81279
85361
112592
104085
105309
96705
92325
85319
89402
81618
83190
87117
104895
107774
102080
103551
84468
91771
92021
96601
97273
108347
112720
100348
105974
91152
95462
92021
95572
89364
93183
81474
103982
98120
105123
100626
93954
102779
111992
85709
81069
108654
89163
87508
96918
108085
109548
81546
107305
84192
107071
108307
87175
101467
100496
113756
109947
91027
88103
89179
95921
101594
85276
109976
93218
99725
105325
85996
113363
90356
96846
101000
100031
99945
96704
105274
101649
105149
87653
101100
112279
104663
81811
109422
110196
89502
82855
107125
86293
109338
87708
108003
100198
91861
108252
85320
90693
104328
111701
105641
100919
91635
89552
109697
87897
107789
88190
103174
107930
107869
83412
94893
112936
87976
88985
86512
83752
99020
86590
106575
95914
102636
101741
101525
93660
112589
111332
102492
81789
98432
107396
87251
85141
94786
101029
87231
93796
91296
96173
90048
97432
81119
112097
90838
99267
105114
87675
104995
81931
112557
106748
102387
110628
98130
89539
101625
87163
106634
110303
89563
93876
106431
92962
102898
87383
109479
110454
104267
110534
113003
105076
88049
110195
109577
91699
113774
103247
101111
87134
112527
106118
101385
106634
81768
111465
95380
93382
87960
84395
103892
89203
102606
98001
92299
86358
106892
89060
101355
98027
97323
107369
109494
83964
99872
113555
102820
105075
87165
100534
91653
81261
102843
84991
91047
83343
94390
88675
99066
107421
86265
81877
90226
98632
96316
107196
90669
90184
99627
97188
90326
110507
98153
95539
88009
84845
108757
100447
90231
105032
95244
108767
97548
81357
82991
103903
95824
100532
88550
107256
86219
110449
102820
101727
105773
91912
87853
110941
108525
91681
94806
111615
85039
97375
102668
95502
93675
111598
111256
89409
89932
110939
88097
89266
111958
83369
106099
109967
85964
91809
107775
110354
104529
98665
91682
93363
113869
88920
91306
107932
92434
95497
86678
92253
82880
107438
103709
104161
111205
87207
84466
91808
108777
110420
111047
110871
100394
100647
107536
108661
85987
90109
94217
83096
108498
85678
85754
97335
99354
110562
84921
106081
92390
90919
82801
90150
102735
92225
91043
94868
97664
83137
84330
111845
109591
92122
108035
87798
99023
98415
101516
98299
109148
96624
85260
85362
90519
102503
98484
81493
101339
113230
109413
89748
97967
84644
104050
83650
86693
102592
84134
82958
113538
89956
81801
113782
109470
111253
85471
107319
83598
92074
82802
102792
91905
113572
82449
87943
113640
99261
91097
104820
82138
87108
104115
85277
103862
100775
86302
109465
96650
92114
99375
92985
93363
82871
93909
87484
81478
92974
112226
102082
100527
81664
92231
106116
90520
111422
84255
103617
82189
109016
103664
88060
91101
88938
103597
95460
109891
82521
109823
98836
84933
113695
84548
93180
107869
87267
85465
113951
85719
94541
90260
112256
103034
84632
85653
85078
84458
94441
86079
88839
102221
83935
91265
108628
100781
110955
106586
99537
88221
88802
104348
106905
90912
90192
82672
93759
101830
113168
100122
103176
105496
108697
82302
88919
82230
103067
97763
107624
107455
100683
113016
107585
88305
91898
87828
105702
105234
113645
108738
85965
81678
97641
111229
83345
109921
109325
100920
114154
90679
89701
96546
89053
112850
96443
82471
90672
99885
90928
111034
103457
83679
103692
88786
101976
91201
87123
107826
109593
87251
91289
102638
85182
105436
104470
86827
101733
93265
95997
110630
84710
94968
94474
112248
98312
101325
85338
81816
87028
91813
85120
88481
93417
89873
110805
97877
88882
101253
106767
113506
110677
83898
104726
110565
104078
114256
89363
99117
97403
112056
107209
112833
108825
107601
91432
99748
84975
85969
103967
101079
89481
97255
107187
104736
91176
93215
97614
90634
94392
113925
107097
113197
92162
88205
84748
86191
93219
100786
82565
98315
96829
95070
102680
105489
102508
93834
94695
90415
94204
103334
83634
92398
85977
95035
97776
83903
103238
82383
106270
112632
88274
97033
94551
95770
95624
81941
94245
111189
110695
95562
98967
113486
86546
90890
108691
83487
89288
89578
103022
96159
98453
113171
87738
103141
106442
101865
113247
94471
96172
100330
81646
108071
82281
89048
92977
96177
89936
101146
98823
100318
92736
101472
105326
88701
111457
104070
87010
104178
101907
103099
99814
109439
95780
96738
82400
112066
91718
106808
96297
87167
94912
113207
100709
83616
97379
100795
110864
97146
102336
105060
97882
96338
83096
93755
85813
112416
110996
95128
98732
90770
84022
82243
85878
103252
109840
89561
100299
94863
90164
104049
105334
91568
84459
108672
110380
108394
98218
82682
108572
94718
87361
107194
91847
106170
101974
85540
107538
89791
82962
111625
107673
94472
86810
111050
112199
96680
91585
83137
109604
89683
93820
92892
85101
85024
108182
95883
91370
84621
91428
88541
96636
98244
90684
109798
82166
100893
113250
95075
91181
103139
83523
91553
111443
97883
105126
82074
83328
89346
83103
90465
112274
98839
103941
110529
96055
90969
103975
105505
90952
108050
92859
111787
103001
97620
85271
103854
104078
114051
90020
112960
105904
84243
96143
92711
108671
113299
110273
89594
85066
94187
86546
113283
111294
88802
98233
100968
84988
113379
100871
91402
91886
107520
94806
85422
107482
96055
102460
101851
95543
110580
112900
102146
107200
109272
97118
96101
99016
84409
82773
101937
89549
104682
96898
109293
110671
88508
96383
111640
114402
104004
87967
94478
110723
107103
98780
111404
107304
110068
100881
105012
93851
85113
107882
96243
100743
103865
88344
104225
83155
82900
110665
92552
86320
94855
101975
90473
82670
91053
94527
96795
100372
93446
112726
111605
99503
95032
82743
100206
84330
103955
97536
103299
104543
94745
108478
101209
109613
105278
97317
108324
95563
111852
94597
105543
82332
84810
82425
90301
98883
86462
98018
114103
107448
92849
84371
95622
109595
89234
99406
98492
103369
88093
102256
108174
101422
95197
91880
95357
108762
98543
111597
88374
106198
105738
108273
91830
101944
107964
110032
98225
100853
94454
88654
95285
86519
93899
101568
86411
95087
104565
112393
92510
82797
86169
84936
87070
92078
104652
110032
94887
90548
82005
111577
111390
86044
94260
103541
105756
88621
112740
85573
92431
96685
98910
90220
108253
104184
101598
91972
112586
109395
87273
94544
106395
89469
102415
106610
94459
85127
105454
93022
88351
97510
100087
103247
102054
105415
104053
107001
108483
101538
93642
99262
105373
95506
113404
102948
94966
113380
101489
107143
93195
108653
111607
93451
103868
109345
88840
90069
108013
90210
109643
111227
102188
91286
112221
85432
104852
104572
93138
88933
99057
86208
91255
103076
92709
107469
82906
103519
100810
84450
92429
93169
99864
82792
84902
100386
86537
113027
109066
82009
94140
85223
93420
113165
102423
83693
91152
82557
87473
90341
82005
94369
114415
103854
93938
107360
97133
110981
113152
110595
110751
103451
86585
87274
94648
88298
108031
83069
93898
88520
108960
89190
106287
114621
95448
89342
92969
103954
88471
111876
104645
103338
88069
112021
98309
102038
103363
82520
84541
85475
110196
86522
82110
110006
109437
86746
93874
84380
82184
83973
105031
106779
113231
111204
88336
92813
85783
105012
82856
100398
103546
85175
101528
86899
92906
107049
97914
111261
101747
90102
107871
109711
108096
101162
108399
93916
101473
114473
102607
96805
102092
89248
104136
92322
94369
107707
103973
99070
96946
103577
86236
104296
83522
103677
110321
83687
107789
86598
99992
113901
84617
86177
110490
99632
105068
102525
91641
95157
114798
87871
114647
86829
95568
94263
113300
85381
103709
96723
107319
82617
92848
103187
89615
98793
87158
97597
86426
104622
108149
99794
96421
109742
93581
85184
90037
103278
96254
113369
102822
105576
83755
113796
112530
82270
85662
103603
94196
110829
107595
89109
106765
92005
99865
98444
84615
84440
88222
88289
105049
96113
99114
106679
84202
83207
85256
94397
98425
104178
106496
100136
86972
101662
87072
95329
100295
111966
92349
98298
111920
112642
85684
88551
99441
111275
108533
93163
100749
111966
106563
89936
99063
103896
82741
109275
98223
101665
95105
113919
110766
86884
92025
104017
92548
110078
85718
92220
103488
107477
99765
101366
105616
84971
96479
91570
103977
92723
106317
100376
107113
85667
109804
109554
88379
109194
90781
86056
112956
86052
106368
103918
90908
102507
104306
109884
107590
109361
86740
91518
103619
99692
88975
112270
85083
104913
113492
87519
94974
87972
110377
109563
110691
91086
111649
114223
114415
94256
86378
90244
107992
105783
82829
82930
89738
104880
93426
111825
92490
95454
110499
105872
103705
87754
103505
106921
98011
103131
90780
91348
101304
84134
102031
86652
90819
100103
106346
96623
109017
107889
95141
85977
100812
83842
99889
95091
114113
114395
104705
113144
111063
114478
92361
107993
95498
104600
85510
103217
98902
93234
94014
110843
107807
102115
92297
105091
97488
102008
101456
107802
91075
101622
106837
112142
114017
91694
82419
111833
94090
86931
114856
93593
101175
98889
112080
96192
92253
85886
105139
95501
112917
106237
103874
113851
88059
98304
89118
83704
87507
103494
85082
93336
100979
93542
108162
85771
109789
87139
99676
97420
112299
110464
97517
107676
104112
96854
98879
94383
95964
99363
98402
87333
104800
92261
114353
93819
102675
95656
97366
114371
88340
95900
91409
89937
102321
102762
82741
96952
88200
110920
103155
107253
109036
110156
88794
88041
100747
108413
93599
86541
97357
82736
96538
91489
109951
84370
99986
102565
102704
85377
86074
101580
99803
87968
102395
94382
112967
83882
109428
113917
87212
90118
90432
91258
111639
110492
88951
107624
109839
85480
84855
115009
108665
105804
94948
97193
103353
100267
114157
86432
93466
92467
86737
90107
94064
105850
113314
96277
106748
90829
100170
114114
84367
100293
105163
90500
103410
104218
95179
84738
89734
95676
107343
83893
98088
108320
85959
102885
97879
109528
92491
82900
101785
110183
95012
101177
113946
94803
99982
110831
111767
113020
94908
84207
95098
103339
106013
106108
89159
85102
101598
110749
102198
92964
110768
86736
88098
96596
91595
83453
111521
99139
114994
89513
110453
100037
103481
99692
109091
83027
84293
113317
112097
108126
97748
85612
107189
111331
97725
99272
95196
113472
99256
89634
83049
114246
90912
111610
89902
110735
98040
88537
101855
106257
111149
96647
90997
90100
101658
92541
99793
83361
101457
104605
113314
100380
109721
90657
113544
88211
98355
89554
103802
86839
108898
98426
104293
82762
89642
106651
103445
93561
88407
111457
97113
87149
89281
87510
101986
109469
108751
95829
111469
93286
101690
111169
109730
115037
96019
113654
112187
113636
106504
89344
85992
100347
82659
92300
111986
103001
96595
111131
84639
87228
108271
89214
97879
113789
103800
103678
92420
89959
108126
102107
109119
94921
114054
86776
84392
112842
84299
112596
106261
88061
101315
103868
99824
86325
100675
101183
90074
100251
114725
91619
109204
102141
101832
99094
109856
111721
91353
114023
98339
95483
112849
113142
95630
87795
82623
109097
107389
88330
99144
87457
104032
93191
108012
98413
93784
109197
108939
98685
93156
82743
94759
105817
110524
84199
108523
96531
111101
89434
100204
113017
111751
92672
100144
107152
111779
88843
95853
84798
106474
102598
96530
112967
86114
97065
99595
96635
103401
103338
83137
100397
115415
108885
99041
105958
109023
111391
99167
111707
84790
105592
93626
87965
113399
114719
109697
104336
105159
99642
91670
109982
96437
86694
94898
109228
103779
85132
95145
115021
87403
102453
94192
98358
90620
90655
104924
102643
113860
98896
107052
85720
84755
105194
113738
84537
105533
97536
112590
101342
94016
106408
86852
109745
113574
103761
109615
103866
115117
93015
94286
97357
91558
108501
111645
93826
88731
88507
103071
99302
90164
93984
96859
99952
104411
83417
84900
108471
111903
109130
109598
104033
101718
112764
111486
100319
84615
86896
87441
100952
83335
108211
109952
111330
84833
91699
101970
97272
86523
114769
97458
92201
90103
112183
95731
113933
109528
85612
108625
92797
112230
87461
98426
94723
91219
106975
110669
90768
88862
101290
103137
113773
107832
102856
102857
86388
90470
88822
94102
95616
98662
100874
105374
103202
89045
104510
94972
96406
103760
109004
103128
94453
107738
102587
106473
97707
96125
94712
108343
82988
96052
114856
97318
99299
96521
99261
112560
108651
87675
104903
113906
84994
112162
93965
91882
114235
83862
88541
115583
90867
95884
102688
98241
97669
88386
94513
92531
113730
89630
99056
108999
104475
97426
96530
105832
89249
93506
104379
93629
93232
109929
113230
85869
103526
86392
93060
100894
100058
92929
82875
109955
84491
99796
98705
104341
112279
98408
102578
110624
87214
115580
94958
97666
110021
105725
114575
95919
91791
115243
109801
112249
111913
113912
88114
95247
100245
84144
114580
91331
93801
90591
107137
92944
106440
101744
113735
112347
108178
105234
101604
113401
102872
91872
107547
105458
112787
89664
107207
97284
91541
85003
91760
84075
98239
110575
103196
93152
98933
107794
94055
100960
88655
105464
83670
109102
96785
93095
83561
93723
113630
97801
100207
83205
90792
105361
113822
111262
85995
104993
111971
103790
115099
95020
109431
101916
109659
99608
102067
93161
99823
99302
115493
115325
103412
89364
99683
101606
103118
103106
92447
98782
84195
86549
108028
97612
88583
84185
108192
107278
94006
97898
101899
106230
99977
111572
108327
108050
98147
102201
94880
105777
112363
104051
83701
100514
84160
113915
112336
108863
83944
100617
110995
92843
99337
103421
102963
100055
110299
92670
102473
99019
95709
101601
83814
92323
91207
106060
84135
90839
106816
95515
92810
105664
89682
107010
84736
101464
100891
108404
112580
100674
105285
92356
94442
87306
100280
103563
96699
96429
113677
101961
93120
105308
108358
105295
98333
112253
110269
87772
115489
84723
106075
110982
108058
97183
92426
98267
90990
110886
85357
89161
92391
109301
111310
90171
113743
106883
86616
96389
101949
89558
98438
88322
93998
92745
109275
86907
88791
114828
89556
103883
101818
104684
91931
103233
88312
114389
92157
105798
92262
102037
93214
94016
110306
98402
88171
111030
93416
91295
83537
112820
99680
111963
106284
98673
103610
106779
101379
111407
97853
111321
101746
108387
91036
113484
85991
113942
113355
89962
102418
97163
95760
94252
107414
84002
94813
94097
96773
111484
106461
91877
109067
106976
104653
94787
89833
86749
105101
107865
113189
101425
103671
109931
97664
93162
115695
87194
102697
107979
100155
84583
113200
110577
93334
87411
103741
107191
106495
86664
108930
85974
112215
107741
108526
87249
99883
97174
109220
109712
99023
102539
100523
99402
85420
115786
102887
87977
94682
113503
83784
104489
97778
90323
90945
91074
94237
94706
83580
102086
108657
96081
105676
99596
87422
85776
85603
83534
102179
109661
102725
98768
103335
110649
110332
103746
88836
98175
86669
94952
95366
96802
94892
111352
90773
96182
109612
87108
92367
109874
106681
94232
98395
106484
110025
91494
91769
84485
102352
114464
96605
86943
83379
88550
87869
99820
84096
101601
95145
88849
93020
88559
104219
85867
96189
92416
97487
88088
88537
86720
99028
107194
94558
97910
106596
98935
88675
104235
104049
110149
115358
89104
102016
111716
106200
86042
105402
83755
87199
101615
86592
83720
109627
113925
92352
110019
106211
98568
104518
114434
87344
115837
110164
107026
92625
83366
99636
84196
115841
87205
87693
84054
106806
101859
105525
99764
104347
103347
95046
89471
112321
101171
111988
108397
100625
90227
113821
113584
103558
103898
99490
89467
109337
107205
106358
110275
106364
107888
110452
102723
111114
93210
89078
104642
84479
104804
95267
94872
85732
92155
111624
91759
112206
86390
90091
87111
104904
105602
109019
86973
92430
103996
103820
88204
101500
96990
85602
98388
101317
86430
107468
93594
101608
114643
106451
87056
114528
104282
93171
104983
100251
107576
96297
111491
97966
97664
104525
104862
105031
89464
101282
99439
102627
115959
107180
84284
85569
93713
96065
98893
101398
86518
92899
91123
90882
83480
89933
90825
92099
95372
89420
102202
108713
111539
105936
84547
106313
98585
108867
112506
92790
107421
98585
102480
91245
112851
100265
113811
92496
111014
105019
87095
90582
98882
102754
93781
91712
100657
105356
90484
101775
94659
107991
88328
113908
103860
83750
91192
101256
107017
90485
90596
101949
99131
93545
93671
106516
89239
107563
111513
96913
102117
97143
84376
111213
102984
108528
96969
93322
108389
104887
106649
89900
107463
108347
94857
95077
89474
88659
93929
105169
96791
103306
114915
109956
107672
96185
83900
91201
93965
89052
107351
115436
90901
107294
92667
100162
99793
115510
93013
94152
86781
90870
107713
93953
95072
83745
84677
106212
111207
98686
101342
100493
96013
103978
94336
103475
115709
101170
97368
111962
99067
104033
95444
108362
106368
89431
94437
85439
111780
97243
103940
101858
86593
115827
108147
111480
105814
94001
115909
112218
85929
109263
102560
95269
88753
115711
98498
111154
111026
87804
106050
97225
98090
114533
99608
110737
84332
113227
85472
87883
84619
93833
115931
100544
98169
85843
102967
100088
111216
101650
112528
87213
99473
100463
100022
90367
113356
97198
95665
105322
86527
85566
95234
99316
106082
83598
107820
101291
96802
101922
107635
88398
83788
113637
112100
116299
84205
88257
100501
108521
104312
103021
93742
112839
111719
102534
109480
112261
98597
106466
83797
100289
105772
108577
96289
97861
94058
106372
104983
100734
89834
94467
85031
93489
97968
100505
105254
86121
110821
96739
89622
112820
99636
95465
108456
116110
87667
97596
94463
114718
93062
104257
90551
86816
106368
90060
88358
98083
87308
115184
105697
106228
112908
114454
86146
102490
104575
97613
105129
87299
85416
102369
105281
114623
100461
110127
104197
98796
95741
85175
97346
109873
101301
85107
107742
97648
96581
111720
96665
98037
99854
108922
88723
91380
89551
104580
94479
107570
102529
116392
85622
108034
84351
113636
97439
108403
98794
113638
90957
104648
111180
114978
108281
102696
83835
110113
91346
109207
89793
108828
94211
88613
101689
87497
95284
104549
112252
90485
106835
93729
112253
103763
115860
112972
90802
90900
94902
114232
108149
106423
108425
88330
114345
90275
97965
90986
88224
110323
92572
107135
104508
99601
100074
86298
84309
84614
97996
105009
114779
115216
100568
104336
110141
105973
98059
108747
93065
110232
107024
112247
98004
89930
94911
112025
90716
95586
115941
98143
85228
116112
94019
86286
98816
86894
113881
100412
93482
102232
99172
94015
101556
108158
99109
110053
94087
104759
95204
111206
84555
101273
90933
108182
92112
99398
83962
116063
96429
101768
93993
107631
99879
93345
107983
116270
101460
90972
115797
100339
98176
110568
98050
114807
114895
114406
106434
107146
116260
115649
101670
112644
96578
109374
115371
100607
102961
105556
106047
115523
94436
97085
108289
95746
113176
107213
110921
112070
113535
83971
99304
113831
88862
113630
90801
88769
103923
98161
107064
84709
86492
89658
108761
114575
100020
98992
98556
113688
99007
112923
90264
101933
85576
87208
84470
97152
94856
92861
108984
96189
108490
88202
103961
95936
110285
116449
103286
110341
88426
106567
98830
90208
99958
109899
104710
94958
103658
84758
103088
98891
102977
94276
93708
108805
108578
95218
92559
106577
101695
84760
105252
100349
97661
110618
84337
92838
97621
92313
92763
86571
93306
105871
92876
98401
109500
96667
107443
106505
88620
98713
106573
98815
93569
88950
104868
113332
108986
96066
84821
111581
113669
85639
99733
99949
97504
110042
106614
110785
105854
113839
111719
97563
115820
112498
113658
109650
89460
102355
99051
112840
106690
92001
99933
116123
103749
104538
109158
101920
103000
114881
92366
92557
99490
99250
89364
112373
96826
95475
86450
116090
113167
90827
111266
101566
92808
94743
100641
84378
101223
114842
91315
86803
116467
98709
87399
113545
89686
84119
88924
102962
111940
95895
94084
88263
114909
97600
100776
98685
89557
93324
116653
100663
86482
97940
104981
98810
97301
103847
104905
106913
96605
90265
92949
108754
114440
104797
86516
112176
94588
102870
88974
88530
96709
99051
114943
97525
106111
86490
91994
94701
107511
114638
106733
114786
112525
112563
103367
98744
109149
110153
92536
90575
114462
84087
109592
104429
102217
113635
95371
93176
84862
105919
85506
105449
88869
103398
94917
111997
106321
105511
116273
112685
89321
89568
110588
103265
102921
113103
113857
87265
113318
101414
108472
105356
84081
87261
111044
107084
86526
113228
92596
96073
113958
104953
84418
111453
92330
105391
85600
116169
104728
96976
92725
108582
109811
96747
97122
102046
89102
111761
108041
92251
99897
115557
112656
115776
87327
91763
96802
93655
111983
108995
102903
87691
92986
112685
88534
106264
116125
86126
86360
87359
112031
102524
101230
113086
85084
101143
114085
107135
91236
88993
87209
85264
96862
109615
111112
111955
96497
90592
96057
115831
97252
90990
98781
93222
85635
110082
97604
98816
108869
109645
109875
94025
94893
99284
87525
100574
100206
85131
91471
107374
85458
91814
115113
112614
104540
90796
90409
109613
105389
110541
102162
103442
97188
99445
98797
97923
111561
111905
108310
107263
89836
93554
116603
99149
107017
98175
92577
87407
114287
114032
103656
84434
102177
102729
88591
98759
95613
116483
115962
84535
96539
113889
105395
93841
106232
93697
102064
112648
113620
101170
114260
93436
116184
103941
113079
91317
92540
111143
88746
99159
91560
106733
107254
111122
95001
105265
98021
108442
113415
97629
102660
103639
106757
96709
92966
100829
91176
116026
88236
108318
88939
94683
105988
93918
86354
93231
86384
84712
115406
85617
110857
105088
99681
97835
104963
89240
104578
116743
99634
84551
108099
93665
109773
95606
96049
88864
114547
114653
89468
95047
115819
114222
88920
110279
103728
88975
100514
96792
102445
86350
97223
101127
92357
116432
113122
106578
112790
110027
94756
89970
112127
110261
100473
115896
111583
113021
111464
88475
85664
102008
110907
107857
92789
86942
88161
101276
91871
100854
100112
101863
109430
96079
112175
107153
94694
88113
111474
104073
94520
93715
116423
109851
85587
114126
116465
94729
95682
102994
90482
94686
115383
104344
104879
85119
104272
106968
115535
87555
84506
95483
97252
113092
101588
106579
92109
86966
110709
115338
112219
111608
92784
84440
110898
98473
98102
99449
88818
109053
95740
103775
90391
107664
113087
106788
91422
105978
84870
116546
90346
90019
92648
113542
109157
87001
86477
103362
88682
90399
97401
105923
105187
102344
97990
86402
106542
110021
93616
111518
86470
91324
93207
113674
91679
95834
116161
103683
95697
103145
113567
116294
84473
97829
91473
106623
92636
95819
84971
97540
109518
102772
107002
107971
85331
99617
113858
96634
87683
101399
111306
106534
85171
89709
115611
91069
96337
94179
93380
98591
115216
92277
86049
99658
92997
101168
85853
101070
107921
98117
98486
93058
85441
110428
90368
113268
85490
111402
91885
104998
92921
96070
88971
115447
98562
104248
105486
85471
95094
105939
108752
104287
87075
106438
107926
85688
99735
91245
110357
99676
89292
102637
108981
86690
99851
100735
93588
90045
110858
97548
95182
94191
116824
85755
92412
112890
112634
86855
116986
106456
100183
102612
92142
109995
84561
97795
101509
86263
110005
93060
98176
114447
107221
102763
111728
100813
93811
94854
94141
114054
106209
100846
101869
105277
109927
95965
86051
115479
85733
105151
86502
90895
112569
89484
101412
114155
87779
101460
100727
106095
85095
99868
110502
101072
106227
109288
115311
85100
95426
114969
99204
106423
86976
115961
103379
106617
109807
87701
96778
116279
112393
113099
94811
99566
89191
105635
93053
91656
114721
104419
87283
109960
106103
105949
107152
89992
101488
84876
108859
113125
88768
85983
112880
95801
106479
89429
104455
92169
110008
88522
115641
84800
95664
114833
104928
87772
106792
92866
86014
92136
90195
111061
88961
88234
111788
106608
110405
88093
113298
107902
94811
87458
112181
97665
103433
87282
92086
116265
90385
114263
92810
94245
97846
98076
107552
99129
93181
101953
99779
92305
96177
108916
107969
110421
114089
89661
95181
98173
106702
111481
101538
110311
88919
100105
94441
109734
101591
95179
107357
112286
92538
86985
94765
101710
93835
111281
94113
104940
114746
115846
89601
113335
103581
111764
103091
108937
86004
90281
103587
110763
112177
87170
96744
106990
87480
104836
116900
115703
102243
110253
89899
109019
90057
113865
108392
108780
85440
88809
104829
90322
107040
96017
86442
100829
85194
112433
114032
97689
105193
91734
107510
109987
107128
115234
101803
97468
100101
113786
85805
110108
97204
99710
113514
89864
108166
94654
114949
114343
116955
102570
95995
96274
86326
100171
89222
98986
113217
99121
86081
85166
88849
88493
98957
95245
101546
108352
91956
98680
116934
99154
92749
88508
107986
105511
93280
88399
87098
85776
117194
85544
98534
102622
94562
115668
114949
113308
85596
87495
92937
102014
100718
97264
98546
100628
91442
99728
102352
86723
113100
112203
108675
91510
86988
113024
87494
113297
113238
90070
111468
103719
106624
88855
101096
113772
99835
93250
104723
113261
117494
112603
90410
94974
113471
111750
110870
108276
87211
92116
113393
112533
85177
91485
92101
114253
104818
115727
116631
85155
98707
97733
115364
92266
96238
93467
94186
104508
116238
89473
111850
103460
117274
90511
103085
93851
84987
91033
115717
117174
110017
107650
102677
93341
97091
105685
97299
85311
105734
95249
109389
90692
111201
98885
111722
86339
87774
102365
109811
85302
87778
116668
107538
112939
104337
102283
92569
90940
112108
113232
116293
93120
106812
117058
100677
109763
111796
110300
102134
112052
103506
116784
107761
110430
86278
98430
94023
113690
104470
86789
111371
108610
94657
106265
109073
98024
86819
98934
115702
87752
100184
110036
96352
93052
111588
92091
102023
87791
97362
111001
97781
98068
100636
115474
85130
101336
95691
85911
101826
96597
92767
117306
91963
105032
91121
105408
114289
106181
94359
98040
95180
95017
90760
96076
85726
101201
114305
103830
98277
93705
92519
98101
88728
103623
88365
93023
110112
95130
85240
101048
89700
114013
86145
101668
107145
112688
102075
113114
101561
112169
112567
85435
114468
99910
97732
103393
94789
94630
93658
93306
110695
104697
108345
112087
92775
116278
112205
84928
117179
99980
104149
102667
91059
106650
106820
112493
111103
113378
92007
113039
95346
116347
115785
113508
90118
98823
107348
115899
114463
108773
115384
100880
91924
107176
95505
112552
108267
116423
108100
94941
103268
100501
108457
99766
87098
106356
100208
92346
87717
98118
96061
106246
100643
111909
99862
104606
99448
97364
110975
102145
116211
106357
102883
102400
89844
96764
108086
109263
114091
110051
99033
95069
95010
90528
92094
85985
105086
105044
98764
115893
116098
99909
88965
111208
102996
117646
114918
113167
85636
110357
105102
113627
117578
108478
99363
107505
116495
111070
106994
96629
102447
95987
96725
91112
115966
105874
86874
105141
87305
87456
90913
94982
108446
95429
116102
98268
101262
112414
101504
96351
87089
96306
91337
88179
116651
96296
104000
94091
115310
98615
91019
86466
111616
98653
101632
89896
88319
93268
96966
87385
87650
96706
86583
106325
104961
103344
96905
87947
107608
100669
87214
110647
106375
88467
109176
112110
92062
109339
104705
106615
92184
115437
96842
107997
94885
102539
102946
99266
95021
106958
98890
111350
107793
103200
117206
96585
110004
85996
86998
85405
114746
112467
88374
115263
110223
96545
104931
92535
101291
114431
110895
92253
115477
95722
100727
109551
117158
117731
111363
95329
117648
112104
107053
109236
97183
102948
104646
111754
92094
113251
114357
113209
95932
105160
110049
103198
95056
106690
95570
117812
116827
103996
87955
97508
86638
113940
116826
89631
92812
114383
93546
87979
101937
115851
108217
96186
116882
117556
90574
100545
114983
100347
113774
113031
103271
94468
113271
101245
86995
114271
103180
97101
91701
96058
88306
104373
100650
89941
98874
96918
113374
88246
103201
88136
88855
101789
94260
104753
110197
95930
105400
110998
108280
102814
90696
109488
103874
88944
113344
104451
109086
91105
89434
88043
90562
101473
87575
95864
85585
116628
104033
99195
87076
93439
117230
107745
116298
95496
94951
86592
99277
110877
102730
93872
96823
87091
88461
111836
110933
89970
114308
108889
115771
116526
86660
100150
93064
91162
115657
88788
97516
99512
96277
114423
99303
111380
101274
94238
88019
98994
112410
109072
86820
96965
90445
99256
102383
94369
89987
113970
85417
91763
108938
111654
91186
115248
99538
94805
92177
94411
92879
100977
91138
117163
110239
112434
117678
116316
108013
94374
101305
90757
88341
93129
88833
112666
97928
112725
110885
109522
116083
94427
99909
114140
111515
110867
114697
86734
105099
116337
94181
100574
92146
85752
116379
93524
87367
113235
90369
108095
113326
90402
86532
91239
100639
108178
101869
110980
110533
88112
105187
93869
94372
114687
109233
104211
92287
105671
98762
105199
85497
95409
85898
91833
109562
95761
89023
92827
105300
88707
109928
112165
114599
98361
102077
97346
101250
109971
103023
103275
102346
111344
97840
116250
88672
89797
114294
100226
108542
96236
116604
90237
93538
111166
100234
108742
97199
86371
85623
90216
115728
93673
85612
114038
97950
102548
104938
115197
112772
104437
115471
93751
101728
105534
98325
90881
102381
116053
96539
100495
108000
116519
107304
101727
88847
96319
117869
86379
94168
112279
114122
102819
108225
102062
103828
92058
103772
88282
114582
94592
97390
114912
110165
112208
93007
93122
113049
105034
111252
110552
116264
96164
92652
103202
105173
110461
101704
99293
100025
116498
95551
98132
113857
91444
110256
105209
100457
115706
95657
107444
114630
92851
87943
116603
104138
115742
114783
97571
112580
91358
96157
106102
116006
103976
85995
92293
108683
96447
101973
87616
86776
87074
117930
100675
86626
91651
88869
111859
90225
116220
91468
114634
85636
110974
89625
102127
94965
87050
96088
110602
97182
90019
108624
87382
117148
100739
100261
88056
113234
114445
97405
111759
98737
108291
101090
112140
96695
115449
114536
115396
101174
115977
97807
98243
103383
93641
112746
114275
93534
99962
85761
92190
96816
117634
106997
89249
88850
88861
103650
95777
111155
97359
100873
108530
104301
86557
104623
93014
106952
85756
99008
93843
109120
97418
110008
113224
109512
93052
107203
114944
91278
90071
88611
101640
105601
101732
87507
98430
111889
96349
85866
89003
91701
85613
97601
97683
117939
117720
111320
103113
109980
98549
90230
108168
103189
101349
112144
117248
108125
105087
93548
116206
92940
116874
98183
100975
114585
110127
117043
86294
116511
111277
90884
107836
106593
96079
110701
116375
101899
93852
92711
104975
95291
95181
108498
105676
85823
95876
109791
101780
100257
102074
97453
114772
116576
101625
96754
86012
111745
88780
103773
107152
111814
114549
85882
95100
106174
89309
102869
88105
97278
96465
107362
94925
114861
91754
113692
116615
105542
107469
97261
92075
116633
98325
116942
91995
95251
89486
88111
86359
114752
91172
92057
101653
87438
112667
92306
92949
103252
100608
107457
117615
92946
101599
104274
103086
86523
113590
103580
90336
93104
89898
90369
114414
86607
117369
89622
112170
106412
85680
97540
99879
105438
114462
98607
93389
111870
104968
87573
111788
107563
108958
97400
97681
91089
110894
86719
95063
88875
96920
113818
91904
90887
88066
93669
97797
100298
93644
89295
93161
109747
88262
106299
92692
95332
99489
112486
90591
103070
116388
103370
97516
93004
102560
116291
102328
107203
86054
112241
103027
99144
118263
86877
105487
89042
106940
100447
103319
113682
101880
96575
101314
111025
88122
117146
97480
92889
94615
95111
86132
90614
99159
94587
95354
95934
111599
114538
91916
104559
112688
96047
94632
91479
99517
101422
99892
91034
111554
92728
94796
112432
94947
97199
89307
96557
101747
88810
115176
103493
91879
111322
90291
117391
96650
103150
86017
116873
109938
113205
109748
92509
105394
105923
104094
102498
102865
110165
94103
113638
92539
106808
102605
111915
100471
114790
92764
98735
105689
99827
114975
96688
92537
100007
97989
108528
112291
94189
116775
87734
113424
105707
118232
93717
102677
100083
101118
100208
101403
103706
91745
88638
98895
102182
92610
91659
89755
112558
99182
97727
102100
86396
99859
104483
107061
103478
88785
100769
109580
87102
104852
101196
114355
90582
97186
111392
103106
91016
89200
115082
110211
110533
113850
92203
106918
92620
97234
93657
108854
91597
113465
87014
85964
104526
106604
90277
89603
103631
92416
111403
110379
90025
99569
115795
114242
104252
109368
96517
98080
112713
105627
108983
88049
98717
100553
115507
118504
113392
117158
91291
114738
90892
92388
106155
110633
100658
107475
112703
101835
87481
90490
105493
96618
99832
118502
86995
91044
89958
103874
111692
104598
89600
90408
106239
101197
106987
107703
97504
95613
90203
88550
87644
106358
89011
108439
109719
91219
108270
108528
96248
116341
112701
114790
94183
108592
102129
114714
98261
97475
94364
112745
101757
99726
98675
115646
95338
94079
113655
110251
88762
91342
101333
112441
115489
91882
102410
87676
98353
99507
116810
116842
93400
114921
111011
116205
101930
113892
104030
107830
98912
97158
103718
87125
90401
86127
107372
90630
94465
118639
102153
100558
87624
86081
115493
94279
106228
88694
87128
104632
86017
101807
104464
107753
88039
88591
117555
95798
100965
105712
101381
118497
100733
95701
109387
93869
114624
92064
104625
89512
118731
104966
93801
88392
105746
118591
90133
104377
86492
90626
102631
87414
99983
90032
103686
90391
93742
103120
107060
104809
109600
102843
111535
102852
112435
107928
107860
86169
93664
105867
100874
89163
114641
90666
115038
100928
102560
89393
102507
115767
112610
100726
115197
112604
115300
114463
102902
107673
88244
102418
92144
113584
93923
116909
107811
116359
106890
92344
100745
100162
91147
108695
95297
100247
91161
89796
99122
117214
116347
88445
87536
102504
106764
98490
96227
110354
87559
87138
112038
105242
111745
105150
90541
109873
98871
86830
117803
117201
86666
114971
94770
91088
118472
107308
108572
101686
86957
92861
115499
100940
100394
100237
99948
105205
86372
105398
87777
93761
116736
109539
96990
95296
103070
106429
92340
98836
117155
108198
92301
97354
116796
87210
101783
97131
102048
101298
117349
106189
104853
99579
107666
98735
86837
102087
117671
99973
98546
86611
104254
93329
86744
112136
110696
91059
96274
110581
92749
103042
89264
105597
101906
115355
95399
93517
105984
108346
112665
115858
87010
94727
111831
118888
89774
109106
88357
96917
107368
96705
89021
114807
99652
91433
91414
116539
96523
106780
89573
98384
92095
96931
100069
94747
107650
99692
114131
96493
96692
99429
103357
103474
102748
114826
104573
103403
113865
115194
98177
113246
89977
106321
98765
108043
98617
87858
106818
104419
117646
92195
110880
92597
95828
105118
116682
116969
92069
110948
97737
100720
101116
95253
106004
107771
107418
116734
109454
113259
106025
117554
90065
106889
107936
107996
100138
91896
98150
99795
89572
115816
94906
96367
86730
92427
114514
104092
86759
108109
91970
112428
98960
87232
118816
105330
100261
99669
98150
117260
117011
86738
95767
101376
116637
92032
94118
114699
95197
101156
100371
96309
107909
118065
101719
103849
104427
106300
98306
87748
102341
95152
100131
101228
101936
111811
88936
91043
111864
108457
93574
101467
114707
102407
117723
102028
112750
108458
101202
107653
115693
114297
112520
96640
112301
104104
101933
100216
117132
86319
100780
100159
104939
97915
98062
108235
87730
108387
86811
96720
114325
90717
101059
88213
86934
116978
113341
106752
92107
90479
105070
101874
92002
119006
114188
104667
99298
92468
113667
104837
107699
92108
115096
104500
114913
96276
88780
99825
99869
118407
94595
118563
94469
94171
116709
97375
113317
96379
94725
87425
114493
96311
103104
113404
115268
112186
90089
108910
111534
94525
111011
105336
88683
94203
106765
114124
100400
95717
96805
108935
113273
94230
99558
104642
117967
93833
92596
117091
106566
114058
111866
98873
89163
111466
114194
93769
109724
99959
95589
115298
106648
114475
89555
90360
102329
105124
111957
94255
108383
94548
102624
103989
99791
95738
94093
118741
99963
90321
100600
103753
107396
88839
88805
115024
102525
114288
113194
93825
94834
97660
92873
114399
88360
116583
99164
115117
89511
113839
106422
93060
100854
116683
108231
87202
93734
93722
108480
110981
99985
109850
103032
113081
87908
112602
118542
94446
90459
108722
96465
99917
86988
97073
114780
114188
106471
90711
112901
104768
119100
118532
103801
110579
118654
113329
104352
94583
93574
100958
112583
114425
92570
105931
116477
103513
115440
89835
102589
111418
100462
91542
114638
99413
99508
99198
100968
107282
93020
117860
92568
116569
93056
93836
90085
98725
117629
94062
103220
97627
94711
106670
114153
114011
98334
90446
113487
100052
90415
98083
111418
93788
95037
117893
108779
113472
109873
114251
94515
103704
91664
108023
87004
110495
106876
89133
89156
92354
99710
94058
105803
101623
89474
109298
93295
112080
118435
100874
88118
95952
106793
93032
89549
117885
115536
104680
106990
98742
92492
96128
110854
98119
93833
95094
101016
113083
89143
97488
97244
110962
112902
108557
101805
112883
99886
116498
100770
95618
101811
101991
88698
118262
91623
105123
117693
113605
118320
92709
93344
111201
117003
106245
105001
102599
104273
105802
95381
119124
96442
88414
115703
93147
87455
92863
102433
105974
112132
112374
94151
101785
109013
116941
86754
96749
99952
108477
117843
93787
105828
115622
106185
109542
118904
116931
102628
113855
108272
94172
117915
91667
116747
106173
118235
93224
98000
93416
107632
89256
109322
90247
101673
86845
115602
96164
108087
93277
118220
119196
115415
88680
93812
101585
107057
119024
96155
109728
101759
113239
104428
105363
106865
93088
102196
105943
116432
117375
101410
116720
106083
104882
104267
118187
91151
90004
110448
114004
101697
105200
97028
97066
108177
113171
111337
102672
111775
100389
109179
108165
105537
99513
104655
111830
87521
88482
100156
117650
94240
90888
100635
96575
107967
97724
106700
109643
101056
102345
95738
106566
103624
98124
114975
109390
99016
101253
102474
98250
92124
113709
117024
112219
89460
88842
101408
111631
106673
109506
89388
114904
106258
87533
111941
90685
112207
111981
90519
118352
109445
99586
86965
101088
105876
104217
116517
101615
95941
102629
90143
93286
106929
89009
108434
98312
99678
114805
100456
95653
101546
90535
111115
113296
113901
100179
99368
116819
106458
94574
92083
108960
99494
107624
112939
117643
89197
91136
108575
93943
112081
118876
110577
118350
105444
88409
101850
117622
89160
97312
88110
113152
96404
98042
105185
104866
116474
106341
105803
87271
99879
91751
111912
88101
92267
104226
117475
103600
88602
93097
94996
115789
100146
103442
115015
98537
91197
109516
112639
99467
114297
104755
96762
107912
104247
101218
106679
90870
118401
100936
89142
103778
90367
118015
114687
104390
113948
117336
90469
97461
95076
112571
109324
107481
116272
92718
100777
115615
89222
118195
87561
113457
105531
91863
106581
114853
94042
103048
114836
114547
96458
96295
118897
97069
97322
90590
94782
117354
97536
94004
100666
97796
88339
87518
116495
116867
90645
107736
111263
113112
113285
114101
101376
107343
96724
96308
111045
96191
89031
107539
93056
97283
98076
89384
114053
89006
96112
91565
109040
95739
112224
96988
99049
96003
102383
87996
111142
102707
89639
88634
104882
92924
100356
97915
94701
103628
94093
107633
116949
105278
101188
86956
99971
100750
110272
94579
105208
94287
116377
105748
112922
115808
101252
108152
115450
109084
94399
119546
117592
98513
119216
91257
118889
115315
107209
104108
103384
101266
108974
100022
111626
89994
98458
112891
92838
97530
92415
110897
103509
87671
110956
118970
91590
99201
111284
94001
94710
114101
108621
90435
91566
114245
92150
90560
105549
102310
113820
102641
94663
108424
92287
97837
95726
89355
103057
94119
91376
102192
107294
89226
100641
102285
119730
118088
92667
107846
95800
103982
93283
113720
112479
106557
116782
103543
90178
111669
95972
99835
88903
97266
98244
109718
98375
110075
115976
102441
93168
104281
112234
105752
91752
96165
101606
98555
105779
90981
95170
114583
111703
106649
115404
103436
94910
110992
110051
94799
101851
98816
101816
113883
88209
92758
107990
98980
88400
97611
101344
88397
101249
119736
103450
108442
118820
117419
91947
95272
119223
92090
107810
101468
89946
87959
113078
104345
99122
113381
116178
92854
88075
111946
115281
110511
90689
94918
114694
112026
94176
104259
92415
97501
115722
117869
108298
119711
102809
90563
103289
104060
100614
111342
103459
92541
97674
116818
117163
97607
91522
91620
111365
111762
113176
97339
109109
114141
96800
110569
106074
95584
87104
92939
110316
107331
113748
109855
101442
92685
94224
101654
115031
96607
110311
106922
117453
88290
108844
115698
106290
89982
92792
90164
101507
109261
115531
116986
102126
109263
95734
114792
99548
103903
109240
109516
91183
88293
93991
107895
87240
88014
115921
90316
119885
102969
99108
103574
116521
98419
102539
90015
105172
113830
112346
88958
89428
117837
104172
119216
93700
105963
98186
116458
109460
102141
109455
118958
115537
101933
109386
92445
99750
110024
97572
111884
91107
113266
104835
94297
97086
109081
95726
95359
119064
96039
115569
101737
107649
113660
93251
102532
96509
107163
103590
92696
114312
97443
107279
103640
113369
104322
103303
110520
104420
106725
105041
108030
113570
110450
88525
105884
118036
115642
110492
106429
100998
87401
89349
110494
87313
114880
102039
115615
103779
108614
100112
119962
89539
106170
94590
96115
93519
109899
106148
111856
96392
100876
111007
103371
88849
103074
98250
100614
104116
89919
108510
115327
115622
98773
107614
98244
87564
116099
89394
93480
89277
98900
97425
111895
105802
88360
101157
113574
110908
93170
104298
112750
100508
91684
93272
107163
95673
92520
105281
107328
108069
111249
89340
98798
109825
101073
101955
114564
98938
88364
117594
119624
105620
92204
93937
114231
99623
111575
96332
92314
102694
119774
105633
97754
105767
87575
100290
113301
95008
105773
102395
90353
114031
104343
90430
116529
109342
90822
91005
111750
108900
110243
90200
98343
87663
95544
109560
108195
102752
88749
87355
117110
117656
117111
106769
117979
98098
106188
120102
100322
93904
97114
103873
113346
103067
101432
88812
114544
87685
90141
114901
108657
101842
105680
112500
115180
114646
108767
87406
108803
111104
105876
119353
93539
119575
103717
93057
94490
93124
108843
113099
96938
112721
111957
112729
109915
118704
111198
99405
89045
97215
113980
104209
92397
91850
106139
98293
109248
115281
91785
90394
99326
117516
94323
111504
108425
118317
90960
104123
113215
103397
98844
110331
116499
119593
90248
87947
112995
103094
118768
109482
119174
105299
104589
109305
116644
89942
119532
97573
102602
97129
95646
104645
96829
111758
92978
119174
102159
104289
115808
102789
97265
105629
88711
115196
91464
95970
95834
108321
91011
93622
118485
111435
104875
92617
95351
103767
105019
104061
97451
99914
101939
113829
98695
105015
119400
113293
117176
104548
98078
113980
109757
106152
101848
106229
100180
103447
102767
102148
119858
110306
111714
91831
113911
102776
94573
118698
112481
115441
113245
106311
99008
100013
98594
101262
104874
87864
87846
105746
93167
100465
104157
98884
95439
120044
117662
108532
98667
88724
117681
113429
113530
117397
112809
96193
117821
118905
88563
92541
109493
95376
99760
98493
94227
97686
101312
106923
110960
103824
87839
102436
120254
112119
113013
89347
88319
106264
103656
112803
91573
89787
88117
118431
119193
109059
98559
102108
119439
102037
104551
100298
98266
114428
89564
112102
95116
97869
103476
93316
106561
93958
107772
113611
110349
117052
101901
96257
96691
113654
118112
116233
95512
97748
114468
119081
106487
119028
107021
101905
117205
97813
112110
110361
116280
101117
108682
110027
90132
110617
115880
101793
106886
119140
104293
113679
115652
97929
98254
111044
88917
114252
89262
112942
103549
108838
117925
97852
103420
104239
111738
117607
118776
91458
98226
104435
95543
103771
118626
117618
109713
118339
101185
88715
119973
97904
100609
106745
99276
108070
114144
105686
91723
101603
110202
93978
117965
91642
102625
116063
98064
108670
120047
102631
108254
106081
100059
110303
91967
93917
114699
91621
95213
108563
105001
89289
113928
101363
88185
93840
99083
107611
113514
98239
91903
90755
111211
112854
117486
118168
90111
117274
104091
99495
107540
105623
111728
104381
106641
103526
88760
97357
93230
116780
95502
106705
92040
119267
115221
91060
92277
105693
96618
94576
110484
120069
101847
118260
89129
88937
90058
101704
119336
91125
95237
98163
116368
106625
98966
119709
91642
105743
94730
95857
117106
110925
103134
110533
109957
109410
110390
115581
106395
104422
115409
104876
103816
117554
94013
111101
107357
102363
98375
91730
115588
106105
103606
114858
91404
115373
114489
92232
111681
119138
111517
92690
119168
119890
119875
90167
92745
102092
111570
113940
92310
114613
89897
114009
109675
115918
99224
116071
99247
99124
116047
110077
119866
112941
88598
115732
109615
105761
113727
98311
109708
93671
100825
112631
98815
88131
91175
119150
90108
120236
90961
112194
111116
92242
94808
102589
96104
88159
108367
103162
97478
120445
93129
118162
92275
108441
100750
88441
117922
114151
94098
88354
111620
90919
115495
103658
89240
88102
102769
112307
103621
101767
111898
92367
93862
88515
115784
89121
114085
118895
105164
96638
102987
106174
119965
115289
108630
102726
117892
107680
97036
108295
95000
116193
95184
120233
102893
100785
91891
90885
118537
87886
119500
96231
99479
90755
103691
118802
114912
97228
100938
109445
98934
109499
117733
91389
99506
105882
98316
119227
110689
105810
94230
118407
99515
109708
88344
105973
101525
94997
109239
97255
111575
102023
108602
100947
102703
99622
106468
97095
96263
90120
109696
105514
91829
110713
111933
108100
107762
99485
106428
96385
108174
102231
92264
106097
99938
100202
103686
116884
109957
98782
112012
104917
96963
117670
91959
93780
97866
99967
101848
98152
105895
101659
112495
100581
111601
90751
89594
119706
98884
110762
97167
117022
99441
105079
107689
95437
97780
91332
105664
103949
119591
113364
104732
108502
98997
102898
108010
98673
119632
94295
90512
95359
100775
105294
98878
101438
113298
94358
88517
119304
101776
93960
117677
113436
99188
111225
92545
107425
103771
91874
108910
97000
114657
95935
92941
99570
118421
96436
114300
120114
97194
106614
106931
91795
112623
112361
108565
95421
110337
89478
114758
96916
89022
106752
101437
96770
114942
106279
98202
94455
105086
115724
112697
106414
104989
90726
115975
99377
99659
109364
118548
110367
116414
116900
88298
120237
116838
106548
100382
115947
108964
98327
109860
105033
107959
113626
97639
91481
114295
97351
111513
104150
98117
116362
100936
90342
93250
97938
115891
93340
94655
92346
113115
100545
92149
93865
103901
112084
98038
109430
116094
111439
108260
99088
114696
94764
116833
116958
107349
102568
90438
113058
120361
115527
88472
117923
107717
118552
107704
106507
101304
96570
99033
99470
107769
102303
95927
93260
92979
93968
115591
114937
116576
109169
100137
91451
105625
112455
115877
91475
116268
115575
94933
105216
113648
104528
90975
116896
118997
110284
103911
94105
114623
88339
117634
91639
96917
107841
93805
94039
94100
89449
107007
89347
112874
116954
102108
96606
92800
103073
114540
115331
94743
96591
106635
112681
114070
109564
96898
114890
105378
96395
95798
92676
100976
110384
98976
100415
92375
89904
110205
96656
114090
119016
117319
102365
100676
90385
91747
91714
120164
106818
98716
107956
96060
90550
97232
97508
112580
100432
106729
118630
120404
88284
90127
90131
104818
103064
99101
96940
90601
100083
96849
90304
95259
101780
102471
97743
93079
96670
105000
108207
101614
95283
96287
92207
92611
90167
96780
108795
101154
109398
97405
107199
103955
110664
119258
95887
106094
101971
117727
90247
105456
104978
96591
118446
112015
117622
93159
89888
120587
118026
105105
100717
115910
102523
111579
96060
106965
101463
95399
118836
105559
100117
120612
97564
111621
103254
110077
108096
118539
106858
98256
94487
102679
117270
112353
114980
108719
112276
96528
98330
100039
117212
113672
110915
111763
93986
92602
119842
113562
111008
108810
88664
119820
98709
106183
111812
118101
117390
113377
113646
91378
114404
91606
96166
98179
97414
107118
100840
96290
93944
96168
114947
96756
103068
112372
103674
104445
97585
94882
103467
104249
118681
112795
99118
106216
95455
91471
111616
115497
119416
107246
120929
105930
118217
92379
119674
92511
117482
102238
118467
119441
100522
117657
103972
95161
97747
108477
98139
110254
105391
117629
90269
121050
104906
108739
88704
93588
110330
90274
96536
113322
88989
95373
94304
113468
108834
104390
96220
103633
99019
111896
100733
92836
101296
97481
100293
97087
103944
102091
102187
113739
106404
103730
95937
92327
96188
90859
115732
111799
94702
92842
104020
105727
117380
107044
117941
99056
106486
107903
93204
101377
107951
110342
100318
96002
95252
112418
111150
89005
104899
118917
112437
100479
119320
103593
108511
94918
99574
111737
96179
93434
95172
98638
111100
104272
112565
98844
100902
114317
95565
92398
117610
105752
92449
97423
93102
111188
111070
117386
116134
107564
97164
111957
114240
89840
94228
111306
121151
91999
102656
118486
98597
103173
89731
116341
99927
105159
94137
118494
104828
113596
90159
89338
116006
88638
112294
98587
109236
88897
108820
109291
99959
108516
90604
92579
114451
102214
109215
97405
99368
96923
106339
116587
114738
108415
118835
98313
90542
89225
94999
108240
114559
117796
101285
106637
105615
104858
109512
99346
102073
111730
111040
94252
117991
97788
108394
97749
108663
93482
108226
107178
112100
107681
92070
104351
92322
110352
88797
104433
108105
120257
95831
101468
103670
116078
104118
95887
108782
95573
104974
110813
112005
99470
104425
120373
99647
98717
88719
91732
113972
118852
97668
96825
102329
106907
120145
105689
98876
111202
99463
105493
117360
115605
90626
91625
100011
98625
103531
116198
120204
117655
100096
104162
102624
103998
105368
113902
110534
119278
114145
97160
103442
103483
113645
97298
116464
94638
100333
104579
92362
114202
116540
114269
120939
108333
119455
97759
120164
89414
101323
104827
106926
114310
109607
108938
91794
112682
94420
108607
90310
119320
116715
96729
104409
104631
90885
115997
107728
121092
119553
110596
117778
90851
102657
119985
93825
116146
104630
98981
103914
113444
96222
106550
106655
111693
96010
114749
118882
113913
114597
114704
114821
108866
107314
98736
100176
115042
92117
104003
100003
90053
114197
93380
110556
111971
115680
121081
114427
108620
112847
100005
110853
98436
116652
109824
96678
120594
100658
104036
113689
97108
107539
118857
101197
115349
110144
104307
95552
95713
111460
119914
89519
119320
99505
113707
93170
118338
112096
92445
102434
105506
93043
98374
91004
104206
89662
112319
92170
103678
112677
117605
93056
118242
110119
116946
102756
118073
97180
107404
116849
106975
107194
100475
110398
114726
104030
94113
109595
117289
110858
116485
113723
111197
105769
117232
114201
93289
103067
120924
113428
106552
101741
90794
95324
103244
90600
114067
112402
113749
119246
94817
113579
111874
100064
89951
103574
97815
104099
113806
94238
117184
95076
120985
110993
114724
93818
107019
107938
94782
110539
118976
120332
93928
116370
115609
114808
110137
112479
91764
95393
116497
109407
111708
89526
107250
107741
109052
113408
107538
89353
113754
101316
94638
110328
108482
94827
89760
111597
109311
119520
106036
95447
99026
110650
113464
120090
113052
101787
99666
105106
106334
120407
92311
112341
97763
102745
90968
112057
89404
91075
101951
95511
93293
108245
92827
100814
90726
103696
92921
95754
92981
119451
92660
103622
95609
120037
99150
89743
95258
93580
99135
93067
92215
97406
90124
120507
116576
101726
94684
91773
102918
91177
89288
106069
110127
113945
90417
105964
121454
115657
99926
94553
118035
99739
119589
112288
119711
90967
100690
113784
99963
116244
104103
97874
91369
105308
110747
106902
93498
89227
118309
120880
99650
107896
95186
117835
116489
106071
99862
96604
99779
113886
103903
104035
106242
106663
88944
95598
93227
102102
119661
97374
92198
119035
111154
105197
89434
97082
106857
90608
110553
89513
97244
106458
104407
107769
97159
108162
90209
93785
101874
106022
97868
119447
115390
100783
103275
109704
100477
90166
111109
106155
109511
90056
95365
105481
117898
97638
114036
96351
114081
104016
111525
115583
98984
116356
118447
95220
90127
100481
100256
107749
110958
98896
98800
92988
96792
107461
114868
99846
91123
96771
113684
93725
106631
89150
92927
100613
90196
120261
103710
99093
119913
94527
98566
103639
93746
117044
119473
112561
119186
98768
110127
101828
109873
102372
94873
98580
93464
94510
106823
89577
97147
113114
116034
93302
99285
105288
93948
118201
93243
116752
104511
106402
96489
121156
99428
109687
118306
104693
94405
108919
115767
120312
108917
116926
115173
107753
120366
107112
102627
111217
103306
112889
90300
101061
109686
105725
93147
96879
100324
95211
94948
93265
106177
91727
98891
92391
101927
112936
112159
105164
104915
104079
94246
97408
111321
117146
111663
103272
120470
94592
106148
89110
121319
94206
108895
117707
95384
104185
111294
101178
106784
121188
97018
118415
107659
99172
101300
93872
119479
114098
114129
108483
90819
90178
119176
106736
92101
120866
117945
106856
115131
107684
103297
104102
105157
110527
93963
118773
115857
99763
95913
103218
100886
110572
102179
93907
117125
112425
95311
93480
92796
102621
98529
101601
99453
97237
108677
107217
117152
102428
120875
100593
100740
99868
110754
114344
90251
96517
118633
89673
91975
108659
104898
101342
95791
97611
114183
114980
119191
120293
89921
105174
119263
89457
106231
101166
89066
94867
96580
103850
114129
90449
108332
96268
115673
95279
97072
91300
104867
106648
93216
111057
117667
119424
115249
107206
97491
105288
105040
109962
107689
116706
111541
90690
92486
107061
113594
120755
92656
90563
101358
114947
101826
102281
101989
102591
109218
90406
113747
118051
104564
118592
92889
96661
99469
92964
121375
113010
104811
112556
113315
102413
118435
100710
105681
90613
95514
111090
98003
105335
119672
96940
93354
106596
91866
111244
91774
92437
105416
119626
98610
94379
103270
98757
95548
120987
116974
93605
102324
91499
109405
119871
113066
112822
98157
109242
100797
93302
105924
111472
103401
95107
90475
98967
93089
90966
121473
112161
101406
101139
104753
91360
105206
97223
107745
100590
112880
91629
95148
92492
120087
94264
95763
116425
112141
93068
101103
118822
109986
100429
94122
106871
109221
94429
98479
119500
105723
93536
89631
121361
90093
95427
116934
115763
106182
118524
117581
100741
92062
109715
99249
98657
90225
120673
106740
112914
119412
90264
92434
111089
98216
94211
121654
117455
95919
104591
115246
120979
121055
120331
117532
111140
116373
104492
95343
111498
91595
98004
92434
97360
112365
109459
105443
93484
109545
117871
112487
108770
112006
115680
112060
105573
113398
102943
111823
119359
110510
91040
121551
103732
113525
92381
89825
108066
108731
121686
100885
100652
101677
119766
115864
110103
90246
120311
99116
96244
95656
111848
108758
92160
100843
111982
110806
94152
89781
102697
111836
110225
102731
114457
107385
105974
107750
107873
113364
94675
94986
104522
105374
110434
95763
117386
100424
114596
107025
103111
107635
98563
114645
109143
116904
105525
97868
117066
114249
106595
110092
115626
96199
109195
121645
101377
104726
105507
112986
114460
91230
107775
103975
105743
89844
107636
116133
103289
115336
107966
113973
113929
102048
97183
118937
96833
118341
114505
116049
100218
91643
112254
110628
111657
97783
91382
119037
106336
121997
118017
90360
105880
115944
107373
100029
109485
110077
96938
91405
103210
91585
108844
96154
107463
95386
93969
111132
108080
120084
106244
103841
93192
119766
118369
110628
106798
109524
118937
113250
115263
111302
98777
116713
121948
109016
107750
114034
96813
100003
120908
98672
90661
116828
91831
105193
100872
109899
95905
111237
91051
121983
122157
109029
91900
120769
104531
113973
97601
117190
111678
90885
111013
99497
106482
89684
117488
115864
111922
112366
111254
101069
96161
101369
118003
107711
118567
95434
108245
111514
115094
91133
105531
116717
94094
114884
121948
91555
120990
109183
93931
99381
109227
105101
106138
89886
106646
120930
93405
109198
111641
95194
94960
98402
108274
113101
119835
104788
108356
120548
107829
108143
103226
105643
93543
89799
106477
105703
107570
103782
92040
102185
118963
93065
107178
111779
110118
94989
102667
110139
96682
120100
120163
96478
118083
119116
116871
99351
109605
108674
100309
104160
107568
116914
115411
95928
108727
117875
101395
99573
100997
107249
110938
116316
110882
95274
89856
100591
96594
103774
103066
105478
122079
106944
106711
118433
116632
101234
119464
108541
114074
112816
122276
101989
112334
98636
113578
118859
119731
106586
107976
115607
118622
93740
112219
94015
119487
95873
95864
95000
101669
114425
121483
106988
112132
119244
94782
98764
121847
90300
118685
108199
107777
103496
92535
105244
91160
121635
97543
117645
108516
118244
111315
108405
108228
97023
101077
93435
109586
110324
119769
119495
92840
101574
111142
99348
120994
101039
96608
107270
96358
108306
122285
116030
111330
92593
114711
106157
108309
99616
105010
118437
103121
109690
118014
99126
112831
94546
120590
91831
92067
114156
112106
101283
100065
114605
95923
117415
117825
120273
113157
116472
98031
120924
110369
101610
93126
117587
117324
97983
93901
119339
113266
99260
112130
96130
90639
109955
106839
105741
120656
116636
91131
108498
110453
99669
117466
113815
104825
115148
117863
106650
101365
99914
116121
103042
100930
117458
100403
110486
115933
107770
106057
112941
104720
121082
91904
118373
111567
98563
94357
93720
121825
114386
111521
120076
108352
109444
103323
101482
106433
96684
116894
113778
105207
97699
104044
104300
117077
102431
95412
94434
114836
98055
101520
120076
99668
98438
110418
111756
120838
121951
109184
96348
117001
114560
105757
102916
120851
93657
111146
121872
107219
116334
91245
89793
91861
118187
110449
118019
121509
111096
119246
118175
107063
97934
99498
91314
90758
94345
117888
102750
112764
107070
116513
95167
104210
98510
105208
102176
118968
114684
93073
97391
118775
114747
96093
106735
115541
105227
115375
113965
114809
117126
95243
92213
107151
104758
116128
117509
108526
90922
110611
110658
103160
112969
111230
113706
119362
97766
121785
90314
95222
104852
96472
90737
92277
115515
101620
98404
120896
101995
95791
103891
102680
111601
91122
116492
118372
116904
98937
102127
90324
120466
98194
114850
96580
101415
117921
119174
105187
95725
115176
98153
96404
95817
100101
108285
115092
94101
91324
122504
106845
119922
91127
108766
95947
103008
122379
119949
99966
101004
90685
121687
109695
101608
103557
120293
119078
100737
92562
120761
107835
93198
91149
116581
92507
120260
112418
100090
115869
108914
94781
98500
93814
105929
104977
93236
110554
117243
119519
89886
98212
90249
98293
98085
114232
101461
97397
92019
119911
107519
119127
104109
113043
108398
101553
96549
107795
113581
106038
90962
93912
104697
122109
102526
90961
106264
105093
96703
102029
99308
91893
104744
115360
118855
92840
93504
122183
106241
96488
118963
102607
119368
114682
96840
111666
111416
113244
112915
122500
110507
116042
114924
119181
109139
98438
105248
96184
102662
121689
102246
96556
109912
94933
104724
109624
90991
107870
113810
91380
119571
98153
119055
92197
102149
91522
103028
99682
122514
106388
102294
105589
114023
108901
116912
102916
101799
93280
102928
96113
110651
116375
102160
92670
96106
99080
121160
93493
108457
108319
108546
115847
96948
113021
101358
102451
121053
91640
103192
110953
113828
107235
92438
113071
95369
113551
116614
92549
112414
91153
117432
98884
114016
113222
97959
94028
120647
120853
112686
100958
110236
121588
102008
98119
109579
99502
100537
103103
111225
121187
119835
118928
107672
122576
103932
91387
92344
90320
110166
107863
122592
122659
97918
101371
97565
100463
100370
109406
99866
91780
96300
121981
101873
106468
94940
109693
115009
94851
111318
118162
107137
117707
119143
102175
110995
106979
117422
106783
111004
94769
102920
108227
98580
100638
117452
121948
112665
96025
96569
119932
98569
120542
114604
102488
122703
116984
97302
96113
120957
116868
121262
94836
111516
113977
109283
109918
115391
93861
106389
115939
92895
113849
109444
90897
122338
115080
110857
102193
113405
114764
115716
111854
100668
99754
104725
108217
114783
105783
95503
106347
119784
98362
110761
100140
95346
106932
107639
98196
97092
97181
102681
97041
111654
98673
120755
91017
96628
105451
104093
103488
120432
102928
97883
109307
107484
99184
94927
95334
119497
120745
117933
96179
121258
116524
118576
91524
96172
90436
108043
93707
115274
111444
98211
115311
110875
95584
104315
116082
105455
122830
115951
110418
122651
101998
90662
108780
104977
103609
106306
107047
113716
108374
103897
92048
119786
98019
110761
113474
119794
120817
113543
95497
115448
111696
110489
93639
100710
115086
102341
113174
119166
100538
92521
96302
109990
117613
118093
111882
96514
111116
120022
109766
108104
110407
100220
92748
94416
113893
111741
100911
107499
120260
103635
107735
93302
119067
117092
107487
92335
99075
100730
100027
92743
116278
103794
121502
106168
119574
115128
92570
102872
100337
110067
91402
114350
99971
97404
102189
107141
117436
106005
108563
99904
106180
99800
106941
94701
102461
121197
122752
97949
117448
94592
99498
96882
97226
114290
104040
103161
107376
91471
95463
96698
95984
108801
94138
112398
112658
95171
96636
106289
108016
103640
114358
105880
92921
99964
107522
117381
109628
118811
94065
98008
105956
121025
106795
121384
114942
114130
114517
93970
110211
98811
104760
100817
103314
108648
116127
115983
115453
102455
123008
90363
98311
107565
117727
102556
91756
111272
96240
110949
103330
98773
95868
106761
95583
95267
122245
107921
90459
119032
113965
105387
121431
99746
109780
122693
108126
94864
111489
107098
105035
104642
102275
108044
114315
113534
106840
100852
110884
117317
97741
107958
92406
108293
93031
106712
114241
105616
118530
113876
121960
104781
117688
99691
98549
98861
104964
121661
109532
111073
121383
101527
107780
96331
91595
94348
97027
110130
91367
112711
122666
110905
109026
92831
99009
121874
104699
114156
121235
118511
106216
115737
91566
105529
96957
105723
94308
109957
122640
107233
119957
95428
110171
116077
114225
114105
120481
100002
99064
111537
102485
118333
96388
94062
99447
100169
93066
106852
105984
113646
105565
109608
100992
107402
91315
115493
110086
120579
92844
90513
101952
106331
99600
109983
96483
103044
111832
105462
92493
94838
120817
92003
94570
98944
96572
110794
109012
116443
90585
121699
93502
90757
118693
96546
90898
100172
95489
121719
105817
109609
107990
105528
118236
97744
120278
111324
120456
114053
117764
92649
112919
98865
110454
116911
109037
102325
119129
116023
117312
112766
120887
119415
118140
97626
110709
106183
101862
122762
91680
104089
119935
104728
117737
98148
120875
110443
103277
114401
112658
103448
113338
107130
95559
116731
94991
113408
110504
111751
91364
106652
109061
110426
95530
111368
121220
121876
94164
109054
99395
122986
113558
100849
111424
106102
97005
119036
97142
92497
114271
94232
90697
92132
109572
91281
123172
104955
114757
99771
117857
111515
101348
121569
106857
115350
103229
101758
98332
119388
111307
117679
119667
98836
109805
110313
93539
114924
115946
96999
104965
107693
101171
116967
93685
102034
114409
94998
119800
103002
92319
119881
105953
119708
103009
110573
105653
118107
114933
120385
99341
112602
103008
121027
105660
98481
107949
90855
101042
100641
110569
101135
109088
106149
90738
110520
116701
90569
99954
111857
112905
102207
94630
112146
103920
122672
112740
98218
105520
93904
114908
91577
97311
92213
105374
117280
103783
121961
116060
91989
91891
99262
112113
111451
112143
120929
123043
93938
110794
114482
100773
111883
102303
111315
103648
106110
96853
107775
111092
118271
111652
100894
100729
96335
119577
115478
118666
113839
100028
121187
122756
123290
111087
115050
115979
117171
121881
104202
120398
111869
114052
100469
115596
107082
92932
90942
114648
91382
91354
96179
108313
115412
101591
116332
116052
110185
116677
109604
107310
94552
118274
98248
97196
121630
94062
120526
114494
116735
118407
91080
116732
103488
120531
107321
107311
118679
94847
117415
103443
115936
115525
110065
111579
109073
90771
102115
119542
101488
93417
101128
98193
118020
121986
105407
120157
115017
96056
122001
96914
117800
119714
101314
93748
99109
113023
96550
101269
111579
123223
120630
91931
122277
120671
107107
92227
95135
99742
103083
115942
96973
108878
117609
115131
120985
112517
114033
121886
91523
95508
94044
114959
104468
116143
106529
111998
121875
95823
96230
119750
92668
100053
113429
115319
111278
112368
111537
116824
111460
121408
115947
123308
116198
112572
122096
113333
114945
96337
112902
111479
97588
92363
110551
118974
102828
103161
95756
114274
122227
94732
102686
116426
110820
116289
93289
91055
109410
117696
115843
117794
106825
121027
122059
107473
106021
108282
111429
110470
120610
117807
108197
111344
106948
108070
115369
121766
115416
114119
108204
122217
108971
91518
113273
107433
93049
104163
107869
113739
103208
119702
113536
122794
104758
101741
120180
113116
104433
121298
116239
121142
102374
95334
123510
91666
118939
120043
118907
100303
121217
121952
102185
105242
116516
122221
93596
105836
106661
99330
91159
94676
104810
122940
99152
90871
105236
104584
93710
99925
109489
100106
102646
91342
99379
116288
101538
101476
92962
94434
99828
94018
108429
104717
118954
111614
106566
113313
108594
121627
97103
109800
92863
122322
119183
120696
101020
109073
117449
110170
108993
106437
112079
113003
103332
95061
94451
109315
100689
104814
112319
117205
103357
106502
107238
111126
118871
104603
99193
111074
93153
96188
117342
115931
114558
101835
111359
94995
115724
97537
94271
104236
118707
118962
95922
118717
119230
104915
112397
106488
98474
111801
122075
99210
110205
105507
91506
96707
112474
93563
107302
117751
114257
98905
98492
103204
109691
115529
104738
114900
108103
104398
96093
110405
92943
104359
103106
97480
119535
123216
121705
112231
122582
113100
92895
103882
102109
121250
109851
120412
94936
101158
103859
91561
108843
97785
111952
94986
114656
95187
115552
107141
109558
109184
94218
91887
117499
108329
103015
116563
107229
116437
100079
103320
119805
112687
119345
117853
94597
115338
121800
115240
111612
97826
120202
110528
113175
123301
107266
119767
117714
116978
120097
118252
119744
121120
101936
115312
98975
91586
123401
100904
119088
113513
99975
94418
119878
95083
92219
116491
104220
111843
96096
117616
94187
100089
114961
110340
99004
104548
108730
112850
91771
106541
120269
117971
106574
113589
108982
121361
92453
93689
119312
95245
94609
107541
117529
105310
104409
123655
91747
96668
115787
98998
109005
103548
122832
105011
105138
113724
104643
98622
117088
112962
92675
101132
110796
97536
104519
122439
114308
121370
104882
101975
104164
100299
105384
121312
92557
95365
105183
111243
92691
109527
115129
94730
114934
119700
98513
122966
100564
99378
103891
94011
109532
98416
95378
118551
112006
102459
116308
114911
93313
99027
95088
117090
116973
105514
92956
109010
105163
94605
105856
115072
95410
96645
121871
113895
110275
119552
103446
112108
103903
100268
104341
108900
105239
118180
92239
91607
104291
101454
112925
120707
96151
108675
104839
120228
91284
121841
98197
120051
113595
105406
107491
107373
93096
119406
91124
102741
100636
94471
106184
109436
110650
105331
114609
92864
99831
95269
93026
97491
93644
117504
99145
100926
116653
111476
95007
105893
117311
116202
97469
102476
118086
102498
95793
106458
104540
96858
110097
102749
100841
106482
92687
99727
109135
92239
111566
123480
98149
121661
92148
95635
111655
96792
113537
111893
92332
106476
109407
114667
114264
109787
100921
99556
95314
98495
106641
111184
108600
100625
103181
119558
102162
91658
99090
113836
113285
92935
105876
111410
114250
97842
101421
91552
117214
105311
97388
108562
100986
97844
110959
102144
92485
112525
119732
118723
96713
111134
95020
100949
109731
92763
94097
122969
105087
122260
113402
97627
97092
95333
109229
95320
105868
93261
117300
104065
94807
99485
91315
108348
98560
94868
112760
102764
120688
123080
100564
98802
117393
97735
98857
101236
105221
122367
107589
112476
119321
111835
108270
108580
92916
108847
101566
110802
105493
116950
120882
99774
120060
122778
104189
92827
115750
111955
112546
98741
96575
96083
122177
106616
96148
119042
107953
118066
117959
96198
103888
117274
98246
110118
106519
119184
93181
98862
96626
92070
122059
117525
110670
91360
97587
109085
113139
106040
94165
103099
92692
118373
107292
105976
100516
107613
112056
109847
96748
105241
98127
106360
109787
97944
102767
106428
115613
115238
115912
117802
109167
101342
108184
114257
102577
104814
121446
112111
96316
123418
115699
92946
118519
104964
101742
117629
116389
96938
122343
108365
122625
95408
119814
102621
120333
110304
104701
95206
94887
95855
106427
108523
122205
99457
124002
98772
97154
113904
114684
108761
98433
117321
107626
111265
108914
113432
119964
117419
120555
99430
93448
92398
96537
101759
118868
121788
98831
108793
117846
108780
119389
106225
101183
100920
119781
109720
107795
100580
112362
105711
91485
97441
99690
122574
104736
94640
98478
113707
96528
113226
97567
104089
99330
110400
110683
118031
122274
123871
107912
110315
99684
119062
117737
106550
96701
113627
119726
119594
105362
121546
118033
113393
91633
98063
114078
105392
118271
115847
106450
121796
122673
101666
98536
96844
92095
117644
110832
118503
117078
123148
112929
95935
115214
103084
101488
103110
115099
121242
108130
113471
106183
103118
101406
117889
114976
119277
123846
94455
103149
121709
103943
101484
118631
100859
110063
93317
98598
107289
92927
123535
115930
122636
113026
109179
107579
108533
99613
115495
105795
119870
104870
105440
108954
122935
99897
113444
121426
92929
112265
115372
121812
96940
112245
95402
95770
117660
119772
106063
122143
110385
103089
101264
91540
114087
108370
92202
94677
122682
92949
111075
109339
94350
98084
106515
121587
99919
102796
107620
96495
103444
96400
92374
114843
96906
104515
93958
123826
114894
116310
111791
109714
97562
106542
98673
107758
110756
100153
115153
103619
105155
112515
103298
93581
116564
109700
91875
95674
121948
116797
121288
116831
92911
94339
110461
97578
116560
104090
100872
101528
109657
122117
116911
115815
110109
118685
110522
122959
114637
123361
114042
105197
119000
108429
118922
117504
116054
97134
99157
123095
118183
100468
123096
120842
123223
92425
120490
94569
123205
118945
100409
117042
107781
95122
91990
105863
96130
106791
112116
121118
116456
115695
120108
112187
101313
113755
99717
101851
109406
117128
97395
108338
121208
95322
95005
105304
113943
110794
103011
106816
122035
108929
122912
120297
103833
92581
102828
120024
107153
121075
92070
111813
95678
114190
95984
113813
92613
113430
99066
124040
101938
96381
118084
96180
103191
94742
97822
92594
104437
105071
101043
111767
123360
116833
113733
119589
113887
107237
113850
109379
101522
98089
117848
97451
118807
124132
99533
108515
105773
109798
118130
123246
120474
93683
124112
107843
106955
109521
107364
97918
122811
97440
121759
96086
109846
104554
97073
116047
109981
100091
119175
99760
108236
122867
106386
106040
110010
119065
120011
103949
93250
122610
105844
97013
115040
103315
108064
108232
114909
102323
112757
96550
120367
111108
103729
121189
102043
116932
110443
103629
118428
98702
109852
93448
95880
101239
119005
92884
113265
106326
110834
116987
110921
123491
122760
101253
122698
120580
92219
104236
114581
118755
116443
122128
102682
104772
113520
93868
92855
117910
106363
101897
121508
98887
106623
101937
103694
120285
99264
104423
95746
94275
120651
108181
121485
101472
111670
119174
103714
109038
95785
111957
98619
123530
101406
102822
96835
103687
116324
93971
113076
121608
116202
123242
123005
97486
94394
113173
110502
120654
102340
114393
111670
92295
96733
112836
92757
95762
94215
94048
105390
98811
102131
123949
97559
98767
96708
123470
118644
101366
107030
112259
100312
94019
119103
107351
115438
92362
120532
124315
100248
93170
98416
122130
105685
110795
114352
109934
95976
97441
105346
93051
98231
121041
124320
109211
114289
109531
111959
97906
107123
92345
110221
115938
95597
116847
107522
117818
112832
115172
98262
108970
94763
111600
103756
119803
109479
95670
114637
120444
109199
114996
95024
110656
107012
109592
106808
111494
124048
107221
104542
96633
121097
104951
114641
114202
112313
92595
119996
112762
117947
100291
101575
115500
121000
103281
115168
92410
110708
92145
101179
109015
115602
108787
92055
101397
112479
97657
122052
118232
107197
93414
110690
117451
109822
103000
105963
92689
103429
105016
110068
108671
122279
114192
103087
103176
112727
111260
110005
116088
118531
113699
107266
115046
103481
122119
105793
110947
116878
119452
108363
93304
114752
119862
114410
118224
109594
116870
99554
111793
92568
124198
110130
114865
106060
93298
105111
106022
107136
97690
111698
95966
98077
109301
97579
121616
99020
117400
93366
112275
111194
111912
99285
108110
104545
124652
113022
115184
112677
112422
107710
110049
108476
104868
100350
100728
103794
106130
106886
101742
113771
107666
124223
93842
101514
94479
99261
121023
100754
107213
123516
103947
107915
111301
92522
112194
105064
96049
117158
117395
100070
122083
106888
100744
119479
117466
106977
94012
105952
123927
104580
110024
114528
105389
99333
98814
104210
118552
103616
114778
112340
121551
114461
110133
108265
122141
115475
97084
117148
105260
117995
93985
107046
113763
103239
106384
99026
118769
104034
115301
124511
118954
124057
94236
96422
105235
100395
92808
103037
100792
98877
113608
109786
109510
96033
115064
102204
117205
94167
96292
113990
109830
120020
105218
92077
121934
99843
93152
123989
115729
111626
112475
94647
97267
122574
92498
117126
106219
105785
116122
116370
92569
102971
104691
106988
103129
111374
95803
101195
103064
115391
119778
106670
117478
108266
105886
100675
116557
96709
101984
112520
99937
97631
124550
104112
98713
119850
119378
108360
124765
107192
103579
118554
113504
97986
117186
122962
119088
118638
120552
105439
120076
99025
121182
111388
120565
113843
109149
101552
101383
123539
117496
118963
113162
108779
117838
98322
98629
99766
100356
105268
96402
109614
113907
105437
118712
95706
123933
116307
93172
122056
119270
103872
111321
92952
96129
116696
96091
115642
121000
117691
113958
108663
100752
104477
116276
106806
117020
109732
106142
108664
101201
115345
105138
98598
100362
94371
97095
104844
106988
116280
109645
106405
113053
106934
119208
109209
114993
116265
103999
105860
107493
95278
94543
108409
120336
100879
120326
99527
106838
93999
98637
124282
98591
118441
121317
105765
107335
124212
104117
98271
123160
124490
106338
102540
115829
113801
121633
123998
93527
108889
123337
122779
93054
100303
115501
110496
122976
112337
121000
108070
97638
93819
120057
121284
111191
99522
99921
110517
106516
124247
97963
111324
107399
114894
104028
121861
101590
112384
97515
110446
120540
98478
117794
119686
94937
121959
119141
99572
97384
115371
98627
101339
92594
107856
117067
104028
101346
114213
111649
105565
95193
110806
103377
110729
102178
99343
108130
123544
102696
112100
92335
104145
97446
94065
101234
95949
123232
105405
114338
122749
107025
124389
116479
94319
120484
123510
102891
106572
106150
124954
113531
96934
96252
121719
113358
92912
93649
94804
108701
112846
111571
111101
119828
104848
98719
109801
104928
97016
115321
115611
110986
92996
93505
93382
124163
115304
104610
116916
124544
94364
106381
99304
112775
103958
92646
118019
121930
116761
109949
123364
113205
108334
113471
96275
96451
109234
109742
99424
112021
116112
99726
107975
120005
116816
105953
112535
121464
107601
124950
118484
98994
95314
124798
108249
101231
93751
92927
115009
124143
107018
122892
113928
113745
109121
119252
108782
103523
110911
125114
120092
123065
94237
97798
124938
120572
101033
104410
113312
92805
93359
123239
114588
108074
101496
95072
96819
120920
112273
98479
116731
116067
116429
113512
98824
119833
94861
99835
112981
125085
100415
115885
103014
123251
116773
123721
99372
92887
113240
123666
97833
105555
108044
99581
113109
103568
101909
123933
113471
100205
120491
103519
115959
94798
96362
104823
115500
92854
124060
117274
94738
113433
97979
95086
115590
115179
118578
118975
116725
116477
119652
109427
106106
113417
102127
112448
110662
103820
115250
97948
113477
115923
92685
95093
94207
123993
93415
96291
108220
109904
104694
95387
94187
120190
120762
117733
99268
118858
113355
116176
120109
108055
116181
114916
117722
120272
104929
114840
92601
95428
124374
109509
122765
98485
114751
118619
120024
104491
118350
96595
124671
101646
121889
114660
107433
99700
117317
116986
98920
106168
95353
108004
106907
116428
95668
104268
117395
114640
93545
118125
98548
98787
109065
96384
106846
94009
122058
114039
119629
101997
113319
123630
119358
114457
110247
117343
119316
105637
98659
100757
99001
99164
104898
112739
96008
93125
113416
116373
94955
102448
123919
93735
124096
102543
111571
103861
101890
100487
96053
112435
106277
117703
115704
106206
117441
113817
115984
104050
103411
94390
105500
118942
121857
104543
97329
108725
95036
121769
123353
101030
110891
107033
101467
104238
120805
96368
105533
120908
116415
100552
97032
104950
114727
121056
94283
113418
116432
115381
100322
100999
120336
121682
109944
99581
96646
113640
106827
99906
100351
123169
109103
115559
99738
103602
108758
106730
94507
103728
94286
112941
98526
94244
100299
108327
102941
115297
113063
125274
118963
119445
103335
94469
121137
113183
113792
111002
121488
102432
115354
115826
97049
117461
116755
95424
99458
117540
110599
116676
105306
116340
110863
120129
99751
99010
94471
99376
115917
104689
101909
98230
100017
110946
112870
96340
111135
93893
115771
99678
103017
97071
118181
113326
124497
93036
123788
116377
120361
93334
117878
109602
103737
94182
119686
93550
111201
116939
114243
113272
121856
94521
118684
96262
105236
124996
97320
111324
117154
122605
111538
119599
116824
108348
123892
107612
112497
104847
104611
99546
112345
123953
122028
119405
94609
96558
114878
124573
96342
101990
109320
112487
110461
123873
119876
94258
119842
115810
103924
104197
121985
95295
93675
102902
112548
98927
121616
106726
110655
110565
96095
106347
95960
123164
95024
107278
104234
118260
120252
117175
122060
123836
108253
117861
92942
101776
124437
109090
101412
120549
94930
98103
97158
105570
117232
122012
110486
114418
113792
111538
124547
101655
99272
109108
96878
120449
120458
92779
114892
122335
123786
115618
96524
105717
120138
110298
102009
102126
115480
101311
110945
95476
111434
109018
101239
116991
103113
94727
103286
119530
116172
115754
115719
103372
112102
122142
113125
97157
98627
121070
97599
105623
110383
107848
96862
119352
101847
96302
93575
101541
105812
106223
116259
112568
109541
112982
115997
94141
100220
111905
121484
96386
125053
105908
99986
109229
96706
103439
115075
117586
106978
99070
110410
98757
94643
123791
107017
122797
121869
107977
110592
110426
105169
102811
123056
97369
124202
111635
111936
100933
121619
109777
102431
110047
117274
94138
114667
113761
110435
118513
110994
99600
105199
123139
101815
100625
120862
104289
116055
124285
98163
104724
119212
107448
120216
112044
109393
123902
105378
99449
113832
103998
111765
99326
119673
111916
115755
118179
120283
112530
109265
111018
114264
109542
99059
118628
107340
111138
99193
97701
118158
116688
93074
104309
107090
105060
121776
98568
123982
119759
114644
96497
102428
103761
110347
100754
120800
103567
123960
110295
98858
102117
111637
99364
110622
100093
107637
102027
118482
98465
100556
96067
112631
110285
116720
117333
116156
116745
110369
101785
122351
95477
95816
115681
112741
101670
121212
110708
124061
103984
93130
93886
119456
112900
100150
111173
123691
106877
97789
115423
115472
97333
94493
100643
103898
99997
94231
114461
111536
124237
116212
104774
97916
111768
104326
97202
102988
100196
112368
102284
120056
116792
118889
117952
108805
110743
119868
117751
116681
117389
115219
95432
100048
110727
113014
121900
101503
98152
95119
124723
112631
110296
100912
99830
114748
115679
110615
105165
118423
102836
114288
123330
104504
97487
113563
93253
113440
95301
114480
99617
123454
103765
120640
102574
95448
109886
119518
113992
120109
101716
103902
104449
94809
124243
121309
121235
110968
104435
98434
98201
94734
114109
121602
99838
111015
117276
101098
119989
103098
100023
122905
112042
117459
121086
120843
124665
113649
99843
107102
105823
113965
125068
118414
101101
120477
118118
100100
114180
95352
125436
97615
93309
120187
106792
93105
98088
112779
100936
118749
94584
101787
93845
115455
121212
110032
110768
103165
109585
122595
119422
98556
102743
107976
101686
117031
122209
109709
110520
120747
98609
114564
112417
118534
100323
107940
120220
115586
95272
120877
121723
118780
102902
122251
112262
124906
102526
117629
97170
101021
96351
111734
110166
113603
119321
99396
113531
124207
102596
102383
121074
99805
103682
122084
114826
119344
121906
123730
96450
108927
110566
118741
106459
99536
125335
100434
93490
115427
106136
96290
122061
95603
116809
124786
112948
103352
113805
123369
96130
112176
100990
94348
104891
114591
102239
109279
101216
104277
120785
123725
109633
121007
106826
94922
97683
105440
102340
124855
107842
113649
125874
105478
113545
114183
97336
95902
104127
114149
119195
121857
100724
99249
103415
102956
116412
108283
109104
105407
123083
123643
118058
118365
103874
98330
121661
108630
122569
95925
98275
108931
95582
110365
99252
111474
115436
99042
120981
111811
93856
123729
112172
107474
97656
117051
121495
101527
112797
119288
115549
112074
118258
109996
94884
106826
122605
115401
103589
125887
94630
109269
104798
118654
96301
93294
104070
118446
123425
104075
99782
116905
93310
106756
111398
97957
107447
112213
94150
117652
117765
117407
122062
103241
107518
107503
123559
109787
111977
112579
108652
117838
108625
98762
106395
110448
117848
112620
96273
102914
117838
98186
102453
109848
114690
100359
111987
116163
102488
110215
116972
102124
123292
102134
105579
123523
96278
108109
105371
103898
117471
125456
103800
93515
112883
96539
113156
95009
103558
117151
106555
112054
96412
96360
125000
110808
105684
105825
118265
124529
105348
117081
114545
125543
122379
102663
117789
124354
107363
117068
98281
120077
120054
121017
97971
99838
105907
115281
95231
104537
96096
118160
109293
99857
107058
94124
123497
95920
113307
121370
111010
123386
123235
119380
102589
116173
109050
112346
121290
95052
115469
120182
120311
112445
101719
95941
109315
123310
103610
115443
113910
94431
106382
123846
120848
123740
116793
100318
112383
95594
120063
109371
112981
118180
115228
116991
122424
122086
111120
121461
120667
95594
112699
116563
116782
122161
111017
109372
99666
122789
106543
103561
125008
107132
113591
106569
101258
115167
110040
104326
98930
96204
109482
94667
123385
119481
123352
123106
109899
114554
124662
117218
96953
125540
108565
118634
124150
113587
99221
119079
105607
95017
99899
99484
109941
108280
97923
101154
118085
109026
121400
108845
116009
105631
98881
99026
117880
110207
108734
98694
124764
119120
114004
116521
105931
124034
97220
119363
106168
105353
116931
112525
107402
107395
119046
103603
108493
117787
106140
106584
117031
112557
104576
97114
123790
120491
106607
108376
114105
111167
115447
116338
121300
117297
110033
100432
114296
100876
122992
125030
117722
104828
117466
106870
94531
101371
118455
96854
120512
111532
120487
118771
118554
105351
96217
98454
108040
126135
119258
105574
106148
115520
106666
98095
112156
112101
111893
112481
97962
103753
116544
122460
108230
108116
120707
116202
98458
121816
102774
106253
105910
119669
124239
97788
119557
104890
117611
122728
112895
96652
124458
103171
97313
121548
95744
110403
102810
95284
119753
94819
107592
119938
124253
111788
118242
100057
114789
118770
94327
120420
94061
106593
115735
95548
101690
98938
126160
101004
109149
94808
109788
125939
110856
110648
100120
99881
113441
101944
124344
112870
102037
117599
104761
109055
111599
106462
115608
119762
121641
122517
99266
119525
99009
118745
95563
112330
103696
108917
120930
121414
94168
116718
95749
100018
100892
101644
103537
124576
109620
100245
102365
101314
93728
116828
125799
101384
94237
100474
93775
96777
98678
99548
106851
113828
108957
111358
114874
100839
116602
111349
95653
100655
113411
107187
126179
123025
118029
112263
105748
110969
117089
113379
119152
116881
98067
123746
117945
99557
105231
101129
104558
113220
102645
117198
119874
103145
99879
99158
104909
111707
95008
119555
116864
109457
93959
96558
118238
123994
121219
110001
114153
110588
120530
97193
118747
106267
119317
100986
103191
111325
96750
96275
94303
108876
125773
108659
117575
125180
97927
110187
120810
118765
125609
111014
96475
125362
111371
95720
112991
118995
103208
124819
112601
114545
122028
119151
103557
103208
97231
106410
112745
116794
103906
119838
100489
110569
95783
102355
121179
124452
113894
120261
112250
117350
99517
125671
119454
98268
94776
96103
111564
112838
123298
118068
94154
119071
108314
96190
101590
97408
103657
96509
121495
101186
113682
120756
120660
101091
105259
123639
95588
116138
110444
118507
120038
124302
105478
102093
116146
114261
121781
102453
107919
99065
110745
113564
93862
125519
116290
122396
100918
100074
113162
123000
113546
120382
97703
94044
112424
117505
116736
96486
113228
120535
100416
107364
112276
112429
102185
106848
124413
100709
123564
100058
121614
125492
94134
99284
123219
107593
101964
108564
115213
111152
101338
103461
114984
104309
110536
113567
124525
120076
126543
105640
124665
97520
114059
102587
115438
108811
114897
105128
125800
121174
114242
120284
99507
97601
103072
125667
104635
109653
104289
109867
118211
119320
110338
116235
95578
119089
125854
102659
100235
123340
99263
101702
122453
110400
100724
100469
116059
96495
104356
124590
111067
113262
125345
109509
112356
106215
102656
109009
100804
115643
114089
96491
109248
101995
117802
105522
99849
104888
101969
96275
106731
97801
98809
97735
108358
96526
125476
110620
126274
112803
97866
124281
112959
118007
107505
125724
125451
99821
124542
126375
118104
114626
106827
117467
113261
123633
102393
110755
115995
105299
112904
109908
105715
101003
124580
103731
126134
96673
106946
123192
118285
118253
123756
125713
107898
116023
94297
109162
96911
113948
103105
120684
106590
100787
108143
104067
115248
106353
109336
102757
108666
103498
119019
106832
117260
113689
111465
126610
97676
123970
112247
108879
122659
94870
113074
114559
114294
125815
103938
111670
108760
107324
104818
97320
123837
106199
95551
99180
125810
124852
119342
114816
117260
120549
98083
96398
121503
105341
126448
104685
117936
98361
94827
117227
97260
111718
96195
106186
94234
105470
106516
100104
104782
125717
98872
124132
105567
102515
96737
126237
115612
111491
114148
111613
124859
117100
110808
101270
124178
99709
106464
104268
94474
108750
123845
112787
123856
95524
104520
112890
117325
116502
122294
120169
119897
105326
121020
102054
95019
99282
124029
123678
113684
118436
109282
120291
123758
124454
104241
124657
123855
109282
120546
123061
107906
118089
122030
106192
113207
125594
104936
111128
98553
94469
123408
99807
116321
102161
109734
125561
111881
111163
108860
108792
109124
121055
121295
99386
115468
113500
108375
117542
111932
102516
107677
122930
116992
94449
95053
121384
99977
106126
98124
107051
125957
111124
99403
111349
114638
95428
102813
122210
119521
125173
98373
112178
116627
116222
102228
102666
110719
125782
105074
109757
105411
102138
106170
95434
122476
109327
98763
97318
111662
126665
118555
103739
100185
112267
122767
109360
95496
118608
106313
114795
123291
100681
124354
112212
110952
122311
103448
115292
96686
109660
126377
111679
114122
119613
122592
94597
101550
108267
108111
117327
103054
101651
103422
101200
94940
114354
119555
94490
97911
95612
94547
123035
104992
100479
104920
100583
125229
113668
111812
119352
102529
116918
123428
114226
107963
122374
99000
105836
106158
107469
115458
114221
120082
98099
122013
96371
94840
106193
98768
113466
120964
102930
108387
98042
121174
126943
106673
115058
119881
118907
115199
126628
101088
106155
97548
121633
115197
99355
109545
111494
99156
95485
97803
99655
103200
106227
113567
115883
126484
114479
119581
95256
123797
107480
124192
118929
106534
122032
115317
108413
113700
122613
102514
113066
107187
106629
100233
118673
124152
126533
98333
123612
118153
98754
115091
98597
116769
104985
116653
117761
94617
105493
94739
113213
123923
97688
119347
97895
103289
98364
101195
112272
118310
98105
96452
117073
112098
119946
102082
103436
115988
104779
108793
118388
111667
116070
113602
116560
119678
94830
105326
122492
109805
116171
118234
122928
98919
116248
105027
107908
97333
106441
117596
106036
105399
105745
120734
108449
116309
120067
123872
120089
97465
120311
119847
101720
102971
118575
122559
106831
96413
97722
120203
114724
95225
123033
104857
126073
117495
96289
126201
120561
116547
103584
104144
115184
105023
96323
101800
119459
96757
118839
105482
95041
100943
117007
111439
109200
124554
115302
123059
101546
122600
124357
104619
108801
114341
107719
117881
104865
110125
123514
97789
104373
99724
117769
116174
112973
107302
107672
98185
113758
105128
100464
102505
99082
118846
125788
97304
107810
119815
120402
113605
113386
102854
108630
101239
115996
108762
122524
106913
120367
98416
108525
99574
123096
125943
116555
95358
118738
95188
100824
103914
117467
104023
119796
122405
118015
103662
100774
124971
127000
106905
120381
110110
102806
98462
104247
120983
111740
94846
126561
104506
115883
96807
114496
114061
106339
119659
105392
99082
99591
110001
123851
114034
120864
98027
105740
124517
118181
99016
115892
111920
94842
113194
106861
113126
109110
98010
120878
110258
101161
98171
116830
95083
113566
112572
95036
124777
111709
112850
94846
103831
101492
120358
115256
124618
111159
100938
123392
118353
112006
108594
102736
107726
100174
109729
109356
107844
119378
115681
124164
114800
119084
120759
95451
113245
116110
113046
123561
116275
95438
113939
100606
103503
118178
120473
100585
99993
105256
103006
111896
98066
125225
96149
112704
97453
97694
109542
96960
96864
101235
125723
101249
115834
98956
108316
102432
112695
106758
123933
98383
106898
108991
107798
110712
109402
123928
97395
126884
103816
116985
103693
113820
107984
98582
116570
120397
99958
104561
102112
109425
100195
101152
95216
126316
95608
102225
114064
117364
97314
114827
98233
103157
116015
102455
121283
118324
117472
106334
96541
98866
102463
124340
111681
111315
111538
117206
119271
121919
102353
102096
118905
126089
122485
113378
115144
98447
102929
121732
102141
124961
121158
117415
112850
111973
98481
121150
124930
121721
108296
99069
123389
106587
96101
102240
112097
124422
122337
115696
112038
102110
125541
101314
102296
98638
120253
112704
105483
102064
122094
114475
111434
115053
124618
104929
106448
120421
108481
109020
98491
124305
112634
116348
110717
97766
118691
120838
99285
112765
105861
107500
95486
100082
125915
110159
102182
114954
100196
120002
110113
112024
105655
99921
124511
115361
98263
113858
108827
112830
102919
105242
96470
101826
113119
120163
115204
107165
106912
116141
109573
106624
110533
119379
95830
110914
126426
100735
112137
104195
119185
103920
100210
124687
105491
127227
100388
125956
115604
95696
109852
95032
105258
113151
117051
100693
109791
118587
120826
125510
96773
119389
122969
108631
103881
125868
99352
118423
118283
107611
102186
98945
120429
111955
105319
125148
108970
111411
105601
119264
103722
113557
124985
127130
107219
100244
102098
106898
120097
100235
104390
99498
125305
125982
95929
126537
103610
114815
117931
95161
126486
96746
117105
104142
97312
106610
115046
120009
104485
95488
117598
105595
105408
112793
96987
126894
101545
96479
100996
111552
113358
99803
101074
95633
99493
95481
125197
107680
112064
120148
123511
100720
111522
96564
112583
97073
126161
96469
111832
104604
114220
119403
123043
100383
115327
117602
125291
99130
114773
95978
106807
110889
109069
99763
106117
103619
123952
115445
120125
102818
116226
123572
113636
117892
100439
99650
119058
125681
104104
103429
103718
95774
95846
121722
117816
124178
112782
99962
105551
102919
108926
122557
121812
106259
111367
95900
107591
101895
107715
106523
97585
102296
120489
120102
111450
118204
121310
95515
110651
111959
109518
97161
124342
99095
106364
103480
107013
104348
127254
110697
122865
120541
112589
98654
124740
104135
109028
97309
119168
123175
124678
117362
116433
101577
113884
118067
100161
127457
104927
103367
103467
114091
107115
126185
101874
108879
105493
95402
104946
104455
107327
115637
124087
123011
122602
107479
103533
116109
108235
126399
114584
123369
118688
95234
113670
101247
102852
106338
121345
127420
114177
106575
122825
97077
111782
121262
121153
108173
119514
125146
102376
127641
117296
126696
114443
102851
104060
98096
120889
126124
99812
120584
125944
112662
100154
115411
101046
107008
111241
119867
111106
121362
114669
118202
104956
96572
123048
124767
96010
101531
110195
118991
99277
116636
107794
103562
124756
106851
121387
114799
117647
123246
124760
96131
112646
122741
113275
119022
99530
96917
114770
108614
96684
101294
105803
115472
126382
120586
125081
126852
96951
115007
105863
98449
104843
117590
112396
117537
113145
105004
108960
100510
109399
101657
110415
115381
125227
108496
104972
109658
106539
119686
106567
101388
98152
113495
120770
105306
108998
116709
119456
98214
121775
97858
103103
114729
104712
116240
116551
122167
96100
121574
100483
126148
120952
126198
99824
122920
108752
111853
121492
120607
95936
98075
97169
107540
95644
127444
95482
124319
114987
103190
125157
121164
95578
119147
99522
117662
126510
103441
123115
117075
115708
104025
97916
95722
120796
102989
120676
109411
99419
97941
111804
116550
116336
123804
114520
116966
127666
101358
97948
107751
117447
103397
113041
127486
100128
105604
126520
119544
108771
107939
119583
115198
108585
119628
104241
106775
119402
107110
119762
111598
126261
118928
124204
124630
127269
97104
105667
100107
127248
113261
98896
118842
98689
113049
104140
127812
111721
103763
118219
96832
97553
98060
110859
110015
102483
126089
123469
122707
103690
120456
126819
114002
112839
117414
109707
103383
97478
119936
100603
106250
118560
98841
102845
119457
115777
100220
104125
113319
99485
116130
108065
121212
115359
112789
119256
108318
117986
102614
127862
103846
102564
97276
123455
114454
106616
123039
118657
106577
103226
102772
113960
99691
118600
113593
115340
101155
103919
103636
103309
121262
123684
101175
97762
97463
95605
97926
118958
97443
102975
115452
123476
105753
121376
95243
108685
124098
115119
121410
104120
119373
98923
125044
112241
123575
104434
103447
110180
117961
105844
101610
109411
103906
106342
104411
122807
123894
111995
102695
101556
110807
96464
121283
117393
115379
109158
111611
98934
101854
105942
119641
118485
123858
113728
107464
112126
103285
111493
101369
127726
122522
107958
110342
114792
125129
126156
127317
121416
99139
116377
115904
108819
96833
97534
98290
117714
116605
122463
115988
95265
118259
105044
113578
116867
99049
120481
106935
114936
108589
102505
96296
111058
97182
105886
118383
96452
98285
123580
127343
98364
115365
102583
98712
101618
115561
98097
111699
100801
123005
95985
115872
116151
126089
98449
120573
120936
119193
101238
119947
106631
124263
98566
98668
102583
119517
104468
119407
114334
113878
97439
116207
124987
97829
106429
115704
123770
109272
115666
117164
109574
112318
104709
123877
99167
124198
97781
113948
120620
124394
112807
115338
123346
115628
113604
107660
112965
100192
117761
112204
114719
111882
104926
127134
109807
99785
107411
105512
105427
99093
127815
124614
122441
124741
101764
124973
97602
124756
107496
121294
106872
117220
122909
99837
120322
126851
121611
111186
121125
110638
103499
100687
126830
111123
97759
116548
126205
105883
127009
110192
125220
119464
104954
99945
118833
99100
115028
109246
116615
120474
124882
126170
104436
97168
108478
118059
102974
117109
122179
118660
107007
120911
126940
126656
98995
110969
118796
127913
117520
97699
97616
111384
115350
119834
108626
96093
111974
102218
116063
104672
113239
117377
107291
100873
106311
126197
121203
121438
126895
124425
107732
95467
117114
97996
98714
105959
128024
124098
105420
127892
126414
119272
124678
95847
123728
95730
127670
121961
116113
99543
118411
111581
127450
102031
103211
104739
106522
99355
123685
99292
101245
101831
96294
126799
100671
104108
102511
123404
98755
110968
118918
104654
98271
113266
126252
120998
117370
121528
110992
109654
113754
118987
112066
102651
118327
107086
121194
120304
100116
105227
120506
111598
116431
113975
98721
122744
106230
100087
100162
105078
110044
110883
115108
100640
110572
117577
127915
118301
113470
121077
98631
111084
121192
119855
96235
121220
127895
112966
97089
118839
115934
98252
125468
125148
116429
107746
118702
113197
117830
109238
95483
113262
114316
110921
108173
114256
110749
101494
98921
122644
113858
97072
123459
101363
122980
123915
112110
117438
117281
113405
123414
125890
118303
128102
96049
111854
128160
108879
119987
116792
120535
119023
101505
117052
114171
111476
105129
99878
112793
96768
116048
108499
105006
98289
112876
109875
104693
117093
111795
112114
97790
115453
121682
122967
105344
110306
97251
114284
97648
123654
124697
108127
100434
113837
107710
123432
96848
126251
105824
98924
98953
99311
101447
120993
123563
121280
118186
121972
118468
115015
122146
98407
98133
106702
104542
113087
108969
121159
104985
114589
119396
106128
115017
116075
110175
107765
112793
111737
99763
116727
102938
108776
118036
101963
117557
112072
125281
110374
117989
111741
119160
97464
113699
107367
98895
120822
110241
120770
96577
102813
104378
100042
108709
121972
98729
125475
105125
111825
124666
99193
112206
123230
114751
115556
121571
127261
104964
104334
116087
121514
116485
107543
128186
106689
98974
109624
98068
106495
104322
126503
102128
125421
122544
95803
96603
119098
109219
109905
107213
101192
127689
108142
108102
101099
119607
126886
127645
96365
111771
125500
119317
125653
110706
126474
102450
116328
99707
113699
111051
124017
110699
99512
127839
124990
97506
99384
98733
124267
107166
97211
106622
113507
115439
100513
111558
117283
121450
106358
122603
123969
96994
110105
110181
107053
123284
108830
98183
96952
114082
100464
105116
115922
113347
96059
111414
99992
107576
113417
115395
112014
111618
103979
127329
117800
123474
108890
98548
120976
117057
104606
126581
125091
127169
96111
114061
96060
104147
114714
107106
114358
116731
121447
97713
103596
121841
128377
122653
111363
109210
112885
98758
102955
101686
102759
96030
112801
98267
105441
127992
107449
96034
128229
127970
109978
114208
126596
108213
103562
127128
127432
121962
100204
124270
102224
123695
121734
105823
99130
101306
118664
100848
110662
116702
98250
114852
120375
104284
126934
126578
100221
112379
118054
106358
107026
116187
118575
110311
118690
120070
120990
127817
119022
103752
114145
96996
104562
104257
120041
126068
96325
119224
111150
122914
124738
123442
112372
115891
106853
113603
120013
107776
108407
112677
109152
123302
123374
114439
122216
111358
125711
96167
120320
100176
115797
112803
114461
102723
97046
109069
127068
105112
98404
118205
107774
126744
112690
123371
107568
127947
99255
119293
114320
114283
117528
108957
115950
114968
117313
114191
121935
122445
107795
98753
119608
96531
100037
112164
121897
120181
118916
126907
119143
122163
105309
106610
124414
105659
102749
105520
124935
101460
123383
117679
96295
96669
120229
98700
121432
107830
115922
107930
115692
125117
128504
109180
117455
96508
108294
98675
121356
104544
116228
98420
118674
118189
105721
126590
108345
127729
128269
109098
120576
110775
128235
106116
114840
113020
114281
96793
121895
121191
102251
121937
98374
110132
125444
126207
125771
105330
100319
102967
127438
118510
105694
112736
128614
125295
109824
123017
102068
106403
96648
125185
96675
124762
117084
115745
117485
99570
102571
102765
126946
101650
113618
117980
127333
110236
106881
100467
104247
121052
122905
123928
118904
102918
109145
112550
99690
102879
116538
107325
112249
128186
117015
96732
101496
105126
114705
113201
114222
100070
125874
100783
126737
119713
110545
124386
125777
101851
118965
98303
124184
101796
113277
128704
104209
106127
120766
123502
127015
101478
113519
124735
109711
124956
107010
115171
98312
104707
101844
98906
111969
101951
99015
125192
124732
107643
107821
104971
112147
103387
114665
105164
106360
96817
128464
118228
121505
120179
107094
123106
122403
98925
109926
123194
127742
103347
120465
125503
96474
103642
113515
107076
114576
101863
105778
96672
104940
121608
108977
122880
101810
109698
117604
123906
115934
115435
115933
127231
107568
113561
105318
106279
109288
98650
103656
117204
98255
111973
118028
122904
118646
107665
107935
107416
122818
105669
103995
117150
97448
112304
106276
111209
107062
124858
123760
109256
100307
127034
110187
125927
127175
96745
124985
118120
124414
96919
114109
122293
113928
110364
98234
119957
102501
115346
97592
103422
101632
128449
122154
109355
112889
121563
113485
102381
104359
96618
101459
98886
118494
126598
101697
118324
110957
122187
115222
122827
119531
115594
116653
122246
100532
100031
97508
113887
97326
118083
116478
99613
111185
96195
128326
111726
109670
118513
100341
97077
99854
113017
122454
115109
111751
101943
102440
109455
117547
120487
128580
102008
125241
103837
108160
101871
111832
124470
124626
119326
100185
100110
121785
101534
110269
107955
128472
114576
125047
97882
123620
97001
96627
107473
99777
99341
100182
99253
113128
105376
104200
96997
124428
120216
119920
101942
107005
112535
100222
105321
127948
102777
121455
104026
124976
115752
120140
108153
100904
125624
111284
112766
97762
104880
127452
120921
115420
108709
117204
124776
123209
113166
123404
99053
100022
128339
128022
110271
120301
108327
113325
104512
126490
113688
119287
99726
126252
117092
126215
115966
127358
104463
99494
110790
122551
124466
123731
105209
125423
119446
111240
112057
110867
108161
126271
117672
123274
127440
121781
122015
111128
109894
97390
127651
111619
120612
97913
115476
114549
114170
110837
127016
98082
126396
101332
97944
122666
127768
112095
119705
123713
125191
109562
118542
108557
99491
126378
120316
103375
103224
119508
123198
96838
106141
126664
124026
112593
109509
107645
106835
100307
116625
118814
113376
105051
120296
108998
105821
109829
120586
116105
101921
109339
104225
119987
128976
104704
97306
101460
116434
118479
124338
120060
125444
116287
119764
108483
117677
98250
116514
113804
120499
115470
102354
126347
121871
114291
97979
128005
126078
117262
109743
123479
96889
119237
117772
98106
120936
109236
112782
124485
124691
120784
112999
102836
100441
98762
108946
110951
109092
108087
96868
127790
97692
115181
115812
106563
110235
96944
121436
111640
110433
101390
103088
118867
126090
97159
113391
111127
97597
120817
125352
101510
107429
100379
107135
126084
111013
126129
98431
100797
107975
121183
121522
108777
103542
108857
104175
127823
110958
127579
106228
124807
101744
105676
109493
116613
121914
123049
121587
108499
120502
126847
115471
99358
101746
118008
96545
97524
114512
105146
113989
107212
100479
121740
114997
127559
97705
127418
113949
124341
100206
122043
116394
114651
102930
96786
106084
127988
124274
118130
124735
118517
112957
103461
97388
116245
121184
108463
121205
102029
126658
127918
116873
123548
114738
99076
117525
104399
98206
124984
127124
125567
128901
99610
102311
107163
109742
128422
103784
128424
116763
107051
122619
117253
122169
113837
119143
114548
122969
109959
107428
106710
123235
111444
102134
107318
122569
113168
121209
103945
115899
109947
126716
125108
126106
117438
97298
108879
110766
111953
114535
123049
124955
119580
99665
126860
122641
111581
98727
119106
106308
100297
97238
124759
105628
125302
98609
111265
105005
98040
102793
105854
121705
112203
96766
113501
128404
106737
119316
106880
120185
111323
118538
113920
118108
125069
123239
117265
114479
104574
118997
118919
112393
127933
117298
117145
100819
96730
103397
119525
117829
123908
121966
103093
112145
117615
120641
110977
116061
102137
105429
101557
112247
113676
97016
100019
107460
97990
114277
104476
123386
122199
99992
99916
126095
115371
113377
123683
128626
105546
114616
113163
127736
102268
124752
101942
109337
100784
118895
101928
111324
110622
108412
106614
119568
127660
97754
110029
113469
116238
109428
117813
102362
117042
126617
110487
108736
121307
114187
99197
103391
121996
98642
102938
110640
113575
107350
121994
128234
123350
111405
100443
112889
111530
100146
116299
102060
117890
104023
104019
100270
98991
97212
101605
128311
128725
120960
97651
129155
111252
100311
110128
128900
105064
121180
129306
117204
112334
116137
97848
111085
104617
119077
117536
128668
122083
102686
105405
110771
103255
100120
104527
106751
101615
116324
111795
107129
120073
104436
103653
101568
121376
102509
105155
105159
100776
117886
98580
109003
123705
116593
108488
124041
116464
98303
128385
110253
99091
122729
127571
124045
124147
104132
98248
115479
119063
124564
119336
101384
108182
99485
102135
113248
127429
103414
111806
121618
111122
123743
110607
122367
112432
124372
115139
127781
121205
104803
105094
116756
102784
118842
118678
113058
111390
102404
101575
118240
118639
97142
108491
100941
98884
96804
129200
96841
110284
103066
105386
96716
126832
109224
98323
104535
113915
107005
125104
108587
102654
97015
114998
118202
100211
99770
126220
107355
115616
115072
127827
116033
105534
124976
109604
121262
119515
120881
119576
125284
121469
118912
107278
105565
127368
111360
122664
110267
103137
114962
126231
111106
98900
99942
124057
126597
129075
124433
112703
129310
110656
97759
121716
119074
122829
119786
100795
105108
120610
98923
103224
116889
119327
120273
119410
117804
113699
102672
110423
105235
125740
117820
119681
107282
103999
106838
127927
97630
101130
105318
119479
128596
124616
105417
123186
114027
120421
109005
106265
119144
106978
123003
107031
97489
100092
126644
124255
128675
108296
122240
116391
97095
101410
102562
119924
127427
100742
111984
119193
127278
97086
103393
102906
113254
108798
128488
103574
129541
118860
104704
97989
124560
104931
122376
122045
102130
97882
109394
117595
126249
122369
111863
126753
102720
118796
106349
121979
129149
126195
110683
120134
124123
104472
98731
98194
116922
101547
125665
129447
105174
111050
103596
126791
108150
129517
125627
103475
109542
119170
122834
108529
124198
123092
112669
124619
115428
107825
118212
101403
128424
107852
99263
117190
104271
115936
121580
121095
100538
97174
122207
100462
120775
127785
119801
125736
115072
118984
129596
101760
107667
110012
107613
119462
129027
99146
101275
122799
104988
101851
111824
112606
101292
125786
107846
126498
125808
129246
121291
102367
116173
111497
111624
109809
101568
106672
119310
106735
117784
98619
99378
98732
126435
119887
120091
120580
107302
126251
120857
98261
115921
106576
111032
125003
114929
117733
102038
128353
124968
114521
97393
117156
110426
116298
121220
116538
113066
121510
118292
127780
114341
115216
99398
105920
106684
105093
102963
128146
116728
105023
117310
123203
103657
100057
124326
121322
98272
108469
114007
99979
112734
112539
99590
122845
121035
104866
113788
109393
98923
120148
117554
129103
128399
105997
129567
99011
129544
125348
114638
106200
109537
121421
103091
102915
98382
98238
112063
97604
104159
111505
111410
113833
109305
103658
129457
122899
113031
124761
118680
106812
110317
121090
102545
129785
110909
127995
125286
116157
121518
114421
99859
97631
129098
119071
124448
103453
106726
122183
117549
128736
112727
129090
128463
108226
111331
106127
107674
101325
109814
113975
100735
124165
109334
115191
108889
129449
103961
128673
121282
126903
116630
109504
119083
125870
113305
128635
97580
122263
111771
99772
103192
106310
129713
119441
102101
116702
124675
110546
103402
120979
127616
97540
124122
108212
100048
98429
124081
108264
109706
109769
120540
97720
125352
120141
119101
129357
123960
103978
103551
120955
105812
127844
114343
99071
120915
127812
101356
104197
98881
112634
104905
126958
109965
121991
122960
100943
128514
104666
120257
125245
123128
127289
127067
123080
101836
128227
129650
125381
117389
118772
126146
123601
123128
111752
115459
123538
110503
122659
97982
98112
123781
113233
117854
110436
124293
124297
97930
108512
118932
107351
119730
121648
99276
127675
113128
97775
107754
120780
99570
111773
108290
104352
117405
118431
108913
125808
121172
111239
115476
126712
97520
122774
101815
118301
99794
108671
99792
128466
116271
101230
103022
117820
129452
117577
117100
111636
117547
110134
115690
122702
126180
99677
104189
111864
128695
123375
115878
118372
97984
105319
112897
118665
106541
101136
108479
106151
123980
106695
122326
114474
115176
111874
121719
119761
108246
113681
117313
101391
114635
114340
107444
98482
127601
113550
105448
115650
114105
120520
107647
108460
128114
129465
105432
98719
99867
116916
97413
125751
117237
102851
106752
116569
98397
104611
126873
101982
97881
123919
98995
107891
112497
127042
106800
116031
104896
125623
105258
111559
127050
121651
122596
120207
114576
122373
121344
121346
118882
119692
129778
100116
122101
108795
124596
124966
103477
106073
112315
123946
124764
110028
119595
98055
120260
129046
113991
117311
109305
121440
122411
116943
123667
102711
110013
117335
108867
101588
116193
98682
107691
121504
112108
121224
100211
116727
109148
118618
103449
107052
113862
119166
101640
112590
98319
125845
115309
98090
105695
114936
111174
99857
102995
105122
126651
102108
126706
101450
114354
97964
103907
128207
109726
98551
123997
122329
128919
99392
117598
97982
105136
128037
111008
124578
122501
119967
111049
102883
108819
107142
100577
126644
98253
105811
117002
103687
126956
122410
107627
112049
119046
122904
124014
99528
103906
122265
123179
107344
106379
108381
101668
117783
116387
120907
125234
116702
102138
101063
128191
126137
112991
127792
126518
109753
108470
99245
128952
128967
116555
97578
128017
128211
128358
102813
110570
120367
102944
129934
109375
118069
111988
110294
104212
123184
113305
100007
121700
109946
103823
103628
112987
117473
108281
128562
122309
125007
98858
118952
128965
120491
121218
122339
108490
101370
99579
108485
121535
123338
120575
121311
124290
103120
111485
117812
128152
113616
105787
109375
107551
123837
109934
123192
119811
118562
108936
107668
101493
107200
109393
118731
99993
104824
102201
124509
109951
119148
105708
125719
109397
128098
106024
125842
120539
114537
120779
124158
103703
110014
104753
124445
99145
117488
120252
103058
97569
127043
130228
125788
119600
127314
99154
98462
116125
130041
120087
127137
104217
110450
106082
120859
117780
110270
107842
104370
125489
111175
107657
103100
117752
122051
122146
117577
122060
120667
119204
98147
119068
129293
122918
109460
110301
97615
110166
104105
113207
101877
105413
117430
105086
107604
110213
106330
117605
99752
110070
112964
110190
122547
122845
107254
118949
115367
105398
123593
112782
102726
108620
111154
118876
100424
104326
113219
114787
99325
103556
129397
118224
111411
120810
112292
102808
115290
112252
107867
105390
115174
97772
106322
120441
117749
103407
104245
114309
109874
101270
108711
115321
103673
107740
125319
122697
102588
125564
122994
117932
120485
123397
115849
118225
107388
98863
125556
129613
110540
123760
98983
103257
98369
122571
101603
112954
103765
102121
107776
103680
114219
124778
101611
117363
103099
120445
104427
116299
121136
107694
121640
113823
121486
100096
116589
125856
125592
104252
102445
128647
108273
108168
99268
126156
110977
106043
112896
119193
125466
123632
112096
112510
125788
126426
127899
115814
118486
102487
123876
111050
130157
103879
121709
105764
100610
112542
99754
113831
125007
104376
116183
117805
128530
111853
108860
116337
105070
101862
118448
114302
101774
124462
124764
126311
97931
123276
111809
116793
106896
125329
108541
111150
125244
102765
99913
106275
126791
125959
112327
113228
118889
100428
105851
124199
98167
100294
108438
107182
119760
99185
126203
115409
120567
111307
101116
123427
103809
100651
105572
102868
128818
114003
127675
113631
123491
126792
128197
104324
110246
122978
116300
115193
109229
127391
105759
118621
113000
121916
124763
124909
117358
120967
108265
116090
111006
108271
108104
107803
107014
110429
125581
98591
118788
109255
100008
108357
97962
101122
111592
98096
130151
103639
119746
103701
119524
122970
114382
113847
110125
111479
99602
123029
114449
125646
99203
119137
105675
124097
127689
108981
125410
107210
119619
104962
114765
103698
121419
110793
108763
115776
115899
127757
106962
118159
111279
121096
129238
124196
127117
99101
130061
119454
119107
113422
116353
105454
130512
103791
109510
119401
122374
116570
100060
112155
97934
99429
127062
107359
104492
129233
106428
97965
105540
111620
130095
103090
125598
104249
106571
103590
103526
105591
120146
115418
118903
100799
117126
119184
99545
124042
99798
104976
100743
113011
124605
114680
100470
101424
105576
114900
106196
99270
128535
106990
107405
108285
130245
110696
112404
113938
106763
100231
98400
108205
98370
119122
113461
115474
99560
128348
129956
112027
124484
109022
117461
106342
117581
105224
98564
106827
103625
105625
98506
113169
103090
104878
112542
120033
108765
112343
100251
105466
108254
121456
97924
123815
120614
102191
130565
115054
100718
128249
112955
107403
105561
111610
109431
130205
117332
108020
126015
120734
114113
109015
99478
124952
110678
120211
108926
125590
104895
129578
98234
125273
110987
110089
117976
112973
116805
119192
113007
115516
113633
115216
100518
126272
101211
110221
125173
112766
118170
115556
115248
124689
102298
106422
107713
114245
122314
117061
114228
112902
130227
103047
128762
114328
103643
108281
105830
110984
120297
111030
115196
125666
120073
119368
108779
128420
109202
119742
128216
106099
103143
121342
126685
109453
104091
129373
102354
119039
130520
126061
110283
111896
103169
121878
129249
104733
129174
126441
103990
129598
104024
101552
106547
114377
123310
106314
118036
115614
99656
106934
128167
122339
109570
119917
119376
107768
127755
128501
108625
104621
116550
113331
108616
128947
111088
128769
115961
121425
120964
110464
119118
124248
111579
99247
102556
108889
115352
108221
105512
98837
113347
121500
115178
100917
130740
106839
114833
128828
121139
104613
99527
127417
115933
111550
117685
114113
115402
116589
118474
116636
99436
105575
122040
125119
126138
130011
99264
129274
109710
125514
110896
98291
130636
99481
125482
105171
115909
111461
98726
125503
102747
108694
126906
105610
120165
121655
110106
124969
115413
128389
114139
100967
106520
125253
113276
106074
103229
106075
106022
122901
108634
126873
105267
110623
104235
125397
110318
125732
101373
98622
119193
125419
128970
110832
124853
114056
109478
112837
120957
130003
115545
126318
126388
110616
107342
118467
123040
115728
101804
120920
112727
128272
103106
114769
122169
108929
123048
104567
99774
113296
112163
99723
122994
99878
130250
98522
106301
122139
118375
120849
116712
106919
125344
122707
126429
109081
121303
100745
112942
113611
120398
121593
122585
111189
105615
125467
126539
108289
117259
123559
104482
109695
129281
114419
119351
127706
107681
109436
130268
124843
104562
116930
126306
108173
126705
114522
98783
118224
123771
121406
107053
101234
129900
105319
119350
128586
117385
130718
113007
100231
120475
122511
115619
116825
122461
110623
114418
100334
100248
100351
105241
109984
112781
106113
110068
129901
106643
116139
106817
119975
111617
99723
126374
122092
106318
119497
100086
99161
128375
103299
105904
118267
105889
124500
104904
129414
115712
122806
111274
115018
119287
110987
116861
123746
110977
127222
123556
111919
122831
126575
128907
121861
103219
119831
123296
130595
129084
130632
107935
98281
117283
115313
126483
106821
117349
104481
122906
102255
121778
120929
109928
114390
115718
100167
100238
106842
121366
121800
120956
101563
106989
129486
123973
124241
105687
103050
112675
123134
118910
122636
101051
128610
117075
108817
127394
117837
105519
120348
102431
114042
109370
108744
107315
115834
111117
109660
102102
123886
122131
130720
118916
122617
127029
125935
129784
120309
114870
102798
106296
105317
99931
129596
116433
120107
116688
125194
123748
114172
124487
116333
120673
105232
101474
123794
130067
113182
99411
100337
116957
101255
112962
130341
131011
109778
124910
101627
99115
128856
115352
107977
112869
124736
101405
104705
106090
126638
126562
108549
127585
100664
102388
119613
104296
107418
109808
106344
103440
109482
112417
116015
119849
121998
115049
130816
102209
105260
113250
125209
129127
128738
113220
108515
105269
107127
124938
116866
100877
129362
113104
102314
115106
124138
103552
109236
124346
112254
102061
128753
113459
116998
121535
119614
99140
130921
105553
110552
105478
127728
109783
118898
100915
124411
103300
128133
118829
118515
111723
121320
112194
102271
129764
118176
124974
109563
99121
114425
101345
104230
100193
100566
112003
124442
103285
124229
122038
98434
115906
114518
112411
106759
104598
120622
105495
113163
101918
126039
120279
103066
106375
123482
99217
110493
120420
103312
127245
122193
130896
116277
100197
126200
114900
128958
113417
129743
104843
127596
105221
118847
100739
123170
124295
112215
125671
120180
116123
117882
114139
128000
106042
112469
125864
113409
99971
113684
115993
104225
121672
105430
114725
113295
100812
115550
112845
125522
128971
107275
112968
112093
109755
115466
101726
117987
106578
124874
107794
124780
119368
121520
100995
128041
102238
109325
126740
98564
100255
129869
103371
102908
104934
110193
102647
121392
129184
100799
114966
101177
101331
106167
119541
110269
111712
102730
116505
114241
119941
101959
121950
126271
115109
99862
110558
121209
99148
130984
103444
103820
99182
104366
123714
115144
103407
131081
119055
108351
126312
103298
130933
100636
101161
119228
121562
106551
100474
120678
98685
128230
123687
108213
113172
101141
116539
119826
114100
103577
116747
125712
121072
105921
109174
106400
108613
124974
107628
106376
127926
124901
112045
104465
126387
104099
130515
115712
121151
102769
111507
103880
121682
111735
106816
119294
129916
108821
117392
110093
104396
105008
106403
116523
118768
99018
123201
99724
109469
117462
105060
114645
131122
108106
119542
111315
121240
125557
122843
106861
125548
118163
128050
110807
116576
115871
120792
120073
127454
127848
124718
123248
128495
123623
114717
102883
106332
127440
114775
106456
100883
111463
112863
112600
102859
110741
129739
123696
124139
114491
106825
113130
114344
123846
113888
127227
101486
127236
115704
104638
98946
121398
126109
106401
123877
125798
119680
126239
98683
121850
103486
108782
111724
126858
112357
98937
120779
104687
104117
101520
99702
119708
108067
131422
105021
108338
111652
98972
116038
100686
104103
109061
108207
102821
122467
130570
115062
111700
128980
106182
115862
128625
122240
114484
126835
119014
114559
114336
103800
111999
115770
128603
99583
125505
116339
102323
120177
110334
111750
128546
123054
123174
128238
113094
125871
102880
128010
128529
115306
115289
114465
102594
117493
113244
118949
124180
119791
109860
127412
110389
107036
106606
120036
117753
131407
117202
118336
106704
121997
120402
117902
114678
106863
118836
128980
105705
127688
104205
104730
124192
126600
106015
110448
119034
101088
124132
120371
131317
118439
122347
123021
113440
125181
112611
118331
105683
125998
113910
130451
103581
110553
113752
114373
112766
106065
111135
109665
117846
127299
106837
126233
101534
106905
119883
115401
102742
102047
128817
101044
122174
106596
114916
103184
126281
125284
105991
125382
121935
101219
102997
100467
126722
123804
115765
131506
105507
115227
124559
103325
124150
110696
128223
115601
102899
101221
128392
124722
108478
128121
112234
114351
108633
122350
112566
99400
128153
112280
112897
103693
123350
129208
105624
104168
120807
106527
103700
114653
101197
117655
119086
107153
108463
101758
104916
107529
130695
110516
104060
130741
101914
126648
109496
128685
128173
126989
108554
107322
107510
128995
111354
127384
125137
106995
111207
115962
105268
106923
104987
120783
100965
118155
121250
115268
129386
129487
121947
117258
114626
124494
118735
122713
123474
115618
107586
125749
112802
103305
129928
119536
127561
125067
129562
120048
102566
116957
110185
107186
108753
112774
98930
121871
131537
110272
125843
118718
123664
129697
117917
107803
108300
121594
114218
119590
124494
118144
110897
100559
118432
121129
106455
125553
129659
120793
114824
116892
122047
99134
126791
111639
103590
116984
115010
103205
114171
109054
128682
105480
102791
108861
114369
121028
125389
101762
131637
104485
131063
129689
108460
126979
128271
107959
100000
111813
129906
108821
130157
100900
111746
113374
120744
127282
104092
117579
101811
128922
126794
118284
126606
125993
120249
111339
117488
113805
106861
119212
114839
122973
112947
118071
106716
128346
118359
111097
107914
127221
120856
119687
124912
101137
123737
109956
118325
116233
101017
117702
123628
112629
109093
130484
117480
129321
107660
121074
118098
121855
117588
118593
107000
119255
114667
121760
129512
106843
123104
101047
128574
119304
104275
123510
131386
127210
104619
126202
114070
103078
127111
125616
131094
112318
124662
126908
100192
126993
104170
127132
124430
128673
116970
131592
119554
99993
124424
118813
119801
110735
104211
102587
128611
130822
123917
128300
100979
103735
124895
122630
103538
109329
126028
121938
125016
100990
131620
110317
107421
127464
125370
123695
129357
131068
122775
113099
99419
101549
106864
125174
103479
103292
114518
129228
108450
103159
101677
114415
100802
99712
116831
114033
116081
120656
116178
125172
123611
130492
113687
104975
107336
103350
130532
110068
110390
106390
112836
105040
125611
124443
101389
129139
123849
126636
101394
117681
102307
105700
99739
100104
117071
99150
103826
103939
116541
119661
125183
126173
129734
102144
112951
123882
101896
122499
120911
123443
127986
110841
123351
105312
114331
100585
123845
124124
110552
105127
103344
124467
112653
106452
123967
108735
120643
99368
102112
117379
103547
118639
124349
120919
130882
127186
131564
103238
126854
118616
106981
107828
128936
115629
117818
100547
113874
122657
100994
108664
108939
107507
118934
129306
110217
103120
123905
103259
99782
110999
120753
102587
109526
126815
126963
110504
99191
100795
131742
131818
120682
120637
108429
110654
110209
105272
118099
131649
108026
116426
99883
119184
116235
117530
106798
100654
99518
123103
123849
117286
125695
125218
128877
127601
102387
117572
122760
101145
122508
128066
101301
123295
121179
121656
121391
118939
118949
110372
106124
129954
114360
102893
131240
131692
114303
99492
116703
126774
118869
125193
124543
124006
123159
113745
121212
118126
116605
126758
110694
104178
109482
130800
119193
111149
101633
111699
118452
124817
121403
109304
122188
113837
118710
99985
116705
127316
102416
129303
125712
120828
109301
130646
103179
101732
99893
127148
118087
119674
122138
121614
131700
103291
117240
109643
126130
117596
101893
110485
114178
125545
101227
126525
101114
123180
107932
122558
118206
125072
130022
99581
103723
115782
111175
124879
111701
99432
113794
131004
99892
100956
122738
131843
104858
120060
122015
111325
121192
120819
130063
101894
99586
123498
125023
101498
101632
121061
102674
116860
108583
116327
100136
112861
111767
100573
100338
123003
112965
105657
109094
104200
105388
117726
123183
118541
122304
115644
117446
130350
129060
120508
129734
99503
107676
126174
112956
118071
109765
124832
124606
124372
102660
130339
129791
121152
105404
118409
119200
104291
111812
114081
112968
104472
100632
116166
129270
105268
121550
121860
114582
108997
101708
105085
111059
113815
115129
113419
100909
109565
104369
107815
130891
117965
124477
103178
124050
122541
131330
102929
112886
110477
122296
123494
104464
104565
110046
129501
115057
112513
114860
110108
109111
101162
115018
117247
117982
119494
107839
102971
109400
120914
122668
130369
112479
100208
108986
107109
103690
128428
130769
107583
125854
114691
102155
105041
112807
123302
118120
114155
121160
124923
123715
122444
114128
108517
106628
122890
129933
120901
113688
117684
110821
112065
129182
110517
126882
103364
131427
121211
106894
130757
103313
109017
105280
119757
116643
100522
119093
127283
102172
113592
123683
124074
113273
107740
127369
113279
105316
109414
127371
119323
104234
119998
127741
121807
114031
118860
101566
123857
112417
129686
123719
102017
106922
105384
130435
125425
109162
124089
121826
129189
130660
127243
99753
121239
123447
118291
131212
110974
99921
118490
124542
112976
125791
110243
101832
103942
125703
116430
128856
122271
112858
121852
128860
126311
126852
116340
117776
128377
130630
129478
104148
122243
101031
110510
125826
124617
105062
113210
125438
110445
104882
114991
103951
129773
102813
126634
123245
123885
107215
118531
105499
121655
104567
124918
114422
104448
108424
117509
115855
122221
110113
108312
132150
112981
100172
105831
115543
106569
116460
122265
127242
101073
127473
118061
114661
129017
100046
114202
102932
129292
125485
129202
125868
109216
101345
105676
122685
114386
120860
106018
108711
130259
116962
122872
125486
121252
109501
111615
114640
101917
126899
114808
105685
118324
102261
102812
108457
99708
125913
121404
100327
113900
109194
108453
121526
101858
126206
101574
115032
116327
127913
100501
114176
107189
131441
109486
119524
114679
103265
115005
104340
109647
114849
130847
112778
112669
120486
131396
103682
126079
99750
103512
126732
117524
110927
103330
123359
113414
113080
122412
103024
116551
118936
108324
118339
102938
110262
107906
101505
106966
114080
124651
99660
125670
100768
117205
119631
113429
102380
123629
119705
125449
113949
119221
112555
127756
110562
116850
130511
121875
103414
117573
115628
101880
108879
125592
108312
131595
117657
130235
108845
125129
101858
105167
116639
110059
114327
124132
114764
130467
124847
119134
111381
110370
106278
101277
103917
112733
113581
107997
110383
102161
115104
107098
100917
105220
105528
104376
104998
105871
128770
128163
130831
111193
117647
108211
106806
118117
128877
108690
104107
121423
126551
113504
100127
123090
122025
118614
131577
119438
118295
122794
129703
124424
109725
116147
122674
107251
109497
116558
130326
132014
127961
124032
108624
118797
107023
108637
121016
103772
126988
131368
110993
122785
104524
123835
108383
104482
117390
114217
112632
109863
115847
130467
125150
124673
123607
109464
131020
101963
114236
124448
108943
116592
108806
112539
131863
116590
106699
102805
112846
116185
100443
126702
110633
118818
114166
123191
126844
123417
123325
101726
112658
124849
122983
121742
99965
101379
103989
122449
126251
129430
106024
111864
130362
126942
106865
126268
110989
119298
113449
108581
102432
103139
115778
99883
128408
107097
105406
106140
114463
114623
114462
99901
116334
120243
116510
108852
123947
115479
105631
130085
126070
111963
129509
116892
121279
129023
101378
104619
104922
122195
116882
132564
110933
107650
117673
126760
108809
131278
119306
121521
129519
108061
107418
99854
125749
130741
131604
125533
104081
126532
126973
112478
100054
116259
123867
100820
107717
118491
113570
123183
124453
101097
132207
104553
127766
104126
125560
124462
112034
117258
124227
108607
100245
130618
128023
130584
127630
106047
130737
128721
112215
123794
110135
120386
100722
124021
119410
111978
116724
120699
108343
131602
132247
110666
101926
106925
110602
129440
102552
113539
117387
102548
114130
126478
119736
107807
113023
127908
126114
107482
101981
129623
122916
126217
104758
111386
132467
130265
106514
121893
110837
125158
125355
117402
108375
120576
125217
112488
116442
119087
119279
119663
121581
105204
108574
124646
118273
125906
106680
131066
109977
111373
124544
128184
111776
116914
104160
113709
118784
110551
101155
123596
119152
118308
115172
106000
115853
113811
130246
115554
105005
103795
124518
108092
105968
123827
119950
106895
125464
104285
129708
118882
118170
107361
106626
113084
120948
108692
110878
127941
131650
119288
112141
131624
106252
116286
103116
127931
104035
119433
103551
131938
102572
111221
109029
